"deal_id","target_name","target_ticker","date_announced","target_cik","cik_source","cik_confidence","sec_company_name","matched","manual_review"
"4032878020","Medicale Corp","MCLE",2022-12-28,"   1827855","sec_bulk","high","Medicale Corp.",TRUE,FALSE
"3995248020","ABIOMED Inc","ABMD",2022-11-01,"0000815094","historical_db","high","ABIOMED INC",TRUE,FALSE
"3991677020","Applied Genetic Technologies Corp","AGTC",2022-10-23,"0001273636","historical_db","high","APPLIED GENETIC TECHNOLOGIES CORP",TRUE,FALSE
"3989580020","Akouos Inc","AKUS",2022-10-18,"0001722271","historical_db","high","Akouos, Inc.",TRUE,FALSE
"3988975020","Archaea Energy Inc","LFG",2022-10-17,"0001823766","historical_db","high","Archaea Energy Inc.",TRUE,FALSE
"3984432020","Logicbio Therapeutics Inc","LOGC",2022-10-03,"   2064307","sec_bulk","high","ContextLogic Holdings Inc.",TRUE,FALSE
"3981993020","BTRS Holdings Inc","BTRS",2022-09-28,"0001774155","historical_db","high","0001774155 (see all company filings)",TRUE,FALSE
"3976941020","Renovacor Inc","RCOR",2022-09-20,"0001799850","historical_db","high","Renovacor, Inc.",TRUE,FALSE
"3976974020","Electric Last Mile Solutions Inc","ELMS",2022-09-16,NA,NA,NA,NA,FALSE,TRUE
"3985850020","Driven Brands Holdings Inc","DRVN",2022-09-12,"   1804745","sec_bulk","high","Driven Brands Holdings Inc.",TRUE,FALSE
"3972380020","Evergreen Gaming Corp","TNA",2022-09-08,NA,NA,NA,NA,FALSE,TRUE
"3970859020","Brigham Minerals Inc","MNRL",2022-09-06,"0001745797","historical_db","high","MNRL Sub Inc.",TRUE,FALSE
"3971041020","ChannelAdvisor Corp","ECOM",2022-09-06,"0001169652","historical_db","high","CHANNELADVISOR CORP",TRUE,FALSE
"3969179020","Forma Therapeutics Holdings Inc","FMTX",2022-09-01,"0001538927","historical_db","high","Forma Therapeutics Holdings, Inc.",TRUE,FALSE
"3968378020","Rodedawg International Industries Inc","RWGI",2022-08-30,NA,NA,NA,NA,FALSE,TRUE
"3964886020","Computer Services Inc","CSVI",2022-08-22,NA,NA,NA,NA,FALSE,TRUE
"3965344020","Aerie Pharmaceuticals Inc","AERI",2022-08-22,"0001337553","historical_db","high","AERIE PHARMACEUTICALS INC",TRUE,FALSE
"3962607020","Hill International Inc","APGO",2022-08-16,NA,NA,NA,NA,FALSE,TRUE
"3959809020","BBQ Holdings Inc","BBQ",2022-08-09,"0001021270","historical_db","high","BBQ HOLDINGS, INC.",TRUE,FALSE
"3961280020","CarLotz Inc","LOTZ",2022-08-09,"0001759008","historical_db","high","CarLotz, Inc.",TRUE,FALSE
"3958422020","Global Blood Therapeutics Inc","GBT",2022-08-08,"0001629137","historical_db","high","Global Blood Therapeutics, Inc.",TRUE,FALSE
"3959012020","Avalara Inc","AVLR",2022-08-08,"0001348036","historical_db","high","AVALARA, INC.",TRUE,FALSE
"3959200020","Cyberoptics Corp","CYBE",2022-08-08,"0000768411","historical_db","high","CYBEROPTICS CORP",TRUE,FALSE
"3957825020","ChemoCentryx Inc","CCXI",2022-08-04,"   2074973","sec_bulk","high","Churchill Capital Corp XI",TRUE,FALSE
"3957273020","Ping Identity Holding Corp","PING",2022-08-03,"0001679826","historical_db","high","Ping Identity Holding Corp.",TRUE,FALSE
"3956327020","Romeo Power Inc","RMO",2022-08-01,"0001757932","historical_db","high","Romeo Power, Inc.",TRUE,FALSE
"3955213020","PBF Logistics LP","PBFX",2022-07-28,"0001582568","historical_db","high","PBF Logistics LP",TRUE,FALSE
"3955298020","Realnetworks Inc","RNWK",2022-07-28,"0001046327","historical_db","high","REALNETWORKS INC",TRUE,FALSE
"3954778020","Pzena Investment Management Inc","PZN",2022-07-26,"0001399249","historical_db","high","Pzena Investment Management, Inc.",TRUE,FALSE
"3953827020","Infrastructure & Energy Alternatives Inc","IEA",2022-07-25,"0001652362","historical_db","high","Infrastructure & Energy Alternatives, Inc.",TRUE,FALSE
"3953858020","Zymergen Inc","ZY",2022-07-25,"   2025180","sec_bulk","high","China Tobacco & Alcohol Group Ltd",TRUE,FALSE
"3957993020","AutoWeb Inc","AUTO",2022-07-25,"0001023364","historical_db","high","AutoWeb, Inc.",TRUE,FALSE
"3952843020","Hanger Inc","HGR",2022-07-21,NA,NA,NA,NA,FALSE,TRUE
"3947812020","Sharps Compliance Corp","SMED",2022-07-12,NA,NA,NA,NA,FALSE,TRUE
"3947447020","La Jolla Pharmaceutical Co","LJPC",2022-07-11,NA,NA,NA,NA,FALSE,TRUE
"3970497020","Pareteum Corp","TEUM",2022-07-11,"0001084384","historical_db","high","PARETEUM Corp",TRUE,FALSE
"3945651020","Tyme Technologies Inc","TYME",2022-07-05,"0001537917","historical_db","high","TYME TECHNOLOGIES, INC.",TRUE,FALSE
"3940821020","Epizyme Inc","EPZM",2022-06-27,NA,NA,NA,NA,FALSE,TRUE
"3938992020","Zendesk Inc","ZEN",2022-06-24,"0001463172","historical_db","high","Zendesk, Inc.",TRUE,FALSE
"3939722020","USA Truck Inc","USAK",2022-06-24,"0000883945","historical_db","high","USA TRUCK INC",TRUE,FALSE
"3938924020","Radius Health Inc","RDUS",2022-06-23,NA,NA,NA,NA,FALSE,TRUE
"3938311020","Ocean Bio-Chem Inc","OBCI",2022-06-22,NA,NA,NA,NA,FALSE,TRUE
"3939375020","US Well Services Inc","USWS",2022-06-21,"0001670349","historical_db","high","U.S. WELL SERVICES HOLDINGS, LLC",TRUE,FALSE
"3933870020","Peoples Sidney Financial Corp","PSFC",2022-06-14,NA,NA,NA,NA,FALSE,TRUE
"3933180020","Protext Mobility Inc","TXTM",2022-06-13,NA,NA,NA,NA,FALSE,TRUE
"3929024020","Turning Point Therapeutics Inc","TPTX",2022-06-03,NA,NA,NA,NA,FALSE,TRUE
"3927226020","CatchMark Timber Trust Inc","CTT",2022-05-31,"0001341141","historical_db","high","CatchMark Timber Trust, Inc.",TRUE,FALSE
"3938549020","KKR & Co Inc","KKR",2022-05-31,"   1404912","sec_bulk","high","KKR & Co. Inc.",TRUE,FALSE
"3925833020","Liberty Bancshares Inc","LBSI",2022-05-26,NA,NA,NA,NA,FALSE,TRUE
"3924987020","Covetrus Inc","CVET",2022-05-25,"0001752836","historical_db","high","COVETRUS, INC.",TRUE,FALSE
"3936695020","Nuveen Enhanced Municipal Value Fund","NEV",2022-05-24,"0001469392","historical_db","high","Nuveen Enhanced Municipal Value Fund",TRUE,FALSE
"3924991020","CynergisTek Inc","CTEK",2022-05-23,"0001011432","historical_db","high","CYNERGISTEK, INC",TRUE,FALSE
"3934476020","Enova International Inc","ENVA",2022-05-19,"   1529864","sec_bulk","high","Enova International, Inc.",TRUE,FALSE
"3950461020","Vestin Realty Mortgage I Inc","VRTA",2022-05-18,NA,NA,NA,NA,FALSE,TRUE
"3919819020","ManTech International Corp","MANT",2022-05-16,"0000892537","historical_db","high","MANTECH INTERNATIONAL CORP",TRUE,FALSE
"3919987020","Rattler Midstream Partners LP","RTLR",2022-05-16,"0001748773","historical_db","high","RATTLER MIDSTREAM LP",TRUE,FALSE
"3918059020","Switch Inc","SWCH",2022-05-11,"0001710583","historical_db","high","Switch, Inc.",TRUE,FALSE
"3918598020","Trecora Resources","ARSD",2022-05-11,NA,NA,NA,NA,FALSE,TRUE
"3919111020","Redbox Entertainment Inc","RDBX",2022-05-11,NA,NA,NA,NA,FALSE,TRUE
"3936422020","Dthera Sciences","DTHRD",2022-05-11,NA,NA,NA,NA,FALSE,TRUE
"3917838020","Biohaven Pharmaceutical Holding Co Ltd","BHVN",2022-05-10,"   1935979","sec_bulk","high","Biohaven Ltd.",TRUE,FALSE
"3917881020","Duke Realty Corp","DRE",2022-05-10,"0000783280","historical_db","high","DUKE REALTY CORP",TRUE,FALSE
"3917579020","Hemisphere Media Group Inc","HMTV",2022-05-09,"0001567345","historical_db","high","HEMISPHERE MEDIA GROUP, INC.",TRUE,FALSE
"3917607020","ServiceSource International Inc","SREV",2022-05-09,NA,NA,NA,NA,FALSE,TRUE
"3917087020","Watermark Lodging Trust Inc","WRMK",2022-05-06,"0001609471","historical_db","high","Watermark Lodging Trust, Inc.",TRUE,FALSE
"3916879020","CCOM Group Inc","CCOM",2022-05-02,NA,NA,NA,NA,FALSE,TRUE
"3915190020","GTY Technology Holdings Inc","GTYH",2022-04-29,NA,NA,NA,NA,FALSE,TRUE
"3912535020","PS Business Parks Inc","PSB",2022-04-25,NA,NA,NA,NA,FALSE,TRUE
"3910535020","American Campus Communities Inc","ACC",2022-04-19,NA,NA,NA,NA,FALSE,TRUE
"3911215020","Checkmate Pharmaceuticals Inc","CMPI",2022-04-19,NA,NA,NA,NA,FALSE,TRUE
"3920269020","Coeptis Therapeutics Inc","COEP",2022-04-19,"   1759186","sec_bulk","high","Coeptis Therapeutics Holdings, Inc.",TRUE,FALSE
"3906004020","Natus Medical Inc","NTUS",2022-04-18,NA,NA,NA,NA,FALSE,TRUE
"3902805020","Twitter Inc","TWTR",2022-04-14,"0001418091","historical_db","high","TWITTER, INC.",TRUE,FALSE
"3904087020","Vidler Water Resources Inc","VWTR",2022-04-14,"0000830122","historical_db","high","VIDLER WATER RESOURCES, INC.",TRUE,FALSE
"3902102020","Sierra Oncology Inc","SRRA",2022-04-13,NA,NA,NA,NA,FALSE,TRUE
"3902255020","Antares Pharma Inc","ATRS",2022-04-13,NA,NA,NA,NA,FALSE,TRUE
"3900673020","Sailpoint Technologies Holdings Inc","SAIL",2022-04-11,"   2030781","sec_bulk","high","SailPoint, Inc.",TRUE,FALSE
"3900857020","Datto Holding Corp","MSP",2022-04-11,NA,NA,NA,NA,FALSE,TRUE
"3899664020","CDK Global Inc","CDK",2022-04-07,NA,NA,NA,NA,FALSE,TRUE
"3899421020","Tufin Software Technologies Ltd","TUFN",2022-04-06,NA,NA,NA,NA,FALSE,TRUE
"3981603020","Quadlogic Controls Corp","QDLC",2022-04-06,NA,NA,NA,NA,FALSE,TRUE
"3113593020","Tivity Health Inc","HWAY",2022-04-05,NA,NA,NA,NA,FALSE,TRUE
"3898058020","Manning & Napier Inc","MN",2022-04-01,"0001524223","historical_db","high","Manning & Napier, Inc.",TRUE,FALSE
"3307784020","Plantronics Inc","POLY",2022-03-28,"0000914025","historical_db","high","PLANTRONICS INC /CA/",TRUE,FALSE
"3895391020","Randolph Bancorp Inc","RNDB",2022-03-28,"0001667161","historical_db","high","Randolph Bancorp, Inc.",TRUE,FALSE
"3894888020","Neenah Inc","NP",2022-03-25,"   2067129","sec_bulk","high","Neptune Insurance Holdings Inc.",TRUE,FALSE
"4222264020","International Baler Corp","IBAL",2022-03-25,NA,NA,NA,NA,FALSE,TRUE
"3890852020","Alleghany Corp","Y",2022-03-21,"0000775368","historical_db","high","ALLEGHANY CORP /DE",TRUE,FALSE
"3891174020","Huttig Building Products Inc","HBP",2022-03-21,"0001093082","historical_db","high","HUTTIG BUILDING PRODUCTS INC",TRUE,FALSE
"3890678020","Anaplan Inc","PLAN",2022-03-20,NA,NA,NA,NA,FALSE,TRUE
"3890790020","Nielsen Holdings Plc","NLSN",2022-03-20,"0001492633","historical_db","high","Nielsen Holdings plc",TRUE,FALSE
"3890818020","TNR Technical Inc","TNRK",2022-03-18,NA,NA,NA,NA,FALSE,TRUE
"3890212020","Marrone Bio Innovations Inc","MBII",2022-03-16,NA,NA,NA,NA,FALSE,TRUE
"3890680020","Summer Infant Inc","SUMR",2022-03-16,NA,NA,NA,NA,FALSE,TRUE
"3887802020","Volt Information Sciences Inc","VOLT",2022-03-12,NA,NA,NA,NA,FALSE,TRUE
"3884563020","Mandiant Inc","MNDT",2022-03-08,"0001370880","historical_db","high","Mandiant, Inc.",TRUE,FALSE
"3885639020","Torrington Water Co","TORW",2022-03-08,NA,NA,NA,NA,FALSE,TRUE
"2730759020","Whiting Petroleum Corp","WLL",2022-03-07,NA,NA,NA,NA,FALSE,TRUE
"3187897020","Cedar Realty Trust Inc","CDR",2022-03-02,NA,NA,NA,NA,FALSE,TRUE
"3883327020","Prudential Bancorp Inc","PBIP",2022-03-02,NA,NA,NA,NA,FALSE,TRUE
"3810719020","Healthcare Trust of America Inc","HTA",2022-02-28,NA,NA,NA,NA,FALSE,TRUE
"3880092020","Renewable Energy Group Inc","REGI",2022-02-28,"0001463258","historical_db","high","Renewable Energy Group, Inc.",TRUE,FALSE
"3880516020","Corporate Property Associates 18 Global Inc","CPYA",2022-02-28,NA,NA,NA,NA,FALSE,TRUE
"3880588020","IntriCon Corp","IIN",2022-02-28,NA,NA,NA,NA,FALSE,TRUE
"3881444020","Liberty Bancorp","LIBC",2022-02-28,NA,NA,NA,NA,FALSE,TRUE
"3889098020","Rockford Corp","ROFO",2022-02-24,NA,NA,NA,NA,FALSE,TRUE
"3878328020","Tenneco Inc","TEN",2022-02-23,"   1166663","sec_bulk","high","TSAKOS ENERGY NAVIGATION LTD",TRUE,FALSE
"3877757020","Meritor Inc","MTOR",2022-02-22,NA,NA,NA,NA,FALSE,TRUE
"3877772020","Houghton Mifflin Harcourt Co","HMHC",2022-02-22,NA,NA,NA,NA,FALSE,TRUE
"3875287020","Preferred Apartment Communities Inc","APTS",2022-02-16,"0001481832","historical_db","high","PREFERRED APARTMENT COMMUNITIES INC",TRUE,FALSE
"3874080020","Cornerstone Building Brands Inc","CNR",2022-02-14,"   1710366","sec_bulk","high","Core Natural Resources, Inc.",TRUE,FALSE
"3874146020","Biodelivery Sciences International Inc","BDSI",2022-02-14,"0001103021","historical_db","high","BIODELIVERY SCIENCES INTERNATIONAL INC",TRUE,FALSE
"3874329020","Resonant Inc","RESN",2022-02-14,NA,NA,NA,NA,FALSE,TRUE
"3874030020","United Communications Partners Inc","UCPA",2022-02-10,NA,NA,NA,NA,FALSE,TRUE
"3872375020","US Ecology Inc","ECOL",2022-02-09,NA,NA,NA,NA,FALSE,TRUE
"3870084020","SOC Telemed Inc","TLMD",2022-02-03,NA,NA,NA,NA,FALSE,TRUE
"3378680020","Citrix Systems Inc","CTXS",2022-01-31,"0000877890","browse_edgar","high","CITRIX SYSTEMS INC",TRUE,FALSE
"3868387020","CBM Bancorp Inc","CBMB",2022-01-28,NA,NA,NA,NA,FALSE,TRUE
"3865742020","Resource REIT Inc","RREO",2022-01-24,NA,NA,NA,NA,FALSE,TRUE
"3865829020","Exterran Corp","EXTN",2022-01-24,"0001635881","browse_edgar","high","Exterran Corp",TRUE,FALSE
"3863536020","Zogenix Inc","ZGNX",2022-01-19,NA,NA,NA,NA,FALSE,TRUE
"3864933020","Denmark Bancshares Inc","DMKBA",2022-01-19,NA,NA,NA,NA,FALSE,TRUE
"3859421020","Apria Inc","APR",2022-01-10,NA,NA,NA,NA,FALSE,TRUE
"3859429020","Zynga Inc","ZNGA",2022-01-10,NA,NA,NA,NA,FALSE,TRUE
"3859600020","Comunibanc Corp","CBCZ",2022-01-10,NA,NA,NA,NA,FALSE,TRUE
"3863811020","iGo Inc","IGOI",2022-01-07,NA,NA,NA,NA,FALSE,TRUE
"3858147020","Vocera Communications Inc","VCRA",2022-01-06,NA,NA,NA,NA,FALSE,TRUE
"3857908020","Castlight Health Inc","CSLT",2022-01-05,NA,NA,NA,NA,FALSE,TRUE
"3851185020","Ortho Clinical Diagnostics Holdings PLC","OCDX",2021-12-23,NA,NA,NA,NA,FALSE,TRUE
"3847595020","Cerner Corp","CERN",2021-12-20,NA,NA,NA,NA,FALSE,TRUE
"3849250020","Bluerock Residential Growth REIT Inc","BRG",2021-12-20,"0001442626","browse_edgar","high","Bluerock Residential Growth REIT, Inc.",TRUE,FALSE
"3849341020","Hexion Holdings Corp","HXOH",2021-12-20,NA,NA,NA,NA,FALSE,TRUE
"3848920020","Verso Corp","VRS",2021-12-19,NA,NA,NA,NA,FALSE,TRUE
"3847933020","Bottomline Technologies Inc","EPAY",2021-12-17,NA,NA,NA,NA,FALSE,TRUE
"3846599020","CMC Materials Inc","CCMP",2021-12-15,NA,NA,NA,NA,FALSE,TRUE
"3845751020","Terminix Global Holdings Inc","TMX",2021-12-14,"0001428875","browse_edgar","high","TERMINIX GLOBAL HOLDINGS INC",TRUE,FALSE
"4222003020","SolarWindow Technologies Inc","WNDW",2021-12-14,"   1071840","sec_bulk","high","SolarWindow Technologies, Inc.",TRUE,FALSE
"3830079020","SPX FLOW Inc","FLOW",2021-12-13,NA,NA,NA,NA,FALSE,TRUE
"3845384020","Arena Pharmaceuticals Inc","ARNA",2021-12-13,NA,NA,NA,NA,FALSE,TRUE
"3845920020","Nuverra Environmental Solutions Inc","NES",2021-12-13,NA,NA,NA,NA,FALSE,TRUE
"3850265020","MPB BHC Inc","MPHX",2021-12-08,NA,NA,NA,NA,FALSE,TRUE
"3841501020","GCP Applied Technologies Inc","GCP",2021-12-06,"0001644440","browse_edgar","high","GCP Applied Technologies Inc.",TRUE,FALSE
"3841873020","Del Taco Restaurants Inc","TACO",2021-12-06,"   2033122","sec_bulk","high","Berto Acquisition Corp.",TRUE,FALSE
"3831012020","Razer Inc","1337",2021-12-02,NA,NA,NA,NA,FALSE,TRUE
"3839771020","SLR Senior Investment Corp","SUNS",2021-12-01,"   2012706","sec_bulk","high","Sunrise Realty Trust, Inc.",TRUE,FALSE
"3838406020","Lincoln Park Bancorp","LPBC",2021-11-23,NA,NA,NA,NA,FALSE,TRUE
"3833953020","Vonage Holdings Corp","VG",2021-11-22,"   2007855","sec_bulk","high","Venture Global, Inc.",TRUE,FALSE
"3834764020","Goodrich Petroleum Corp","GDP",2021-11-22,NA,NA,NA,NA,FALSE,TRUE
"3834296020","Spirit of Texas Bancshares Inc","STXB",2021-11-19,NA,NA,NA,NA,FALSE,TRUE
"3832761020","Dicerna Pharmaceuticals Inc","DRNA",2021-11-18,NA,NA,NA,NA,FALSE,TRUE
"3443262020","CyrusOne Inc","CONE",2021-11-15,NA,NA,NA,NA,FALSE,TRUE
"3830696020","CoreSite Realty Corp","COR",2021-11-15,"   1140859","sec_bulk","high","Cencora, Inc.",TRUE,FALSE
"3831126020","Casper Sleep Inc","CSPR",2021-11-15,NA,NA,NA,NA,FALSE,TRUE
"3830299020","ProPhotonix Ltd","STKR",2021-11-11,NA,NA,NA,NA,FALSE,TRUE
"3828445020","Guaranty Federal Bancshares Inc","GFED",2021-11-09,NA,NA,NA,NA,FALSE,TRUE
"3824126020","McAfee Corp","MCFE",2021-11-08,"0001783317","browse_edgar","high","McAfee Corp.",TRUE,FALSE
"3824536020","CorePoint Lodging Inc","CPLG",2021-11-08,NA,NA,NA,NA,FALSE,TRUE
"3827342020","Allegiance Bancshares Inc","ABTX",2021-11-08,"0001642081","browse_edgar","high","Allegiance Bancshares, Inc.",TRUE,FALSE
"3827434020","Zix Corp","ZIXI",2021-11-08,NA,NA,NA,NA,FALSE,TRUE
"3827700020","Metromile Inc","MILE",2021-11-08,NA,NA,NA,NA,FALSE,TRUE
"3828691020","Dover Motorsports Inc","DVD",2021-11-08,NA,NA,NA,NA,FALSE,TRUE
"3823934020","Monmouth Real Estate Investment Corp","MNR",2021-11-05,"   1980088","sec_bulk","high","MACH NATURAL RESOURCES LP",TRUE,FALSE
"3823621020","Level One Bancorp Inc","LEVL",2021-11-04,NA,NA,NA,NA,FALSE,TRUE
"3823769020","NeoPhotonics Corp","NPTN",2021-11-04,NA,NA,NA,NA,FALSE,TRUE
"3822292020","Iowa First Bancshares Corp","IOFB",2021-11-01,NA,NA,NA,NA,FALSE,TRUE
"3819125020","Oasis Midstream Partners LP","OMP",2021-10-26,NA,NA,NA,NA,FALSE,TRUE
"3818423020","PAE Inc","PAE",2021-10-25,NA,NA,NA,NA,FALSE,TRUE
"3818810020","Dawson Geophysical Co","TGE",2021-10-25,"   2053456","sec_bulk","high","Generation Essentials Group",TRUE,FALSE
"3818121020","FTS International Inc","FTSI",2021-10-22,NA,NA,NA,NA,FALSE,TRUE
"3816728020","TriState Capital Holdings Inc","TSC",2021-10-20,NA,NA,NA,NA,FALSE,TRUE
"3814603020","RR Donnelley & Sons Co","RRD",2021-10-12,NA,NA,NA,NA,FALSE,TRUE
"3812049020","Aspen Technology Inc","AZPN",2021-10-11,"0001897982","browse_edgar","high","Aspen Technology, Inc.",TRUE,FALSE
"3812385020","Flexion Therapeutics Inc","FLXN",2021-10-11,NA,NA,NA,NA,FALSE,TRUE
"3812474020","Adamas Pharmaceuticals Inc","ADMS",2021-10-11,NA,NA,NA,NA,FALSE,TRUE
"3812213020","Agjunction Inc","AJX",2021-10-07,NA,NA,NA,NA,FALSE,TRUE
"3809885020","Elmira Savings Bank FSB, Elmira,New York","ESBK",2021-10-04,NA,NA,NA,NA,FALSE,TRUE
"3805445020","Acceleron Pharma Inc","XLRN",2021-09-30,NA,NA,NA,NA,FALSE,TRUE
"3768076020","Kraton Corp","KRA",2021-09-27,NA,NA,NA,NA,FALSE,TRUE
"3800377020","Great Western Bancorp Inc","GWB",2021-09-16,NA,NA,NA,NA,FALSE,TRUE
"3799747020","Greensky Inc","GSKY",2021-09-15,"0001712923","browse_edgar","high","GreenSky, Inc.",TRUE,FALSE
"3806617020","Fiduciary/Claymore MLP Opportunity Fund","FMO",2021-09-15,NA,NA,NA,NA,FALSE,TRUE
"3797038020","Echo Global Logistics Inc","ECHO",2021-09-10,NA,NA,NA,NA,FALSE,TRUE
"3795389020","Kadmon Holdings Inc","KDMN",2021-09-08,NA,NA,NA,NA,FALSE,TRUE
"3795893020","JMP Group Inc","JMP",2021-09-08,NA,NA,NA,NA,FALSE,TRUE
"3795096020","Columbia Property Trust Inc","CXP",2021-09-07,NA,NA,NA,NA,FALSE,TRUE
"3795957020","Pacific Enterprise Bancorp","PEBN",2021-09-07,NA,NA,NA,NA,FALSE,TRUE
"3777920020","Hill-Rom Holdings Inc","HRC",2021-09-02,NA,NA,NA,NA,FALSE,TRUE
"3791311020","Diversicare Healthcare Services Inc","DVCR",2021-08-27,NA,NA,NA,NA,FALSE,TRUE
"3787201020","Inovalon Holdings Inc","INOV",2021-08-19,NA,NA,NA,NA,FALSE,TRUE
"3786260020","Engagement Labs Inc","EL",2021-08-13,"   1001250","sec_bulk","high","ESTEE LAUDER COMPANIES INC",TRUE,FALSE
"3784691020","IEC Electronics Corp","IEC",2021-08-12,NA,NA,NA,NA,FALSE,TRUE
"3783566020","Vine Energy Inc","VEI",2021-08-11,NA,NA,NA,NA,FALSE,TRUE
"3784841020","ExOne Co","XONE",2021-08-11,"0001561627","browse_edgar","high","ExOne Co",TRUE,FALSE
"4222259020","Telkonet Inc","TLKO",2021-08-10,NA,NA,NA,NA,FALSE,TRUE
"3739045020","American National Group Inc","ANAT",2021-08-09,NA,NA,NA,NA,FALSE,TRUE
"3759756020","Sanderson Farms Inc","SAFM",2021-08-09,NA,NA,NA,NA,FALSE,TRUE
"3782432020","Golden Nugget Online Gaming Inc","GNOG",2021-08-09,NA,NA,NA,NA,FALSE,TRUE
"3782717020","Select Interior Concepts Inc","SIC",2021-08-09,NA,NA,NA,NA,FALSE,TRUE
"3782830020","FNBH Bancorp Inc","FNHM",2021-08-09,NA,NA,NA,NA,FALSE,TRUE
"3781865020","Intersect ENT Inc","XENT",2021-08-06,NA,NA,NA,NA,FALSE,TRUE
"3781415020","Cornerstone OnDemand Inc","CSOD",2021-08-05,NA,NA,NA,NA,FALSE,TRUE
"3820889020","BellRing Brands Inc","BRBR",2021-08-05,"   1772016","sec_bulk","high","BELLRING BRANDS, INC.",TRUE,FALSE
"4222285020","Zunicom Inc","ZNCM",2021-08-05,NA,NA,NA,NA,FALSE,TRUE
"3780532020","MGM Growth Properties LLC","MGP",2021-08-04,NA,NA,NA,NA,FALSE,TRUE
"3779748020","Translate Bio Inc","TBIO",2021-08-03,NA,NA,NA,NA,FALSE,TRUE
"3778565020","Misonix Inc","MSON",2021-07-29,NA,NA,NA,NA,FALSE,TRUE
"3778577020","Royal Financial Inc","RYFL",2021-07-29,NA,NA,NA,NA,FALSE,TRUE
"3306644020","Investors Bancorp Inc","ISBC",2021-07-28,"0001594012","browse_edgar","high","Investors Bancorp, Inc.",TRUE,FALSE
"3777482020","Suncrest Bank,Visalia,California","SBKK",2021-07-27,NA,NA,NA,NA,FALSE,TRUE
"3779129020","Valley Republic Bancorp","VLLX",2021-07-27,NA,NA,NA,NA,FALSE,TRUE
"3776539020","Medallia Inc","MDLA",2021-07-26,NA,NA,NA,NA,FALSE,TRUE
"3776701020","West Suburban Bancorp Inc","WNRP",2021-07-26,NA,NA,NA,NA,FALSE,TRUE
"3776783020","Steadfast Apartment REIT Inc","STFR",2021-07-26,NA,NA,NA,NA,FALSE,TRUE
"3776809020","Capstead Mortgage Corp","CMO",2021-07-26,NA,NA,NA,NA,FALSE,TRUE
"3776079020","Atlantic Capital Bancshares Inc","ACBI",2021-07-23,"0001461755","browse_edgar","high","Atlantic Capital Bancshares, Inc.",TRUE,FALSE
"3776184020","New Home Co Inc","NWHM",2021-07-23,NA,NA,NA,NA,FALSE,TRUE
"3773667020","Retail Properties of America Inc","RPAI",2021-07-19,NA,NA,NA,NA,FALSE,TRUE
"3777318020","LSB Industries Inc","LXU",2021-07-19,"     60714","sec_bulk","high","LSB INDUSTRIES, INC.",TRUE,FALSE
"3772728020","GP Strategies Corp","GPX",2021-07-15,NA,NA,NA,NA,FALSE,TRUE
"3771541020","Covanta Holding Corp","CVA",2021-07-14,NA,NA,NA,NA,FALSE,TRUE
"3772000020","Reliant Bancorp Inc","RBNC",2021-07-14,NA,NA,NA,NA,FALSE,TRUE
"3771023020","Howard Bancorp Inc","HBMD",2021-07-13,NA,NA,NA,NA,FALSE,TRUE
"3770157020","State Auto Financial Corp","STFC",2021-07-12,NA,NA,NA,NA,FALSE,TRUE
"3770367020","Lonestar Resources US Inc","LONE",2021-07-12,NA,NA,NA,NA,FALSE,TRUE
"3770728020","1st Constitution Bancorp","FCCY",2021-07-12,NA,NA,NA,NA,FALSE,TRUE
"3769478020","Stamps.com Inc","STMP",2021-07-09,NA,NA,NA,NA,FALSE,TRUE
"3767088020","J Alexanders Holdings Inc","JAX",2021-07-02,NA,NA,NA,NA,FALSE,TRUE
"3766233020","Riverview Financial Corp","RIVE",2021-06-30,NA,NA,NA,NA,FALSE,TRUE
"3763846020","QAD Inc","QADB",2021-06-28,NA,NA,NA,NA,FALSE,TRUE
"3763912020","New Senior Investment Group Inc","SNR",2021-06-28,NA,NA,NA,NA,FALSE,TRUE
"3763066020","IKONICS Corp","IKNX",2021-06-25,NA,NA,NA,NA,FALSE,TRUE
"3761821020","Griffin-American Healthcare REIT III Inc","GRAH",2021-06-24,NA,NA,NA,NA,FALSE,TRUE
"3761013020","Cortland Bancorp Inc","CLDB",2021-06-23,NA,NA,NA,NA,FALSE,TRUE
"3761157020","Bank of Commerce Holdings, Redding,California","BOCH",2021-06-23,NA,NA,NA,NA,FALSE,TRUE
"3760797020","SharpSpring Inc","SHSP",2021-06-22,NA,NA,NA,NA,FALSE,TRUE
"3760870020","County Bancorp Inc","ICBK",2021-06-22,NA,NA,NA,NA,FALSE,TRUE
"3758870020","Raven Industries Inc","RAVN",2021-06-21,NA,NA,NA,NA,FALSE,TRUE
"3759141020","Lydall Inc","LDL",2021-06-21,NA,NA,NA,NA,FALSE,TRUE
"3758043020","Sykes Enterprises Inc","SYKE",2021-06-18,NA,NA,NA,NA,FALSE,TRUE
"3757647020","CAI International Inc","CAI",2021-06-17,"   2019410","sec_bulk","high","Caris Life Sciences, Inc.",TRUE,FALSE
"4222265020","Credex Corp","CRDX",2021-06-17,NA,NA,NA,NA,FALSE,TRUE
"3756788020","Kindred Biosciences Inc","KIN",2021-06-16,NA,NA,NA,NA,FALSE,TRUE
"3759331020","Sunnyside Bancorp Inc","SNNY",2021-06-16,NA,NA,NA,NA,FALSE,TRUE
"3755288020","Iconix Brand Group Inc","ICON",2021-06-11,"   1995574","sec_bulk","high","Icon Energy Corp",TRUE,FALSE
"3751573020","Contango Oil & Gas Co","MCF",2021-06-08,NA,NA,NA,NA,FALSE,TRUE
"3751027020","US Concrete Inc","USCR",2021-06-07,NA,NA,NA,NA,FALSE,TRUE
"3751041020","QTS Realty Trust Inc","QTS",2021-06-07,NA,NA,NA,NA,FALSE,TRUE
"3749742020","Community Bankers Trust Corp","ESXB",2021-06-03,NA,NA,NA,NA,FALSE,TRUE
"3751952020","TGR Financial Inc","TGRF",2021-06-03,NA,NA,NA,NA,FALSE,TRUE
"3748909020","Constellation Pharmaceuticals Inc","CNST",2021-06-02,NA,NA,NA,NA,FALSE,TRUE
"3748100020","Cloudera Inc","CLDR",2021-06-01,NA,NA,NA,NA,FALSE,TRUE
"3748440020","First Midwest Bancorp Inc,Chicago,Illinois","FMBI",2021-06-01,NA,NA,NA,NA,FALSE,TRUE
"3750490020","Select Bancorp Inc","SLCT",2021-06-01,NA,NA,NA,NA,FALSE,TRUE
"3747093020","Welbilt Inc","WBT",2021-05-28,NA,NA,NA,NA,FALSE,TRUE
"3747221020","Bowl America Inc","BWL.A",2021-05-28,NA,NA,NA,NA,FALSE,TRUE
"3746546020","Aquesta Financial Holdings Inc","AQFH",2021-05-27,NA,NA,NA,NA,FALSE,TRUE
"3744148020","Cimarex Energy Co","XEC",2021-05-24,NA,NA,NA,NA,FALSE,TRUE
"3744655020","MMA Capital Management LLC","MMA",2021-05-24,"   1981519","sec_bulk","high","MIXED MARTIAL ARTS GROUP LTD",TRUE,FALSE
"3748040020","Strongbridge Biopharma PLC","SBBP",2021-05-24,NA,NA,NA,NA,FALSE,TRUE
"3751589020","JC Data Solutions Inc","JCDS",2021-05-21,NA,NA,NA,NA,FALSE,TRUE
"3741696020","Core-Mark Holding Co Inc","CORE",2021-05-18,NA,NA,NA,NA,FALSE,TRUE
"3741949020","Altabancorp","PUB",2021-05-18,NA,NA,NA,NA,FALSE,TRUE
"3741880020","Landmark Infrastructure Partners LP","LMRK",2021-05-17,NA,NA,NA,NA,FALSE,TRUE
"3753702020","Boart Longyear Ltd","BLY",2021-05-13,NA,NA,NA,NA,FALSE,TRUE
"3738846020","Ferro Corp","FOE",2021-05-11,NA,NA,NA,NA,FALSE,TRUE
"3739506020","Pioneer Bancshares Inc","PONB",2021-05-11,NA,NA,NA,NA,FALSE,TRUE
"3738295020","Harvest Health & Recreation Inc","HARV",2021-05-10,NA,NA,NA,NA,FALSE,TRUE
"3738319020","Extraction Oil & Gas Inc","XOG",2021-05-10,NA,NA,NA,NA,FALSE,TRUE
"3738569020","Soliton Inc","SOLY",2021-05-10,NA,NA,NA,NA,FALSE,TRUE
"3381205020","At Home Group Inc","HOME",2021-05-06,NA,NA,NA,NA,FALSE,TRUE
"3737355020","Chiasma Inc","CHMA",2021-05-05,NA,NA,NA,NA,FALSE,TRUE
"3736841020","Domtar Corp","UFS",2021-05-04,NA,NA,NA,NA,FALSE,TRUE
"3737451020","Perpetual Federal Savings Bank,Urbana,Ohio","PFOH",2021-05-04,NA,NA,NA,NA,FALSE,TRUE
"3736127020","Meredith Corp","MDP",2021-05-03,NA,NA,NA,NA,FALSE,TRUE
"3734977020","VEREIT Inc","VER",2021-04-29,NA,NA,NA,NA,FALSE,TRUE
"3845836020","PIMCO Dynamic Credit Income Fund","PCI",2021-04-29,NA,NA,NA,NA,FALSE,TRUE
"3845843020","PIMCO Income Opportunity Fund","PKO",2021-04-29,NA,NA,NA,NA,FALSE,TRUE
"3736246020","Bank of Santa Clarita","BSCA",2021-04-27,NA,NA,NA,NA,FALSE,TRUE
"3732854020","Flagstar Bancorp Inc","FBC",2021-04-26,"0001033012","browse_edgar","high","FLAGSTAR BANCORP INC",TRUE,FALSE
"3732887020","Proofpoint Inc","PFPT",2021-04-26,NA,NA,NA,NA,FALSE,TRUE
"3733265020","Tremont Mortgage Trust","TRMT",2021-04-26,NA,NA,NA,NA,FALSE,TRUE
"3733351020","First Choice Bancorp","FCBP",2021-04-26,NA,NA,NA,NA,FALSE,TRUE
"3731931020","Meridian Bancorp Inc,Peabody,Massachusetts","EBSB",2021-04-22,NA,NA,NA,NA,FALSE,TRUE
"3732036020","Southcrest Financial Group Inc","SCSG",2021-04-22,NA,NA,NA,NA,FALSE,TRUE
"3748041020","Sprague Resources LP","SRLP",2021-04-20,"0001525287","browse_edgar","high","Sprague Resources LP",TRUE,FALSE
"3729815020","Sterling Bancorp","STL",2021-04-19,NA,NA,NA,NA,FALSE,TRUE
"3729821020","Knoll Inc","KNL",2021-04-19,NA,NA,NA,NA,FALSE,TRUE
"3729952020","Marlin Business Services Corp","MRLN",2021-04-19,NA,NA,NA,NA,FALSE,TRUE
"3730688020","American River Bankshares","AMRB",2021-04-19,NA,NA,NA,NA,FALSE,TRUE
"3728332020","PPD Inc","PPD",2021-04-15,NA,NA,NA,NA,FALSE,TRUE
"3728695020","Weingarten Realty Investors","WRI",2021-04-15,NA,NA,NA,NA,FALSE,TRUE
"3729031020","General Finance Corp","GFN",2021-04-15,NA,NA,NA,NA,FALSE,TRUE
"2647141020","Nuance Communications Inc","NUAN",2021-04-12,"0001002517","browse_edgar","high","Nuance Communications, Inc.",TRUE,FALSE
"3727068020","Cadence Bancorp","CADE",2021-04-12,"   1299939","sec_bulk","high","Cadence Bank",TRUE,FALSE
"3728313020","Mackinac Financial Corp","MFNC",2021-04-12,NA,NA,NA,NA,FALSE,TRUE
"3726778020","Luminex Corp","LMNX",2021-04-11,NA,NA,NA,NA,FALSE,TRUE
"3723627020","ORBCOMM Inc","ORBC",2021-04-08,NA,NA,NA,NA,FALSE,TRUE
"3723343020","Century Bancorp Inc","CNBKA",2021-04-07,NA,NA,NA,NA,FALSE,TRUE
"3722325020","Leaf Group Ltd","LEAF",2021-04-05,NA,NA,NA,NA,FALSE,TRUE
"3720882020","KushCo Holdings Inc","KSHB",2021-03-31,NA,NA,NA,NA,FALSE,TRUE
"3721018020","Diamond S Shipping Inc","DSSI",2021-03-31,NA,NA,NA,NA,FALSE,TRUE
"3855889020","Varian Medical Systems Inc","VAR",2021-03-31,NA,NA,NA,NA,FALSE,TRUE
"3719459020","Premier Financial Bancorp Inc, Huntington,West Virginia","PFBI",2021-03-29,NA,NA,NA,NA,FALSE,TRUE
"3718302020","MSG Networks Inc","MSGN",2021-03-26,NA,NA,NA,NA,FALSE,TRUE
"3721904020","Houston Wire & Cable Co","HWCC",2021-03-25,NA,NA,NA,NA,FALSE,TRUE
"3715595020","Pacific Mercantile Bancorp, Costa Mesa,California","PMBC",2021-03-22,NA,NA,NA,NA,FALSE,TRUE
"3714804020","Kansas City Southern","KSU",2021-03-21,NA,NA,NA,NA,FALSE,TRUE
"3711299020","GenMark Diagnostics Inc","GNMK",2021-03-15,NA,NA,NA,NA,FALSE,TRUE
"3711449020","Extended Stay America Inc","STAY",2021-03-15,NA,NA,NA,NA,FALSE,TRUE
"3708768020","Talend Inc","TLND",2021-03-10,NA,NA,NA,NA,FALSE,TRUE
"3708858020","Bryn Mawr Bank Corp","BMTC",2021-03-10,NA,NA,NA,NA,FALSE,TRUE
"3708343020","Golden Pacific Bancorp Inc","GPBI",2021-03-09,NA,NA,NA,NA,FALSE,TRUE
"3707541020","Airspan Networks Inc","AIRO",2021-03-08,"   1927958","sec_bulk","high","AIRO Group Holdings, Inc.",TRUE,FALSE
"3707549020","Athene Holding Ltd","ATH",2021-03-08,NA,NA,NA,NA,FALSE,TRUE
"3714762020","Northern California National Bank","NCNB",2021-03-08,NA,NA,NA,NA,FALSE,TRUE
"3705454020","Five Prime Therapeutics Inc","FPRX",2021-03-04,NA,NA,NA,NA,FALSE,TRUE
"3704885020","The Michaels Cos Inc","MIK",2021-03-03,NA,NA,NA,NA,FALSE,TRUE
"3705196020","Severn Bancorp Inc","SVBI",2021-03-03,NA,NA,NA,NA,FALSE,TRUE
"3704253020","Hertz Global Holdings Inc","HTZZ",2021-03-02,NA,NA,NA,NA,FALSE,TRUE
"3518230020","Boingo Wireless Inc","WIFI",2021-03-01,NA,NA,NA,NA,FALSE,TRUE
"3703091020","Landmark Bancorp Inc","LARK",2021-02-26,"   1141688","sec_bulk","high","LANDMARK BANCORP INC",TRUE,FALSE
"4222001020","Guitammer Co","GTMM",2021-02-26,NA,NA,NA,NA,FALSE,TRUE
"3702371020","Pandion Therapeutics Inc","PAND",2021-02-25,NA,NA,NA,NA,FALSE,TRUE
"3650734020","Constellation Energy Corp","CEG",2021-02-24,"   1868275","sec_bulk","high","Constellation Energy Corp",TRUE,FALSE
"3701775020","PRA Health Sciences Inc","PRAH",2021-02-24,NA,NA,NA,NA,FALSE,TRUE
"3701806020","Revolution Acceleration Acquisition Corp","RAACU",2021-02-24,NA,NA,NA,NA,FALSE,TRUE
"3700450020","People's United Financial Inc","PBCT",2021-02-22,NA,NA,NA,NA,FALSE,TRUE
"3700733020","Cooper Tire & Rubber Co","CTB",2021-02-22,NA,NA,NA,NA,FALSE,TRUE
"3700751020","Forterra Inc","FRTA",2021-02-22,NA,NA,NA,NA,FALSE,TRUE
"3701117020","The Bank Of Fincastle,Fincastle,Virginia","BFTL",2021-02-18,NA,NA,NA,NA,FALSE,TRUE
"3699062020","Enable Midstream Partners LP","ENBL",2021-02-17,NA,NA,NA,NA,FALSE,TRUE
"3698747020","Protective Insurance Corp","PTVCA",2021-02-16,NA,NA,NA,NA,FALSE,TRUE
"3699478020","Apex Global Brands Inc","APEX",2021-02-16,"   2069858","sec_bulk","high","APEX Global Solutions Ltd",TRUE,FALSE
"3699776020","Aegion Corp","AEGN",2021-02-16,NA,NA,NA,NA,FALSE,TRUE
"3697628020","Coherent Inc","COHR",2021-02-12,"    820318","sec_bulk","high","COHERENT CORP.",TRUE,FALSE
"3697458020","Synacor Inc","SYNC",2021-02-11,NA,NA,NA,NA,FALSE,TRUE
"3696589020","NIC Inc","EGOV",2021-02-10,NA,NA,NA,NA,FALSE,TRUE
"3697626020","Atlas Crest Investment Corp","ACIC",2021-02-10,"   1401521","sec_bulk","high","AMERICAN COASTAL INSURANCE Corp",TRUE,FALSE
"3696396020","Genesis Financial Inc","GFNL",2021-02-09,NA,NA,NA,NA,FALSE,TRUE
"3638843020","Cubic Corp","CUB",2021-02-08,"   2015955","sec_bulk","high","Lionheart Holdings",TRUE,FALSE
"3695772020","Glu Mobile Inc","GLUU",2021-02-08,NA,NA,NA,NA,FALSE,TRUE
"3694551020","Corelogic Inc","CLGX",2021-02-04,NA,NA,NA,NA,FALSE,TRUE
"3692896020","Viela Bio Inc","VIE",2021-02-01,NA,NA,NA,NA,FALSE,TRUE
"3698492020","Ohana Pacific Bank","OHPB",2021-01-28,NA,NA,NA,NA,FALSE,TRUE
"3691360020","Perspecta Inc","PRSP",2021-01-27,NA,NA,NA,NA,FALSE,TRUE
"3692170020","Kentucky Bancshares Inc,Paris,Kentucky","KTYB",2021-01-27,NA,NA,NA,NA,FALSE,TRUE
"3689618020","Reshape Lifesciences Inc","RSLS",2021-01-20,NA,NA,NA,NA,FALSE,TRUE
"3802831020","Francesca's Holdings Corp","FRAN",2021-01-19,NA,NA,NA,NA,FALSE,TRUE
"3642521020","ProSight Global Inc","PROS",2021-01-15,NA,NA,NA,NA,FALSE,TRUE
"3688032020","Bluma Wellness Inc","BWEL.U",2021-01-14,NA,NA,NA,NA,FALSE,TRUE
"3688733020","Atlantic Power Corp","AT",2021-01-14,NA,NA,NA,NA,FALSE,TRUE
"3686842020","Corning Natural Gas Holding Corp","CNIG",2021-01-13,NA,NA,NA,NA,FALSE,TRUE
"3687573020","FNS Bancshares Inc","FNSB",2021-01-13,NA,NA,NA,NA,FALSE,TRUE
"3685801020","Cantel Medical Corp","CMD",2021-01-12,NA,NA,NA,NA,FALSE,TRUE
"3684533020","Cardtronics plc","CATM",2021-01-07,NA,NA,NA,NA,FALSE,TRUE
"3683511020","Change Healthcare Inc","CHNG",2021-01-06,"0001756497","browse_edgar","high","Change Healthcare Inc.",TRUE,FALSE
"3353103020","Magellan Health Inc","MGLN",2021-01-04,NA,NA,NA,NA,FALSE,TRUE
"3682911020","FLIR Systems Inc","FLIR",2021-01-04,NA,NA,NA,NA,FALSE,TRUE
"3683027020","Boston Private Financial Holding Inc","BPFH",2021-01-04,NA,NA,NA,NA,FALSE,TRUE
"3683873020","Alaska Communications Systems Group Inc","ALSK",2021-01-04,NA,NA,NA,NA,FALSE,TRUE
"3684741020","Tribune Publishing Co","TPCO",2020-12-31,NA,NA,NA,NA,FALSE,TRUE
"3683285020","Red Lion Hotels Corp","RLH",2020-12-30,NA,NA,NA,NA,FALSE,TRUE
"3680236020","PRGX Global Inc","PRGX",2020-12-24,NA,NA,NA,NA,FALSE,TRUE
"3680758020","Harvest Capital Credit Corp","HCAP",2020-12-23,NA,NA,NA,NA,FALSE,TRUE
"3679768020","Liberty Health Sciences Inc","LHS",2020-12-22,NA,NA,NA,NA,FALSE,TRUE
"3676327020","RealPage Inc","RP",2020-12-21,NA,NA,NA,NA,FALSE,TRUE
"3676521020","QEP Resources Inc","QEP",2020-12-21,NA,NA,NA,NA,FALSE,TRUE
"3676606020","HMS Holdings Corp","HMSY",2020-12-21,NA,NA,NA,NA,FALSE,TRUE
"3676713020","RigNet Inc","RNET",2020-12-21,NA,NA,NA,NA,FALSE,TRUE
"3675217020","BioTelemetry Inc","BEAT",2020-12-18,"   1779372","sec_bulk","high","HeartBeam, Inc.",TRUE,FALSE
"3673496020","Prevail Therapeutics Inc","PRVL",2020-12-15,NA,NA,NA,NA,FALSE,TRUE
"3672596020","Pluralsight Inc","PS",2020-12-13,NA,NA,NA,NA,FALSE,TRUE
"3672639020","TCF Financial Corp","TCF",2020-12-13,NA,NA,NA,NA,FALSE,TRUE
"3672563020","Alexion Pharmaceuticals Inc","ALXN",2020-12-12,NA,NA,NA,NA,FALSE,TRUE
"3672020020","Zagg Inc","ZAGG",2020-12-11,NA,NA,NA,NA,FALSE,TRUE
"3671540020","Neos Therapeutics Inc","NEOS",2020-12-10,NA,NA,NA,NA,FALSE,TRUE
"3682415020","GNB Financial Services Inc","GNBF",2020-12-10,NA,NA,NA,NA,FALSE,TRUE
"3670772020","MTS Systems Corp","MTSC",2020-12-09,NA,NA,NA,NA,FALSE,TRUE
"3669462020","Anworth Mortgage Asset Corp","ANH",2020-12-07,NA,NA,NA,NA,FALSE,TRUE
"3669464020","SEACOR Holdings Inc","CKH",2020-12-07,NA,NA,NA,NA,FALSE,TRUE
"3667537020","Waddell & Reed Financial Inc","WDR",2020-12-02,NA,NA,NA,NA,FALSE,TRUE
"3664650020","Slack Technologies Inc","WORK",2020-12-01,NA,NA,NA,NA,FALSE,TRUE
"2056401020","Collectors Universe Inc","CLCT",2020-11-30,NA,NA,NA,NA,FALSE,TRUE
"3664052020","FS KKR Capital Corp II","FSKR",2020-11-24,NA,NA,NA,NA,FALSE,TRUE
"3664101020","Loral Space & Communications Inc","LORL",2020-11-24,NA,NA,NA,NA,FALSE,TRUE
"3667230020","The Goldfield Corp","GV",2020-11-24,"   1892274","sec_bulk","high","Visionary Holdings Inc.",TRUE,FALSE
"3691775020","Turnkey Solutions Inc","TKSI",2020-11-18,NA,NA,NA,NA,FALSE,TRUE
"3660473020","HD Supply Holdings Inc","HDS",2020-11-16,NA,NA,NA,NA,FALSE,TRUE
"3660287020","Foundation Building Materials Inc","FBM",2020-11-15,NA,NA,NA,NA,FALSE,TRUE
"3660718020","Mikros Systems Corp","MKRS",2020-11-12,NA,NA,NA,NA,FALSE,TRUE
"3667168020","AeroGrow International Inc","AERO",2020-11-12,"   1561861","sec_bulk","high","Grupo Aeromexico, S.A.B. de C.V.",TRUE,FALSE
"3657844020","HighPoint Resources Corp","HPR",2020-11-09,NA,NA,NA,NA,FALSE,TRUE
"3657915020","WR Grace & Co","GRA",2020-11-09,NA,NA,NA,NA,FALSE,TRUE
"3656954020","Emisphere Technologies Inc","EMIS",2020-11-06,"   2075816","sec_bulk","high","Emmis Acquisition Corp.",TRUE,FALSE
"3674351020","Healthcare Trust Inc","HTIA",2020-11-06,NA,NA,NA,NA,FALSE,TRUE
"3658518020","Willamette Community Bank,Albany,Oregon","WMCB",2020-11-05,NA,NA,NA,NA,FALSE,TRUE
"3658817020","KFG Resources Ltd","KFG",2020-11-04,NA,NA,NA,NA,FALSE,TRUE
"3655791020","Penn Virginia Corp","PVAC",2020-11-03,NA,NA,NA,NA,FALSE,TRUE
"3655883020","Telenav Inc","TNAV",2020-11-03,NA,NA,NA,NA,FALSE,TRUE
"3655211020","Endurance International Group Holdings Inc","EIGI",2020-11-02,NA,NA,NA,NA,FALSE,TRUE
"3653708020","Inphi Corp","IPHI",2020-10-29,NA,NA,NA,NA,FALSE,TRUE
"3646001020","Xilinx Inc","XLNX",2020-10-27,NA,NA,NA,NA,FALSE,TRUE
"3653079020","Mid-Con Energy Partners LP","MCEP",2020-10-26,NA,NA,NA,NA,FALSE,TRUE
"3652061020","Dunkin Brands Group Inc","DNKN",2020-10-25,NA,NA,NA,NA,FALSE,TRUE
"3649697020","Parsley Energy Inc","PE",2020-10-20,NA,NA,NA,NA,FALSE,TRUE
"3647487020","Concho Resources Inc","CXO",2020-10-19,NA,NA,NA,NA,FALSE,TRUE
"3649600020","BioSpecifics Technologies Corp","BSTC",2020-10-19,NA,NA,NA,NA,FALSE,TRUE
"3648899020","CIT Group Inc","CIT",2020-10-16,NA,NA,NA,NA,FALSE,TRUE
"3645819020","Eaton Vance Corp","EV",2020-10-08,NA,NA,NA,NA,FALSE,TRUE
"3645599020","Driven Deliveries Inc","DRVD",2020-10-06,NA,NA,NA,NA,FALSE,TRUE
"3644610020","MyoKardia Inc","MYOK",2020-10-05,NA,NA,NA,NA,FALSE,TRUE
"3644618020","TC PipeLines LP","TCP",2020-10-05,NA,NA,NA,NA,FALSE,TRUE
"3644317020","American Renal Associates Holdings Inc","ARA",2020-10-02,NA,NA,NA,NA,FALSE,TRUE
"3643918020","Fauquier Bankshares Inc","FBSS",2020-10-01,NA,NA,NA,NA,FALSE,TRUE
"3645151020","AMAG Pharmaceuticals Inc","AMAG",2020-10-01,NA,NA,NA,NA,FALSE,TRUE
"3644894020","Marijuana Co of America Inc","MCOA",2020-09-30,"0001078799","browse_edgar","high","Marijuana Co of America, Inc.",TRUE,FALSE
"3641417020","WPX Energy Inc","WPX",2020-09-28,NA,NA,NA,NA,FALSE,TRUE
"3641895020","MobileIron Inc","MOBL",2020-09-28,NA,NA,NA,NA,FALSE,TRUE
"3641963020","Perceptron Inc","PRCP",2020-09-28,NA,NA,NA,NA,FALSE,TRUE
"3641560020","Standard AVB Financial Corp","STND",2020-09-25,NA,NA,NA,NA,FALSE,TRUE
"3640145020","DynCorp International LLC","DCP",2020-09-24,NA,NA,NA,NA,FALSE,TRUE
"3593370020","GNC Holdings Inc","GNC",2020-09-18,NA,NA,NA,NA,FALSE,TRUE
"3636009020","GAINSCO Inc","GAN",2020-09-17,NA,NA,NA,NA,FALSE,TRUE
"3554835020","LSC Communications LLC","LKSD",2020-09-15,NA,NA,NA,NA,FALSE,TRUE
"3674972020","Scientific Learning Corp","SCIL",2020-09-14,NA,NA,NA,NA,FALSE,TRUE
"3633916020","Immunomedics Inc","IMMU",2020-09-13,NA,NA,NA,NA,FALSE,TRUE
"3632732020","Virtusa Corp","VRTU",2020-09-10,NA,NA,NA,NA,FALSE,TRUE
"3632052020","Pivot Technology Solutions Inc","PTG",2020-09-09,NA,NA,NA,NA,FALSE,TRUE
"3631161020","Universal Electronics Inc","UEIC",2020-09-03,"    101984","sec_bulk","high","UNIVERSAL ELECTRONICS INC",TRUE,FALSE
"3628117020","Aimmune Therapeutics Inc","AIMT",2020-08-31,NA,NA,NA,NA,FALSE,TRUE
"3628544020","Rosetta Stone Inc","RST",2020-08-31,NA,NA,NA,NA,FALSE,TRUE
"3627187020","BMC Stock Holdings Inc","BMCH",2020-08-27,NA,NA,NA,NA,FALSE,TRUE
"3627847020","LENSAR Inc","LNSRV",2020-08-26,NA,NA,NA,NA,FALSE,TRUE
"3624439020","Seacoast Commerce Banc Holdings","SCBH",2020-08-20,NA,NA,NA,NA,FALSE,TRUE
"3623452020","Momenta Pharmaceuticals Inc","MNTA",2020-08-19,NA,NA,NA,NA,FALSE,TRUE
"3622273020","Principia Biopharma Inc","PRNB",2020-08-17,NA,NA,NA,NA,FALSE,TRUE
"3624032020","Bay Banks of Virginia Inc","BAYK",2020-08-13,NA,NA,NA,NA,FALSE,TRUE
"3620857020","Montage Resources Corp","MR",2020-08-12,NA,NA,NA,NA,FALSE,TRUE
"3619896020","Pfenex Inc","PFNX",2020-08-10,NA,NA,NA,NA,FALSE,TRUE
"3620149020","MVC Capital Inc","MVC",2020-08-10,NA,NA,NA,NA,FALSE,TRUE
"3617548020","Livongo Health Inc","LVGO",2020-08-05,NA,NA,NA,NA,FALSE,TRUE
"3616318020","DiamondPeak Holdings Corp","DPHC",2020-08-03,NA,NA,NA,NA,FALSE,TRUE
"3616534020","Jernigan Capital Inc","JCAP",2020-08-03,"   2046042","sec_bulk","high","Jefferson Capital, Inc. / DE",TRUE,FALSE
"3615976020","Varian Medical Systems Inc","VAR",2020-08-02,NA,NA,NA,NA,FALSE,TRUE
"3614372020","On Deck Capital Inc","ONDK",2020-07-28,NA,NA,NA,NA,FALSE,TRUE
"3582140020","Schultze Special Purpose Acquisition Corp","SAMA",2020-07-27,"0001843100","browse_edgar","high","Schultze Special Purpose Acquisition Corp. II",TRUE,FALSE
"3613849020","Otelco Inc","OTT",2020-07-27,NA,NA,NA,NA,FALSE,TRUE
"3610019020","Noble Energy Inc","NBL",2020-07-20,NA,NA,NA,NA,FALSE,TRUE
"3610350020","Majesco Inc","MJCO",2020-07-20,NA,NA,NA,NA,FALSE,TRUE
"3611376020","GlobalSCAPE Inc","GSB",2020-07-20,NA,NA,NA,NA,FALSE,TRUE
"3603919020","InnerWorkings Inc","INWK",2020-07-16,NA,NA,NA,NA,FALSE,TRUE
"3592825020","VMware Inc","VMW",2020-07-15,"0001124610","browse_edgar","high","VMWARE LLC",TRUE,FALSE
"3613122020","California Resources Corp","CRC",2020-07-15,"   1609253","sec_bulk","high","California Resources Corp",TRUE,FALSE
"3600947020","Maxim Integrated Products Inc","MXIM",2020-07-13,NA,NA,NA,NA,FALSE,TRUE
"3601411020","Benefytt Technologies Inc","BFYT",2020-07-13,NA,NA,NA,NA,FALSE,TRUE
"3598860020","National General Holdings Corp","NGHC",2020-07-07,NA,NA,NA,NA,FALSE,TRUE
"3598399020","Vivint Solar Inc","VSLR",2020-07-06,NA,NA,NA,NA,FALSE,TRUE
"3619855020","TransAtlantic Petroleum Ltd","TAT",2020-07-02,NA,NA,NA,NA,FALSE,TRUE
"3597906020","Dime Community Bancshares Inc, Brooklyn,New York","DCOM",2020-07-01,"    846617","sec_bulk","high","Dime Community Bancshares, Inc. /NY/",TRUE,FALSE
"3596368020","GCI Liberty Inc","GLIBA",2020-06-30,"   2057463","sec_bulk","high","GCI Liberty, Inc.",TRUE,FALSE
"3595202020","Chesapeake Energy Corp","CHK",2020-06-28,NA,NA,NA,NA,FALSE,TRUE
"3593486020","Garrison Capital Inc","GARS",2020-06-24,NA,NA,NA,NA,FALSE,TRUE
"3590047020","Delmarva Bancshares Inc","DLMV",2020-06-18,NA,NA,NA,NA,FALSE,TRUE
"3642756020","Palomar Holdings Inc","PLMR",2020-06-15,"   1761312","sec_bulk","high","Palomar Holdings, Inc.",TRUE,FALSE
"3586199020","Grubhub Inc","GRUB",2020-06-10,NA,NA,NA,NA,FALSE,TRUE
"3587323020","Renaissance Gold Inc","REN",2020-06-10,NA,NA,NA,NA,FALSE,TRUE
"3592028020","Finjan Holdings Inc","FNJN",2020-06-10,NA,NA,NA,NA,FALSE,TRUE
"3584955020","PG&E Corp","PCG",2020-06-08,"   1004980","sec_bulk","high","PG&E Corp",TRUE,FALSE
"3746314020","Dakota Territory Resource Corp","DTRC",2020-05-27,NA,NA,NA,NA,FALSE,TRUE
"3572902020","Alacer Gold Corp","ASR",2020-05-11,"   1123452","sec_bulk","high","SOUTHEAST AIRPORT GROUP",TRUE,FALSE
"3572346020","Tearlab Corp","TEAR",2020-05-07,NA,NA,NA,NA,FALSE,TRUE
"3571976020","Tetraphase Pharmaceuticals Inc","TTPH",2020-05-06,NA,NA,NA,NA,FALSE,TRUE
"3571445020","Portola Pharmaceuticals Inc","PTLA",2020-05-05,NA,NA,NA,NA,FALSE,TRUE
"3571132020","Stemline Therapeutics Inc","STML",2020-05-04,NA,NA,NA,NA,FALSE,TRUE
"3571095020","Quintana Energy Services Inc","QES",2020-05-03,NA,NA,NA,NA,FALSE,TRUE
"3560625020","McClatchy Co","MNIQQ",2020-04-16,NA,NA,NA,NA,FALSE,TRUE
"3600549020","Entasis Therapeutics Holdings Inc","ETTX",2020-04-12,NA,NA,NA,NA,FALSE,TRUE
"3550838020","Purecircle Ltd","PURE",2020-04-09,"   1006028","sec_bulk","high","PURE BIOSCIENCE, INC.",TRUE,FALSE
"3550306020","Asta Funding Inc","ASFI",2020-04-08,NA,NA,NA,NA,FALSE,TRUE
"3540968020","BroadVision Inc","BVSN",2020-03-30,NA,NA,NA,NA,FALSE,TRUE
"3599495020","Republic Services Inc","RSG",2020-03-18,"   1060391","sec_bulk","high","REPUBLIC SERVICES, INC.",TRUE,FALSE
"3529609020","Zyla Life Sciences Inc","ZCOR",2020-03-16,NA,NA,NA,NA,FALSE,TRUE
"3525553020","SB One Bancorp","SBBX",2020-03-12,NA,NA,NA,NA,FALSE,TRUE
"3523475020","Carroll Bancorp Inc","CROL",2020-03-06,NA,NA,NA,NA,FALSE,TRUE
"3492834020","The Meet Group Inc","MEET",2020-03-05,NA,NA,NA,NA,FALSE,TRUE
"3458606020","Mobile Mini Inc","MINI",2020-03-02,NA,NA,NA,NA,FALSE,TRUE
"3520429020","Forty Seven Inc","FTSV",2020-03-02,NA,NA,NA,NA,FALSE,TRUE
"3519371020","EQM Midstream Partners LP","EQM",2020-02-27,NA,NA,NA,NA,FALSE,TRUE
"3519392020","GAIN Capital Holdings Inc","GCAP",2020-02-27,NA,NA,NA,NA,FALSE,TRUE
"3528717020","Sumner Bank & Trust","SBKT",2020-02-25,NA,NA,NA,NA,FALSE,TRUE
"3516586020","E*TRADE Financial Corp","ETFC",2020-02-20,NA,NA,NA,NA,FALSE,TRUE
"3516740020","Adesto Technologies Corp","IOTS",2020-02-20,NA,NA,NA,NA,FALSE,TRUE
"3515414020","Legg Mason Inc","LM",2020-02-18,NA,NA,NA,NA,FALSE,TRUE
"3512270020","Taubman Centers Inc","TCO",2020-02-10,NA,NA,NA,NA,FALSE,TRUE
"3513408020","Evans & Sutherland Computer Corp","ESCC",2020-02-10,NA,NA,NA,NA,FALSE,TRUE
"3513179020","Valeritas Holdings Inc","CYGMD",2020-02-09,NA,NA,NA,NA,FALSE,TRUE
"3511331020","FGL Holdings","FG",2020-02-07,"   1934850","sec_bulk","high","F&G Annuities & Life, Inc.",TRUE,FALSE
"3511153020","Forescout Technologies Inc","FSCT",2020-02-06,NA,NA,NA,NA,FALSE,TRUE
"3580550020","Vivaldi Opportunities Fund","VAM",2020-02-06,NA,NA,NA,NA,FALSE,TRUE
"3509360020","Opus Bank","OPB",2020-02-03,NA,NA,NA,NA,FALSE,TRUE
"3509939020","InsPro Technologies Corp","ITCC",2020-01-30,NA,NA,NA,NA,FALSE,TRUE
"3507223020","CenterState Bank Corp","CSFL",2020-01-27,NA,NA,NA,NA,FALSE,TRUE
"3506834020","Cincinnati Bell Inc","CBB",2020-01-24,NA,NA,NA,NA,FALSE,TRUE
"3506991020","Bristow Group Inc","BRSWQ",2020-01-24,NA,NA,NA,NA,FALSE,TRUE
"3507359020","Viking Energy Group Inc","VKIN",2020-01-23,"0001102432","browse_edgar","high","VIKING ENERGY GROUP, INC.",TRUE,FALSE
"3505326020","Franklin Financial Network Inc","FRFN",2020-01-21,NA,NA,NA,NA,FALSE,TRUE
"3506497020","Virginia Bank Bankshares Inc","VABB",2020-01-21,NA,NA,NA,NA,FALSE,TRUE
"3505281020","CSS Industries Inc","CSS",2020-01-20,NA,NA,NA,NA,FALSE,TRUE
"3504555020","Central Federal Bancshares Inc","CFDB",2020-01-17,NA,NA,NA,NA,FALSE,TRUE
"3503919020","Neon Therapeutics Inc","NTGN",2020-01-16,NA,NA,NA,NA,FALSE,TRUE
"3502739020","Pope Resources LP","POPE",2020-01-15,NA,NA,NA,NA,FALSE,TRUE
"3501569020","Primo Water Corp","PRMW",2020-01-13,"0000884713","browse_edgar","high","Primo Water Corp /CN/",TRUE,FALSE
"3502720020","Hycroft Mining Corp","HYCT",2020-01-13,NA,NA,NA,NA,FALSE,TRUE
"3500732020","Dermira Inc","DERM",2020-01-10,"   1867066","sec_bulk","high","Journey Medical Corp",TRUE,FALSE
"3498679020","Habit Restaurants Inc","HABT",2020-01-06,NA,NA,NA,NA,FALSE,TRUE
"3590471020","Community Shores Bank Corp","CSHB",2020-01-06,NA,NA,NA,NA,FALSE,TRUE
"3494334020","Anixter International Inc","AXE",2019-12-24,NA,NA,NA,NA,FALSE,TRUE
"3493696020","Aquaventure Holdings Ltd","WAAS",2019-12-23,NA,NA,NA,NA,FALSE,TRUE
"3496072020","VSB Bancorp Inc","VSBN",2019-12-23,NA,NA,NA,NA,FALSE,TRUE
"3492916020","Care.Com Inc","CRCM",2019-12-20,NA,NA,NA,NA,FALSE,TRUE
"3492135020","TiVo Corp","TIVO",2019-12-19,NA,NA,NA,NA,FALSE,TRUE
"3492643020","FSB Bancorp Inc","FSBC",2019-12-19,"   1275168","sec_bulk","high","FIVE STAR BANCORP",TRUE,FALSE
"3492981020","Telaria Inc","TLRA",2019-12-19,NA,NA,NA,NA,FALSE,TRUE
"3493233020","Bank of Akron","BARK",2019-12-18,"   1819574","sec_bulk","high","Bark, Inc.",TRUE,FALSE
"3493563020","Melrose Bancorp Inc","MELR",2019-12-18,NA,NA,NA,NA,FALSE,TRUE
"3493611020","MSB Financial Corp","MSBF",2019-12-18,NA,NA,NA,NA,FALSE,TRUE
"3477609020","LogMeIn Inc","LOGM",2019-12-17,NA,NA,NA,NA,FALSE,TRUE
"3491734020","Hemacare Corp","HEMA",2019-12-16,NA,NA,NA,NA,FALSE,TRUE
"3487845020","GS Acquisition Holdings Corp","GSAH",2019-12-10,NA,NA,NA,NA,FALSE,TRUE
"3489729020","MNB Corp","MNBC",2019-12-10,NA,NA,NA,NA,FALSE,TRUE
"3452949020","Diplomat Pharmacy Inc","DPLO",2019-12-09,NA,NA,NA,NA,FALSE,TRUE
"3486977020","Synthorx Inc","THOR",2019-12-09,NA,NA,NA,NA,FALSE,TRUE
"3487167020","ArQule Inc","ARQL",2019-12-09,NA,NA,NA,NA,FALSE,TRUE
"3491036020","North State Telecommunications Corp","NORSA",2019-12-09,NA,NA,NA,NA,FALSE,TRUE
"3487371020","Jones Energy II Inc","JEII",2019-12-06,NA,NA,NA,NA,FALSE,TRUE
"3485947020","Wellesley Bancorp Inc","WEBK",2019-12-05,NA,NA,NA,NA,FALSE,TRUE
"3489727020","Aevi Genomic Medicine Inc","GNMX",2019-12-05,NA,NA,NA,NA,FALSE,TRUE
"3472101020","Instructure Inc","INST",2019-12-04,"0001841804","browse_edgar","high","INSTRUCTURE HOLDINGS, INC.",TRUE,FALSE
"3484257020","AK Steel Holding Corp","AKS",2019-12-03,NA,NA,NA,NA,FALSE,TRUE
"3484028020","Audentes Therapeutics Inc","BOLD",2019-12-02,"   1782303","sec_bulk","high","Boundless Bio, Inc.",TRUE,FALSE
"3479721020","TD Ameritrade Holding Corp","AMTD",2019-11-25,"   1769731","sec_bulk","high","AMTD IDEA GROUP",TRUE,FALSE
"3480809020","The Medicines Co","MDCO",2019-11-24,NA,NA,NA,NA,FALSE,TRUE
"3482317020","Frankly Inc","TLK",2019-11-22,"   1001807","sec_bulk","high","PERUSAHAAN PERSEROAN PERSERO PT TELEKOMUNIKASI INDONESIA TBK",TRUE,FALSE
"3478126020","Carolina Financial Corp","CARO.O",2019-11-18,NA,NA,NA,NA,FALSE,TRUE
"3486205020","Standard Diversified Inc","SDI",2019-11-18,NA,NA,NA,NA,FALSE,TRUE
"3485071020","Danaher Corp","DHR",2019-11-15,"    313616","sec_bulk","high","DANAHER CORP /DE/",TRUE,FALSE
"3466097020","Tech Data Corp","TECD",2019-11-13,NA,NA,NA,NA,FALSE,TRUE
"3475925020","Continental Building Products Inc","CBPX",2019-11-12,NA,NA,NA,NA,FALSE,TRUE
"3475394020","Carbonite Inc","CARB",2019-11-11,NA,NA,NA,NA,FALSE,TRUE
"3475448020","KEMET Corp","KEM",2019-11-11,NA,NA,NA,NA,FALSE,TRUE
"3475451020","Ladenburg Thalmann Financial Services Inc","LTS",2019-11-11,NA,NA,NA,NA,FALSE,TRUE
"3476467020","Craft Brew Alliance Inc","BREW",2019-11-11,NA,NA,NA,NA,FALSE,TRUE
"3479262020","Cellular Biomedicine Group Inc","CBMG",2019-11-11,NA,NA,NA,NA,FALSE,TRUE
"3473674020","Aircastle Ltd","AYR",2019-11-06,"   1362988","sec_bulk","high","Aircastle LTD",TRUE,FALSE
"3473708020","William Lyon Homes","WLH",2019-11-06,NA,NA,NA,NA,FALSE,TRUE
"3475828020","Diversified Restaurant Holdings Inc","DFRH",2019-11-06,NA,NA,NA,NA,FALSE,TRUE
"3472883020","Pattern Energy Group Inc","PEGI",2019-11-04,NA,NA,NA,NA,FALSE,TRUE
"3472912020","IBERIABANK Corp","IBKC",2019-11-04,NA,NA,NA,NA,FALSE,TRUE
"3473095020","Grand Mountain Bancshares Inc","GMBB",2019-11-04,NA,NA,NA,NA,FALSE,TRUE
"3475411020","Restoration Robotics Inc","HAIR",2019-11-03,NA,NA,NA,NA,FALSE,TRUE
"3456719020","Fitbit Inc","FIT",2019-11-01,"   2065232","sec_bulk","high","Fitness Fanatics Ltd",TRUE,FALSE
"2070572020","Noble International Ltd","NOBLQ",2019-10-31,NA,NA,NA,NA,FALSE,TRUE
"3477127020","MutualFirst Financial Inc","MFSF",2019-10-29,NA,NA,NA,NA,FALSE,TRUE
"3470246020","Tiffany & Co","TIF",2019-10-28,NA,NA,NA,NA,FALSE,TRUE
"3491219020","iPic Entertainment Inc","IPIC",2019-10-28,NA,NA,NA,NA,FALSE,TRUE
"3470248020","Liberty Property Trust","LPT",2019-10-27,NA,NA,NA,NA,FALSE,TRUE
"3470181020","Empire Bancorp Inc,Islandia,New York","EMPK",2019-10-25,NA,NA,NA,NA,FALSE,TRUE
"3469196020","First Advantage Bancorp","FABK",2019-10-23,NA,NA,NA,NA,FALSE,TRUE
"3360468020","Cision Ltd","CISN",2019-10-22,NA,NA,NA,NA,FALSE,TRUE
"3468797020","PB Bancorp Inc","PBBI",2019-10-22,NA,NA,NA,NA,FALSE,TRUE
"3468243020","Steuben Trust Corp","SBHO",2019-10-21,NA,NA,NA,NA,FALSE,TRUE
"3468584020","Innophos Holdings Inc","IPHS",2019-10-21,NA,NA,NA,NA,FALSE,TRUE
"3468746020","Calwest Bancorp","CALW",2019-10-21,NA,NA,NA,NA,FALSE,TRUE
"3466471020","Achillion Pharmaceuticals Inc","ACHN",2019-10-16,NA,NA,NA,NA,FALSE,TRUE
"3465538020","Jagged Peak Energy Inc","JAG",2019-10-14,NA,NA,NA,NA,FALSE,TRUE
"3464147020","Ra Pharmaceuticals Inc","RARX",2019-10-10,NA,NA,NA,NA,FALSE,TRUE
"3465661020","Chanticleer Holdings Inc","BURG",2019-10-10,NA,NA,NA,NA,FALSE,TRUE
"3480864020","OncoSec Medical Inc","ONCS",2019-10-10,"0001444307","browse_edgar","high","ONCOSEC MEDICAL Inc",TRUE,FALSE
"3483651020","Best Hometown Bancorp Inc","BTHT",2019-10-09,NA,NA,NA,NA,FALSE,TRUE
"3464272020","Astea International Inc","ATEA",2019-10-08,NA,NA,NA,NA,FALSE,TRUE
"3477678020","Astea International Inc","ATEA",2019-10-08,NA,NA,NA,NA,FALSE,TRUE
"3462288020","Progenics Pharmaceuticals Inc","PGNX",2019-10-02,NA,NA,NA,NA,FALSE,TRUE
"3388567020","Roan Resources Inc","ROAN",2019-10-01,NA,NA,NA,NA,FALSE,TRUE
"3460636020","Dova Pharmaceuticals Inc","DOVA",2019-09-30,NA,NA,NA,NA,FALSE,TRUE
"3462932020","State Bank Corp,Lake Havasu City,Arizona","SBAZ",2019-09-30,NA,NA,NA,NA,FALSE,TRUE
"3459736020","Revere Bank","REVB",2019-09-24,"   1810560","sec_bulk","high","REVELATION BIOSCIENCES, INC.",TRUE,FALSE
"3456870020","Arotech Corp","ARTX",2019-09-23,NA,NA,NA,NA,FALSE,TRUE
"3459751020","MidCoast Community Bancorp Inc","MDCT",2019-09-18,NA,NA,NA,NA,FALSE,TRUE
"3453108020","Alder BioPharmaceuticals Inc","ALDR",2019-09-16,NA,NA,NA,NA,FALSE,TRUE
"3453292020","SemGroup Corp","SEMG",2019-09-16,NA,NA,NA,NA,FALSE,TRUE
"3454011020","Tennessee Community Bank Holdings Inc","TNCB",2019-09-16,NA,NA,NA,NA,FALSE,TRUE
"3452679020","Innovus Pharmaceuticals Inc","INNV",2019-09-12,"   1834376","sec_bulk","high","InnovAge Holding Corp.",TRUE,FALSE
"3454424020","Fibrocell Science Inc","FCSC",2019-09-12,NA,NA,NA,NA,FALSE,TRUE
"3456116020","Highlands Bankshares Inc","HBSI",2019-09-11,NA,NA,NA,NA,FALSE,TRUE
"3451661020","United Community Financial Corp","UCFC",2019-09-09,NA,NA,NA,NA,FALSE,TRUE
"3451772020","MB Bancorp Inc","MBCQ",2019-09-06,NA,NA,NA,NA,FALSE,TRUE
"3450034020","Urovant Sciences Ltd","UROV",2019-09-05,NA,NA,NA,NA,FALSE,TRUE
"3448552020","MAM Software Group Inc","MAMS",2019-09-03,NA,NA,NA,NA,FALSE,TRUE
"3450773020","Reven Housing REIT Inc","RVEN",2019-08-31,NA,NA,NA,NA,FALSE,TRUE
"3452632020","RAIT Financial Trust","RAS",2019-08-30,NA,NA,NA,NA,FALSE,TRUE
"3446654020","Ecology & Environment Inc","EEI",2019-08-28,NA,NA,NA,NA,FALSE,TRUE
"3446797020","Castle Brands Inc","ROX",2019-08-28,NA,NA,NA,NA,FALSE,TRUE
"3445980020","Tallgrass Energy LP","TGE",2019-08-27,"   2053456","sec_bulk","high","Generation Essentials Group",TRUE,FALSE
"3440201020","SRC Energy Inc","SRCI",2019-08-26,NA,NA,NA,NA,FALSE,TRUE
"3441785020","Pivotal Software Inc","PVTL",2019-08-22,NA,NA,NA,NA,FALSE,TRUE
"3444324020","Carbon Black Inc","CBLK",2019-08-22,NA,NA,NA,NA,FALSE,TRUE
"3445816020","Industrial Services of America Inc","IDSA",2019-08-19,NA,NA,NA,NA,FALSE,TRUE
"3434487020","Cloud Peak Energy Inc","CLD",2019-08-16,NA,NA,NA,NA,FALSE,TRUE
"3450784020","Bancorp of New Jersey Inc","BKJ",2019-08-16,NA,NA,NA,NA,FALSE,TRUE
"3441398020","Presidio Inc","PSDO",2019-08-14,NA,NA,NA,NA,FALSE,TRUE
"3232310020","Viacom Inc","VIAB",2019-08-13,NA,NA,NA,NA,FALSE,TRUE
"3441135020","Alcentra Capital Corp","ABDC",2019-08-13,NA,NA,NA,NA,FALSE,TRUE
"3441453020","Peoples Bankshares Inc,Montross,Virginia","PBVA",2019-08-13,NA,NA,NA,NA,FALSE,TRUE
"3422324020","Wesco Aircraft Holdings Inc","WAIR",2019-08-09,NA,NA,NA,NA,FALSE,TRUE
"3441961020","Two River Bancorp","TRCB",2019-08-09,NA,NA,NA,NA,FALSE,TRUE
"3441969020","Country Bank Holding Co Inc","CYHC",2019-08-09,NA,NA,NA,NA,FALSE,TRUE
"3439275020","Corindus Vascular Robotics Inc","CVRS",2019-08-08,NA,NA,NA,NA,FALSE,TRUE
"3439641020","Vitamin Shoppe Inc","VSI",2019-08-08,NA,NA,NA,NA,FALSE,TRUE
"3438953020","Cambrex Corp","CBM",2019-08-07,NA,NA,NA,NA,FALSE,TRUE
"3441537020","Avedro Inc","AVDR",2019-08-07,NA,NA,NA,NA,FALSE,TRUE
"3465643020","Match Group Inc","MTCH",2019-08-07,"    891103","sec_bulk","high","Match Group, Inc.",TRUE,FALSE
"3406297020","Gannett Co Inc","GCI",2019-08-05,NA,NA,NA,NA,FALSE,TRUE
"3438948020","Blueknight Energy Partners LP","BKEP",2019-08-05,"0001392091","browse_edgar","high","Blueknight Energy Partners, L.P.",TRUE,FALSE
"3437721020","Credible Labs Inc","CRD",2019-08-04,NA,NA,NA,NA,FALSE,TRUE
"3437472020","Navigant Consulting Inc","NCI",2019-08-02,"   1916331","sec_bulk","high","Neo-Concept International Group Holdings Ltd",TRUE,FALSE
"3438176020","West End Indiana Bancshares Inc","WEIN",2019-08-01,NA,NA,NA,NA,FALSE,TRUE
"3439843020","OHA Investment Corp","NGPC",2019-08-01,NA,NA,NA,NA,FALSE,TRUE
"3434769020","Genomic Health Inc","GHDX",2019-07-29,NA,NA,NA,NA,FALSE,TRUE
"3434672020","Monotype Imaging Holdings Inc","TYPE",2019-07-26,NA,NA,NA,NA,FALSE,TRUE
"3446268020","First Alliance Bancshares Inc","FABR",2019-07-25,NA,NA,NA,NA,FALSE,TRUE
"3433781020","Gold Coast Bancorp Inc","GLDT",2019-07-24,NA,NA,NA,NA,FALSE,TRUE
"3441557020","Altapacific Bank Corp","ABNK",2019-07-24,NA,NA,NA,NA,FALSE,TRUE
"3433595020","Old Line Bancshares Inc","OLBK",2019-07-23,NA,NA,NA,NA,FALSE,TRUE
"3432556020","Peak Resorts Inc","SKIS",2019-07-22,NA,NA,NA,NA,FALSE,TRUE
"3432070020","Ben Franklin Financial Inc","BFFI",2019-07-16,NA,NA,NA,NA,FALSE,TRUE
"3434197020","OmniComm Systems Inc","OMCM",2019-07-16,NA,NA,NA,NA,FALSE,TRUE
"3429231020","Carrizo Oil & Gas Inc","CRZO",2019-07-15,NA,NA,NA,NA,FALSE,TRUE
"3429842020","Industrial Property Trust Inc","IDDP",2019-07-15,NA,NA,NA,NA,FALSE,TRUE
"3429894020","Carolina Trust BancShares Inc","CART",2019-07-15,"   1579091","sec_bulk","high","Maplebear Inc.",TRUE,FALSE
"3430013020","United Financial Bancorp Inc","RCKB",2019-07-15,NA,NA,NA,NA,FALSE,TRUE
"3428389020","Milacron Holdings Corp","MCRN",2019-07-12,NA,NA,NA,NA,FALSE,TRUE
"3429185020","Tower International Inc","TOWR",2019-07-12,NA,NA,NA,NA,FALSE,TRUE
"3430251020","Jones Soda Co","JSDA",2019-07-12,"   1083522","sec_bulk","high","JONES SODA CO.",TRUE,FALSE
"3426694020","Acacia Communications Inc","ACIA",2019-07-09,NA,NA,NA,NA,FALSE,TRUE
"3307523020","NorthStar Realty Europe Corp","NRE",2019-07-03,NA,NA,NA,NA,FALSE,TRUE
"3424619020","OMNOVA Solutions Inc","OMN",2019-07-03,NA,NA,NA,NA,FALSE,TRUE
"3424249020","Frederick County Bancorp Inc","FCBI",2019-07-02,NA,NA,NA,NA,FALSE,TRUE
"3424647020","FFI Holdings PLC","FFI",2019-07-02,NA,NA,NA,NA,FALSE,TRUE
"3364428020","Genesee & Wyoming Inc","GWR",2019-07-01,NA,NA,NA,NA,FALSE,TRUE
"3423152020","Orchids Paper Products Co","TIS",2019-06-28,NA,NA,NA,NA,FALSE,TRUE
"3422236020","ASV Holdings Inc","ASV",2019-06-27,NA,NA,NA,NA,FALSE,TRUE
"3422271020","Choice Bancorp Inc","CBKW",2019-06-27,NA,NA,NA,NA,FALSE,TRUE
"3421471020","Oritani Financial Corp","ORIT",2019-06-26,NA,NA,NA,NA,FALSE,TRUE
"3421793020","Aerohive Networks Inc","HIVE",2019-06-26,"   1720424","sec_bulk","high","HIVE Digital Technologies Ltd.",TRUE,FALSE
"3420434020","Allergan PLC","AGN",2019-06-25,NA,NA,NA,NA,FALSE,TRUE
"3365110020","Caesars Entertainment Corp","CZR",2019-06-24,"   1590895","sec_bulk","high","Caesars Entertainment, Inc.",TRUE,FALSE
"3419875020","Rudolph Technologies Inc","RTEC",2019-06-24,NA,NA,NA,NA,FALSE,TRUE
"3419921020","NRC Group Holdings Corp","NRCG",2019-06-24,NA,NA,NA,NA,FALSE,TRUE
"3419948020","Shore Community Bank,TomsRiver,NJ","SHRC",2019-06-24,NA,NA,NA,NA,FALSE,TRUE
"3419950020","Del Frisco's Restaurant Group LLC","DFRG",2019-06-24,NA,NA,NA,NA,FALSE,TRUE
"3419986020","PCM Inc","PCMI",2019-06-24,NA,NA,NA,NA,FALSE,TRUE
"3462006020","Discovery Gold Corp","DCGD",2019-06-20,NA,NA,NA,NA,FALSE,TRUE
"3418122020","Onsite Energy Corp","ONSE",2019-06-19,NA,NA,NA,NA,FALSE,TRUE
"3418183020","Gastar Exploration Inc",NA,2019-06-19,NA,NA,NA,NA,FALSE,TRUE
"3416137020","C&J Energy Services Inc",NA,2019-06-17,NA,NA,NA,NA,FALSE,TRUE
"3416138020","LegacyTexas Financial Group Inc,Plano,Texas","LTXB",2019-06-17,NA,NA,NA,NA,FALSE,TRUE
"3416141020","Array Biopharma Inc","ARRY",2019-06-17,"   1820721","sec_bulk","high","Array Technologies, Inc.",TRUE,FALSE
"3416224020","Sotheby's","BID",2019-06-17,NA,NA,NA,NA,FALSE,TRUE
"3417856020","FindEx.com Inc","FIND",2019-06-13,"0001089061","browse_edgar","high","FINDEX COM INC",TRUE,FALSE
"3411723020","Medidata Solutions Inc","MDSO",2019-06-12,NA,NA,NA,NA,FALSE,TRUE
"3416644020","TheStreet Inc","TST",2019-06-12,NA,NA,NA,NA,FALSE,TRUE
"3033521020","Tableau Software Inc","DATA",2019-06-10,NA,NA,NA,NA,FALSE,TRUE
"3409719020","Shutterfly Inc","SFLY",2019-06-10,NA,NA,NA,NA,FALSE,TRUE
"3409687020","Raytheon Co","RTN",2019-06-09,NA,NA,NA,NA,FALSE,TRUE
"3406342020","Barnes & Noble Inc","BKS",2019-06-07,NA,NA,NA,NA,FALSE,TRUE
"3416836020","Stewardship Financial Corp","SSFN",2019-06-07,NA,NA,NA,NA,FALSE,TRUE
"3412058020","Clarkston Financial Corp","CKSB",2019-06-05,NA,NA,NA,NA,FALSE,TRUE
"3412645020","DNB Financial Corp","DNBF",2019-06-05,NA,NA,NA,NA,FALSE,TRUE
"3401557020","Cypress Semiconductor Corp","CY",2019-06-03,NA,NA,NA,NA,FALSE,TRUE
"3401769020","El Paso Electric Co","EE",2019-06-03,"   1888447","sec_bulk","high","Excelerate Energy, Inc.",TRUE,FALSE
"3419075020","Fusion Connect Inc","FSNNQ",2019-06-03,NA,NA,NA,NA,FALSE,TRUE
"3397174020","Total System Services Inc","TSS",2019-05-28,NA,NA,NA,NA,FALSE,TRUE
"3418143020","Lighthouse Bank","LGHT",2019-05-28,NA,NA,NA,NA,FALSE,TRUE
"3394245020","Cray Inc","CRAY",2019-05-17,NA,NA,NA,NA,FALSE,TRUE
"3395450020","Pioneer Railcorp","PRRR",2019-05-17,NA,NA,NA,NA,FALSE,TRUE
"3393942020","Realm Therapeutics PLC","PURI",2019-05-16,NA,NA,NA,NA,FALSE,TRUE
"3394043020","Presidio Bank,San Francisco,CA","PDOB",2019-05-16,NA,NA,NA,NA,FALSE,TRUE
"3398297020","TimefireVR Inc","BDLF",2019-05-16,NA,NA,NA,NA,FALSE,TRUE
"3396650020","Virginia Community Bankshares Inc","VCBS",2019-05-14,NA,NA,NA,NA,FALSE,TRUE
"3412174020","Amber Road Inc","AMBR",2019-05-13,"   1697818","sec_bulk","high","Amber International Holding Ltd",TRUE,FALSE
"3390281020","Buckeye Partners LP","BPL",2019-05-10,NA,NA,NA,NA,FALSE,TRUE
"3392647020","Weatherford International PLC","WFT",2019-05-10,NA,NA,NA,NA,FALSE,TRUE
"3390388020","Control4 Corp","CTRL",2019-05-09,NA,NA,NA,NA,FALSE,TRUE
"3381637020","Zayo Group Holdings Inc","ZAYO",2019-05-08,NA,NA,NA,NA,FALSE,TRUE
"3389191020","Andeavor Logistics LP","ANDX",2019-05-08,NA,NA,NA,NA,FALSE,TRUE
"3388213020","Chesapeake Lodging Trust","CHSP",2019-05-06,NA,NA,NA,NA,FALSE,TRUE
"3388340020","Aquantia Corp","AQ",2019-05-06,NA,NA,NA,NA,FALSE,TRUE
"3389157020","Amplify Energy Corp","AMPY",2019-05-06,"   1533924","sec_bulk","high","Amplify Energy Corp.",TRUE,FALSE
"3391695020","Intermolecular Inc","IMI",2019-05-06,NA,NA,NA,NA,FALSE,TRUE
"3387125020","WageWorks Inc","WAGE",2019-04-30,NA,NA,NA,NA,FALSE,TRUE
"3387427020","MidSouth Bancorp Inc","MSL",2019-04-30,NA,NA,NA,NA,FALSE,TRUE
"3386118020","Aratana Therapeutics Inc","PETX",2019-04-26,NA,NA,NA,NA,FALSE,TRUE
"3387139020","New Bancorp Inc","NWBB",2019-04-26,NA,NA,NA,NA,FALSE,TRUE
"3381053020","Anadarko Petroleum Corp","APC",2019-04-24,"   2080921","sec_bulk","high","ARKO Petroleum Corp.",TRUE,FALSE
"3385127020","Entegra Financial Corp","ENFC",2019-04-24,NA,NA,NA,NA,FALSE,TRUE
"3385141020","Speedway Motorsports Inc","TRK",2019-04-23,NA,NA,NA,NA,FALSE,TRUE
"3384535020","The KEYW Holding Corp","KEYW",2019-04-22,NA,NA,NA,NA,FALSE,TRUE
"3383071020","Acreage Holdings Inc","ACRG.U",2019-04-18,NA,NA,NA,NA,FALSE,TRUE
"3383957020","MecklerMedia Corp","MECK",2019-04-17,NA,NA,NA,NA,FALSE,TRUE
"3346529020","Smart & Final Stores Inc","SFS",2019-04-16,NA,NA,NA,NA,FALSE,TRUE
"3381210020","Advanced Disposal Services Inc","ADSW",2019-04-15,NA,NA,NA,NA,FALSE,TRUE
"3381586020","Electronics For Imaging Inc","EFII",2019-04-15,NA,NA,NA,NA,FALSE,TRUE
"3380817020","Papa Murphy's Holdings Inc","FRSH",2019-04-11,"   1544522","sec_bulk","high","Freshworks Inc.",TRUE,FALSE
"3382218020","Carter Validus Mission Critical REIT Inc","CZMR",2019-04-11,NA,NA,NA,NA,FALSE,TRUE
"3379988020","Global Brass & Copper Holdings Inc","BRSS",2019-04-10,NA,NA,NA,NA,FALSE,TRUE
"3380284020","Liberty Bancorp Inc","LBCP",2019-04-10,NA,NA,NA,NA,FALSE,TRUE
"3381567020","Jones Energy Inc","JONE",2019-04-03,NA,NA,NA,NA,FALSE,TRUE
"3375613020","AmeriGas Partners LP","APU",2019-04-02,NA,NA,NA,NA,FALSE,TRUE
"3367907020","WABCO Holdings Inc","WBC",2019-03-28,NA,NA,NA,NA,FALSE,TRUE
"3374161020","Sierra Monitor Corp","SRMC",2019-03-28,NA,NA,NA,NA,FALSE,TRUE
"3371414020","WellCare Health Plans Inc","WCG",2019-03-27,NA,NA,NA,NA,FALSE,TRUE
"3371936020","Quantenna Communications Inc","QTNA",2019-03-27,NA,NA,NA,NA,FALSE,TRUE
"3369770020","TIER REIT Inc","TIER",2019-03-25,NA,NA,NA,NA,FALSE,TRUE
"3370530020","County Bank Corp","CVX",2019-03-25,"     93410","sec_bulk","high","CHEVRON CORP",TRUE,FALSE
"3368114020","SBT Bancorp Inc,Simsbury,Connecticut","SBTB",2019-03-21,NA,NA,NA,NA,FALSE,TRUE
"3366161020","HFF Inc","HF",2019-03-19,NA,NA,NA,NA,FALSE,TRUE
"3365088020","Worldpay Inc","WP",2019-03-18,NA,NA,NA,NA,FALSE,TRUE
"3368145020","Imaging3 Inc","IMGG",2019-03-18,NA,NA,NA,NA,FALSE,TRUE
"3373933020","M Line Holdings Inc","MLHC",2019-03-15,NA,NA,NA,NA,FALSE,TRUE
"3363056020","Oaktree Capital Group LLC","OAK",2019-03-13,NA,NA,NA,NA,FALSE,TRUE
"3362401020","Osiris Therapeutics Inc","OSIR",2019-03-12,NA,NA,NA,NA,FALSE,TRUE
"3361240020","International Wire Group Holdings Inc","ITWG",2019-03-08,NA,NA,NA,NA,FALSE,TRUE
"3353586020","Versum Materials Inc","VSM",2019-02-27,NA,NA,NA,NA,FALSE,TRUE
"3351402020","Spark Therapeutics Inc","ONCE",2019-02-25,NA,NA,NA,NA,FALSE,TRUE
"3351894020","Multi-Color Corp","LABL",2019-02-25,NA,NA,NA,NA,FALSE,TRUE
"3350619020","Attunity Ltd","ATTU",2019-02-21,NA,NA,NA,NA,FALSE,TRUE
"3352756020","Citizens First Corp","CZFC",2019-02-21,NA,NA,NA,NA,FALSE,TRUE
"3352047020","Immune Design Corp","IMDZ",2019-02-20,NA,NA,NA,NA,FALSE,TRUE
"2920089020","Pernix Therapeutics Holdings Inc","PTX",2019-02-19,NA,NA,NA,NA,FALSE,TRUE
"3345558020","Ellie Mae Inc","ELLI",2019-02-12,NA,NA,NA,NA,FALSE,TRUE
"3384620020","Cas Medical Systems Inc","CASM",2019-02-12,NA,NA,NA,NA,FALSE,TRUE
"3346491020","Livent Corp","LTHM",2019-02-11,"0001742924","browse_edgar","high","Livent Corp.",TRUE,FALSE
"3349413020","Determine Inc","SLTCD",2019-02-11,NA,NA,NA,NA,FALSE,TRUE
"3343793020","SunTrust Banks Inc","STI",2019-02-07,"   1881551","sec_bulk","high","Solidion Technology Inc.",TRUE,FALSE
"3345766020","Eli Lilly & Co","LLY",2019-02-06,"     59478","sec_bulk","high","ELI LILLY & Co",TRUE,FALSE
"3341031020","RhythmOne PLC","RTHM",2019-02-04,NA,NA,NA,NA,FALSE,TRUE
"3342283020","Ultimate Software Group Inc","ULTI",2019-02-04,NA,NA,NA,NA,FALSE,TRUE
"3342404020","Maxwell Technologies Inc","MXWL",2019-02-04,NA,NA,NA,NA,FALSE,TRUE
"3342886020","Liberty Expedia Holdings Inc","LEXEA",2019-02-04,NA,NA,NA,NA,FALSE,TRUE
"3339293020","TCF Financial Corp","TCF",2019-01-28,NA,NA,NA,NA,FALSE,TRUE
"3361122020","Rand Capital Corp","RAND",2019-01-25,"     81955","sec_bulk","high","RAND CAPITAL CORP",TRUE,FALSE
"3338225020","Kinderhook Bank Corp","NUBK",2019-01-22,NA,NA,NA,NA,FALSE,TRUE
"3336550020","UQM Technologies Inc","UQM",2019-01-21,NA,NA,NA,NA,FALSE,TRUE
"3334705020","First Data Corp","FDC",2019-01-16,NA,NA,NA,NA,FALSE,TRUE
"3336279020","Blue Valley Ban Corp","BVBC",2019-01-16,NA,NA,NA,NA,FALSE,TRUE
"3332839020","First South Bancorp Inc,Spartanburg,SC","FSBS",2019-01-10,NA,NA,NA,NA,FALSE,TRUE
"3331067020","Loxo Oncology Inc","LOXO",2019-01-07,NA,NA,NA,NA,FALSE,TRUE
"3331582020","HopFed Bancorp Inc","HFBC",2019-01-07,NA,NA,NA,NA,FALSE,TRUE
"3330372020","Celgene Corp","CELG",2019-01-03,NA,NA,NA,NA,FALSE,TRUE
"3330497020","MedEquities Realty Trust Inc","MRT",2019-01-02,"   1852767","sec_bulk","high","Marti Technologies, Inc.",TRUE,FALSE
"3328323020","Stira Alcentra Global Credit Fund","XSAAX",2018-12-27,NA,NA,NA,NA,FALSE,TRUE
"3342169020","Frontier Oilfield Services Inc","FOSI",2018-12-26,NA,NA,NA,NA,FALSE,TRUE
"3326051020","MINDBODY Inc","MB",2018-12-24,"   2027265","sec_bulk","high","MASTERBEEF GROUP",TRUE,FALSE
"3330779020","OurPet's Co","OPCO",2018-12-19,NA,NA,NA,NA,FALSE,TRUE
"3296542020","Civitas Solutions Inc","CIVI",2018-12-18,"   1509589","sec_bulk","high","CIVITAS RESOURCES, INC.",TRUE,FALSE
"3322666020","Fidelity Southern Corp","LION",2018-12-17,"   2052959","sec_bulk","high","Lionsgate Studios Corp.",TRUE,FALSE
"3409934020","Clear Channel Outdoor Holdings Inc","CCO",2018-12-17,"   1334978","sec_bulk","high","Clear Channel Outdoor Holdings, Inc.",TRUE,FALSE
"3324094020","Virginia Partners Bank","PTRS",2018-12-13,NA,NA,NA,NA,FALSE,TRUE
"3320952020","FMB Equibanc Inc","FMBE",2018-12-12,NA,NA,NA,NA,FALSE,TRUE
"3321607020","Sparton Corp","SPA",2018-12-12,NA,NA,NA,NA,FALSE,TRUE
"3325622020","Parker Drilling Co","PKD",2018-12-12,NA,NA,NA,NA,FALSE,TRUE
"3319949020","SI Financial Group Inc","SIFI",2018-12-11,NA,NA,NA,NA,FALSE,TRUE
"3319041020","NutriSystem Inc","NTRI",2018-12-10,NA,NA,NA,NA,FALSE,TRUE
"3320247020","Uniti Financial Corp","UIFC",2018-12-10,NA,NA,NA,NA,FALSE,TRUE
"3317549020","Sears Holdings Corp","SHLD",2018-12-06,NA,NA,NA,NA,FALSE,TRUE
"3316944020","OncoMed Pharmaceuticals Inc","OMED",2018-12-05,NA,NA,NA,NA,FALSE,TRUE
"3110526020","Tesaro Inc","TSRO",2018-12-03,NA,NA,NA,NA,FALSE,TRUE
"3309230020","Tribune Media Co","TRCO",2018-12-03,NA,NA,NA,NA,FALSE,TRUE
"3317106020","Arlo Technologies Inc","ARLO",2018-11-29,"   1736946","sec_bulk","high","Arlo Technologies, Inc.",TRUE,FALSE
"3313847020","BSB Bancorp Inc,Belmont,MA","BLMT",2018-11-27,NA,NA,NA,NA,FALSE,TRUE
"3314157020","Gaming Partners International Corp","GPIC",2018-11-27,NA,NA,NA,NA,FALSE,TRUE
"3313284020","National Commerce Corp","NCOM",2018-11-26,NA,NA,NA,NA,FALSE,TRUE
"3310808020","Resolute Energy Corp","REN",2018-11-19,NA,NA,NA,NA,FALSE,TRUE
"3311476020","National Holdings Corp","NHLD",2018-11-19,NA,NA,NA,NA,FALSE,TRUE
"3309065020","Tahoe Resources Inc","THO",2018-11-14,"    730263","sec_bulk","high","THOR INDUSTRIES INC",TRUE,FALSE
"3309700020","Reliance Bancshares Inc","RLBS",2018-11-13,NA,NA,NA,NA,FALSE,TRUE
"3309341020","iPass Inc","IPAS",2018-11-12,NA,NA,NA,NA,FALSE,TRUE
"3308171020","Apptio Inc","APTI",2018-11-11,NA,NA,NA,NA,FALSE,TRUE
"3308489020","Black Box Corp","BBOX",2018-11-11,NA,NA,NA,NA,FALSE,TRUE
"3307823020","Finisar Corp","FNSR",2018-11-09,NA,NA,NA,NA,FALSE,TRUE
"3308159020","International Speedway Corp","ISCA",2018-11-09,NA,NA,NA,NA,FALSE,TRUE
"3304081020","Arris International Plc","ARRS",2018-11-08,NA,NA,NA,NA,FALSE,TRUE
"3307458020","Western Gas Partners LP","WES",2018-11-08,"   1423902","sec_bulk","high","Western Midstream Partners, LP",TRUE,FALSE
"3310138020","Asterias Biotherapeutics Inc","AST",2018-11-08,NA,NA,NA,NA,FALSE,TRUE
"3306953020","Investment Technology Group Inc","ITG",2018-11-07,NA,NA,NA,NA,FALSE,TRUE
"3307556020","Owens Realty Mortgage Inc","ORM",2018-11-07,NA,NA,NA,NA,FALSE,TRUE
"3304786020","ConvergeOne Holdings Inc","CVON",2018-11-06,NA,NA,NA,NA,FALSE,TRUE
"3306571020","Bojangles' Inc","BOJA",2018-11-06,NA,NA,NA,NA,FALSE,TRUE
"3307358020","FPB Financial Corp","FPBF",2018-11-06,NA,NA,NA,NA,FALSE,TRUE
"3308496020","Datawatch Corp","DWCH",2018-11-05,NA,NA,NA,NA,FALSE,TRUE
"3305183020","Newfield Exploration Co","NFX",2018-11-01,NA,NA,NA,NA,FALSE,TRUE
"3305854020","Trinity Capital Corp","TRIN",2018-11-01,"   1786108","sec_bulk","high","Trinity Capital Inc.",TRUE,FALSE
"3304966020","Intersections Inc","INTX",2018-10-31,NA,NA,NA,NA,FALSE,TRUE
"3304333020","Electro Scientific Industries Inc","ESIO",2018-10-30,NA,NA,NA,NA,FALSE,TRUE
"3304347020","Wildhorse Resource Development Corp","WRD",2018-10-30,"   1867729","sec_bulk","high","WeRide Inc.",TRUE,FALSE
"3303665020","Red Hat Inc","RHT",2018-10-28,NA,NA,NA,NA,FALSE,TRUE
"3309253020","Gastar Exploration Inc","GST",2018-10-26,"   2064551","sec_bulk","high","Ga Sai Tong Enterprise Ltd",TRUE,FALSE
"3304263020","Capital Bank of New Jersey","CANJ",2018-10-25,NA,NA,NA,NA,FALSE,TRUE
"3302108020","Hamilton Bancorp Inc","HBK",2018-10-23,NA,NA,NA,NA,FALSE,TRUE
"3301353020","EnLink Midstream Partners LP","ENLK",2018-10-22,NA,NA,NA,NA,FALSE,TRUE
"3301451020","American Railcar Industries Inc",NA,2018-10-22,NA,NA,NA,NA,FALSE,TRUE
"3301483020","JetPay Corp","JTPY",2018-10-22,NA,NA,NA,NA,FALSE,TRUE
"3300139020","Endocyte Inc","ECYT",2018-10-18,NA,NA,NA,NA,FALSE,TRUE
"3300345020","InfraREIT Inc","HIFR",2018-10-18,NA,NA,NA,NA,FALSE,TRUE
"3298889020","Cambium Learning Group Inc","ABCD",2018-10-15,NA,NA,NA,NA,FALSE,TRUE
"3299127020","SendGrid Inc","SEND",2018-10-15,NA,NA,NA,NA,FALSE,TRUE
"3298725020","L3 Technologies Inc","LLL",2018-10-14,NA,NA,NA,NA,FALSE,TRUE
"3298136020","Corium International Inc","CORI",2018-10-11,NA,NA,NA,NA,FALSE,TRUE
"3298138020","Idaho Independent Bank,Boise, Idaho","IIBK",2018-10-11,NA,NA,NA,NA,FALSE,TRUE
"3298142020","Community 1st Bank,Post Falls,Idaho","CMYF",2018-10-11,NA,NA,NA,NA,FALSE,TRUE
"3013068020","Imperva Inc","IMPV",2018-10-10,NA,NA,NA,NA,FALSE,TRUE
"3269691020","Esterline Technologies Corp","ESL",2018-10-10,NA,NA,NA,NA,FALSE,TRUE
"3297390020","MBT Financial Corp","MBTF",2018-10-10,NA,NA,NA,NA,FALSE,TRUE
"3297005020","Antero Midstream Partners LP","AM",2018-10-09,"   1623925","sec_bulk","high","Antero Midstream Corp",TRUE,FALSE
"3296591020","Rowan Cos PLC","RDC",2018-10-08,NA,NA,NA,NA,FALSE,TRUE
"3296125020","Access National Corp","ANCX",2018-10-05,NA,NA,NA,NA,FALSE,TRUE
"3295472020","Hortonworks Inc","HDP",2018-10-03,NA,NA,NA,NA,FALSE,TRUE
"3295474020","Lime Energy Co","LIME",2018-10-03,NA,NA,NA,NA,FALSE,TRUE
"3295959020","Birner Dental Management Services Inc","BDMS",2018-10-03,NA,NA,NA,NA,FALSE,TRUE
"3294810020","HomeTown Bankshares Corp","HMTA",2018-10-01,NA,NA,NA,NA,FALSE,TRUE
"3294589020","Pershing Gold Corp","PGLC",2018-09-30,NA,NA,NA,NA,FALSE,TRUE
"3294104020","CafePress Inc","PRSS",2018-09-28,NA,NA,NA,NA,FALSE,TRUE
"3294228020","TyraTech Inc","TYR",2018-09-28,NA,NA,NA,NA,FALSE,TRUE
"3292321020","XO Group Inc","XOXO",2018-09-25,NA,NA,NA,NA,FALSE,TRUE
"3292416020","Sonic Corp","SONC",2018-09-25,NA,NA,NA,NA,FALSE,TRUE
"3291789020","Pandora Media Inc","P",2018-09-24,NA,NA,NA,NA,FALSE,TRUE
"3290748020","Blue Hills Bancorp Inc","BHBK",2018-09-20,NA,NA,NA,NA,FALSE,TRUE
"3290193020","Dominion Energy Midstream Partners LP","DM",2018-09-19,NA,NA,NA,NA,FALSE,TRUE
"3289452020","Nevada Gold & Casinos Inc","UWN",2018-09-18,NA,NA,NA,NA,FALSE,TRUE
"3290694020","Command Security Corp","CMMD",2018-09-18,NA,NA,NA,NA,FALSE,TRUE
"3288419020","Select Income REIT","SIR",2018-09-17,NA,NA,NA,NA,FALSE,TRUE
"3288432020","Senomyx Inc","SNMX",2018-09-17,NA,NA,NA,NA,FALSE,TRUE
"3288710020","Nexeo Solutions Inc","NXEO",2018-09-17,NA,NA,NA,NA,FALSE,TRUE
"3289410020","GRCR Partners Inc","GRCR",2018-09-14,NA,NA,NA,NA,FALSE,TRUE
"3287171020","MPM Holding Inc","MPMH",2018-09-13,NA,NA,NA,NA,FALSE,TRUE
"3287385020","CAB Financial Corp","CABF",2018-09-13,NA,NA,NA,NA,FALSE,TRUE
"3286377020","Invuity Inc","IVTY",2018-09-11,NA,NA,NA,NA,FALSE,TRUE
"3282974020","Integrated Device Technology Inc","IDTI",2018-09-10,NA,NA,NA,NA,FALSE,TRUE
"3285848020","Engility Holdings Inc","EGL",2018-09-10,NA,NA,NA,NA,FALSE,TRUE
"3284778020","WSI Industries Inc","WSCI",2018-09-06,NA,NA,NA,NA,FALSE,TRUE
"3282458020","Reis Inc","REIS",2018-08-30,NA,NA,NA,NA,FALSE,TRUE
"3282481020","K2M Group Holdings Inc","KTWO",2018-08-30,"   2086524","sec_bulk","high","K2 Capital Acquisition Corp",TRUE,FALSE
"3286124020","FragranceNet.com Inc","FGNT",2018-08-28,NA,NA,NA,NA,FALSE,TRUE
"3260249020","Rex Energy Corp","REXX",2018-08-27,NA,NA,NA,NA,FALSE,TRUE
"3281069020","Blue Ridge Mountain Resources Inc","BRMR",2018-08-27,NA,NA,NA,NA,FALSE,TRUE
"3280404020","Highlands Bancorp Inc","HSBK",2018-08-23,NA,NA,NA,NA,FALSE,TRUE
"3279590020","The Navigators Group Inc","NAVG",2018-08-22,NA,NA,NA,NA,FALSE,TRUE
"3278207020","Zoe's Kitchen Inc","ZOES",2018-08-17,NA,NA,NA,NA,FALSE,TRUE
"3277322020","KMG Chemicals Inc","KMGB",2018-08-15,NA,NA,NA,NA,FALSE,TRUE
"3277022020","Energen Corp","EGN",2018-08-14,NA,NA,NA,NA,FALSE,TRUE
"3275447020","OvaScience Inc","OVAS",2018-08-09,NA,NA,NA,NA,FALSE,TRUE
"3275056020","Beneficial Bancorp Inc","BNCL",2018-08-08,NA,NA,NA,NA,FALSE,TRUE
"3275239020","Dun & Bradstreet Corp","DNB",2018-08-08,"0001799208","browse_edgar","high","Dun & Bradstreet Holdings, Inc.",TRUE,FALSE
"3147860020","Bemis Co Inc","BMS",2018-08-06,NA,NA,NA,NA,FALSE,TRUE
"3273570020","Jamba Inc","JMBA",2018-08-02,NA,NA,NA,NA,FALSE,TRUE
"3273779020","Energy Transfer Partners LP","ETP",2018-08-01,NA,NA,NA,NA,FALSE,TRUE
"3210283020","Forest City Realty Trust Inc","FCE.A",2018-07-31,NA,NA,NA,NA,FALSE,TRUE
"3272398020","AJS Bancorp Inc,Midlothian, Illinois","AJSB",2018-07-31,NA,NA,NA,NA,FALSE,TRUE
"3270917020","SuperValu Inc","SVU",2018-07-26,NA,NA,NA,NA,FALSE,TRUE
"3270687020","Pilgrim Bancshares Inc","PLRM",2018-07-25,NA,NA,NA,NA,FALSE,TRUE
"3270094020","FCB Financial Holdings Inc","FCB",2018-07-24,NA,NA,NA,NA,FALSE,TRUE
"3270096020","Green Bancorp Inc","GNBC",2018-07-24,NA,NA,NA,NA,FALSE,TRUE
"3269384020","LifePoint Health Inc","LPNT",2018-07-23,NA,NA,NA,NA,FALSE,TRUE
"3269599020","Corporate Capital Trust Inc","CCT",2018-07-23,NA,NA,NA,NA,FALSE,TRUE
"3269390020","Syntel Inc","SYNT",2018-07-22,NA,NA,NA,NA,FALSE,TRUE
"3268045020","Anchor Bancorp","ANCB",2018-07-18,NA,NA,NA,NA,FALSE,TRUE
"3268326020","Phillips Edison Grocery Center REIT II Inc","PDRG",2018-07-18,NA,NA,NA,NA,FALSE,TRUE
"3267896020","First Suffield Financial Inc","FSFF",2018-07-17,NA,NA,NA,NA,FALSE,TRUE
"3267597020","GulfMark Offshore Inc",NA,2018-07-16,NA,NA,NA,NA,FALSE,TRUE
"3266523020","Greater Hudson Bank","GHDS",2018-07-12,NA,NA,NA,NA,FALSE,TRUE
"3266289020","CA Inc","CA",2018-07-11,NA,NA,NA,NA,FALSE,TRUE
"3266292020","Poage Bankshares Inc","PBSK",2018-07-11,NA,NA,NA,NA,FALSE,TRUE
"3313364020","TransMontaigne Partners LP","TLP",2018-07-11,NA,NA,NA,NA,FALSE,TRUE
"3265561020","Tintri Inc","TNTR",2018-07-10,NA,NA,NA,NA,FALSE,TRUE
"3265226020","iCTC Group Inc","ICTG",2018-07-09,NA,NA,NA,NA,FALSE,TRUE
"3264180020","Xplore Technologies Corp","XPLR",2018-07-05,NA,NA,NA,NA,FALSE,TRUE
"3263097020","Juniper Pharmaceuticals Inc","JNP",2018-07-03,NA,NA,NA,NA,FALSE,TRUE
"3263399020","AXM Pharma Inc","AXMP",2018-07-02,NA,NA,NA,NA,FALSE,TRUE
"3296599020","Madison Strategic Sector Premium Fund","MSP",2018-06-30,NA,NA,NA,NA,FALSE,TRUE
"3262209020","Echelon Corp","ELON",2018-06-29,NA,NA,NA,NA,FALSE,TRUE
"3262565020","RadiSys Corp","RSYS",2018-06-29,NA,NA,NA,NA,FALSE,TRUE
"3258295020","Convergys Corp","CVG",2018-06-28,NA,NA,NA,NA,FALSE,TRUE
"3261636020","Keryx Biopharmaceuticals Inc","KERX",2018-06-28,NA,NA,NA,NA,FALSE,TRUE
"3111445020","Pinnacle Foods Inc","PF",2018-06-27,NA,NA,NA,NA,FALSE,TRUE
"3262418020","Capital Commerce Bancorp Inc","CCMB",2018-06-27,NA,NA,NA,NA,FALSE,TRUE
"3260578020","MW Bancorp Inc","MWBC",2018-06-26,NA,NA,NA,NA,FALSE,TRUE
"3251300020","Education Realty Trust Inc","EDR",2018-06-25,NA,NA,NA,NA,FALSE,TRUE
"3259735020","Easterly Acquisition Corp","EACQU",2018-06-25,NA,NA,NA,NA,FALSE,TRUE
"3259528020","Xerium Technologies Inc","XRM",2018-06-24,NA,NA,NA,NA,FALSE,TRUE
"3258869020","Modular Space Holdings Inc","MSPP",2018-06-22,NA,NA,NA,NA,FALSE,TRUE
"3257636020","Enterprise Bank NJ","ENBN",2018-06-20,NA,NA,NA,NA,FALSE,TRUE
"3258292020","Web.Com Group Inc","WEB",2018-06-20,NA,NA,NA,NA,FALSE,TRUE
"3257106020","Cotiviti Holdings Inc","COTV",2018-06-19,NA,NA,NA,NA,FALSE,TRUE
"3257125020","First Connecticut Bancorp Inc","FBNK",2018-06-19,NA,NA,NA,NA,FALSE,TRUE
"3085989020","Energy XXI Gulf Coast Inc","EGC",2018-06-18,NA,NA,NA,NA,FALSE,TRUE
"3256618020","Corporate Property Associates 17-Global Inc","CPPY",2018-06-18,NA,NA,NA,NA,FALSE,TRUE
"3256629020","CoBiz Financial Inc","COBZ",2018-06-18,NA,NA,NA,NA,FALSE,TRUE
"3254006020","Envision Healthcare Corp","EVHC",2018-06-11,NA,NA,NA,NA,FALSE,TRUE
"3256393020","Athens Bancshares Corp","AFCB",2018-06-11,NA,NA,NA,NA,FALSE,TRUE
"3253093020","AV Homes Inc","AVHI",2018-06-07,NA,NA,NA,NA,FALSE,TRUE
"3253224020","Northern States Financial  Corp","NSFC",2018-06-07,NA,NA,NA,NA,FALSE,TRUE
"3252518020","Enlink Midstream LLC","ENLC",2018-06-06,"0001592000","browse_edgar","high","EnLink Midstream, LLC",TRUE,FALSE
"3251874020","Central Steel & Wire Co","CSTW",2018-06-05,NA,NA,NA,NA,FALSE,TRUE
"3252007020","Xtreme Drilling Corp","XDC",2018-06-05,NA,NA,NA,NA,FALSE,TRUE
"4041747020","ClearBridge American Energy MLP Fund Inc","CBA",2018-06-05,NA,NA,NA,NA,FALSE,TRUE
"3250615020","Transbotics Corp","TNSB",2018-05-31,NA,NA,NA,NA,FALSE,TRUE
"3255510020","Mercersburg Financial Corp","FNBE",2018-05-31,NA,NA,NA,NA,FALSE,TRUE
"3248619020","Century Petroleum Corp","CYPE",2018-05-24,NA,NA,NA,NA,FALSE,TRUE
"3247134020","First Security Inc","FIIT",2018-05-22,NA,NA,NA,NA,FALSE,TRUE
"3247138020","Guaranty Bancorp","GBNK",2018-05-22,NA,NA,NA,NA,FALSE,TRUE
"3246521020","MB Financial Inc","MBFI",2018-05-21,NA,NA,NA,NA,FALSE,TRUE
"3245544020","Enbridge Energy Management LLC","EEQ",2018-05-17,NA,NA,NA,NA,FALSE,TRUE
"3245551020","Enbridge Energy Partners LP","EEP",2018-05-17,NA,NA,NA,NA,FALSE,TRUE
"3244936020","Abaxis Inc","ABAX",2018-05-16,NA,NA,NA,NA,FALSE,TRUE
"3246748020","Universal Power Group Inc","UPGI",2018-05-16,NA,NA,NA,NA,FALSE,TRUE
"3286029020","Essendant Inc","ESND",2018-05-16,NA,NA,NA,NA,FALSE,TRUE
"3243715020","State Bank Financial Corp","STBZ",2018-05-13,NA,NA,NA,NA,FALSE,TRUE
"3243090020","Armo Biosciences Inc","ARMO",2018-05-10,NA,NA,NA,NA,FALSE,TRUE
"3244940020","UV Flu Technologies Inc","UVFT",2018-05-10,NA,NA,NA,NA,FALSE,TRUE
"3241927020","Xcerra Corp","XCRA",2018-05-08,NA,NA,NA,NA,FALSE,TRUE
"3241685020","Gramercy Property Trust","GPT",2018-05-07,NA,NA,NA,NA,FALSE,TRUE
"3241705020","athenahealth Inc","ATHN",2018-05-07,NA,NA,NA,NA,FALSE,TRUE
"3241078020","Colombo Bank","IFSB",2018-05-03,NA,NA,NA,NA,FALSE,TRUE
"3240708020","MTGE Investment Corp","MTGE",2018-05-02,NA,NA,NA,NA,FALSE,TRUE
"3240072020","Klx Inc","KLXI",2018-05-01,NA,NA,NA,NA,FALSE,TRUE
"3240175020","RPX Corp","RPXC",2018-05-01,NA,NA,NA,NA,FALSE,TRUE
"3116510020","ILG Inc","ILG",2018-04-30,NA,NA,NA,NA,FALSE,TRUE
"3239761020","Andeavor Corp","ANDV",2018-04-30,NA,NA,NA,NA,FALSE,TRUE
"3239959020","Financial Engines Inc","FNGN",2018-04-30,NA,NA,NA,NA,FALSE,TRUE
"3239609020","Sprint Corp","S",2018-04-29,"   1583708","sec_bulk","high","SentinelOne, Inc.",TRUE,FALSE
"3239737020","DCT Industrial Trust Inc","DCT",2018-04-29,NA,NA,NA,NA,FALSE,TRUE
"3238809020","Mattersight Corp","MATR",2018-04-26,NA,NA,NA,NA,FALSE,TRUE
"3239039020","Rice Midstream Partners LP","RMP",2018-04-26,NA,NA,NA,NA,FALSE,TRUE
"3239608020","CYS Investments Inc","CYS",2018-04-26,NA,NA,NA,NA,FALSE,TRUE
"3238412020","Northwest Bancorp Inc,Spokane,WA","NBCT",2018-04-25,NA,NA,NA,NA,FALSE,TRUE
"3238440020","Quality Care Properties Inc","QCP",2018-04-25,NA,NA,NA,NA,FALSE,TRUE
"3238285020","Charter Financial Corp","CHFN",2018-04-24,NA,NA,NA,NA,FALSE,TRUE
"3237507020","Vectren Corp","VVC",2018-04-23,NA,NA,NA,NA,FALSE,TRUE
"3237523020","ELXSI Corp","ELXS",2018-04-23,NA,NA,NA,NA,FALSE,TRUE
"3237632020","First American International Corp","FAIT",2018-04-23,NA,NA,NA,NA,FALSE,TRUE
"3238351020","Farmers Capital Bank Corp","FFKT",2018-04-19,NA,NA,NA,NA,FALSE,TRUE
"3235183020","Tropicana Entertainment Inc","TPCA",2018-04-16,NA,NA,NA,NA,FALSE,TRUE
"3233404020","Analogic Corp","ALOG",2018-04-10,"   2083031","sec_bulk","high","ALBERT ORIGIN ACQUISITION Corp",TRUE,FALSE
"3232429020","AveXis Inc","AVXS",2018-04-09,NA,NA,NA,NA,FALSE,TRUE
"3232848020","Verifone Systems Inc","PAY",2018-04-09,"   1841156","sec_bulk","high","Paymentus Holdings, Inc.",TRUE,FALSE
"3230423020","STRATA Skin Sciences Inc","SSKN",2018-04-02,"   1051514","sec_bulk","high","STRATA Skin Sciences, Inc.",TRUE,FALSE
"3229223020","RSP Permian Inc","RSPP",2018-03-28,NA,NA,NA,NA,FALSE,TRUE
"3229257020","Willbros Group Inc","WG",2018-03-28,NA,NA,NA,NA,FALSE,TRUE
"3229345020","LaSalle Hotel Properties","LHO",2018-03-28,NA,NA,NA,NA,FALSE,TRUE
"3228064020","Finish Line Inc","FINL",2018-03-26,NA,NA,NA,NA,FALSE,TRUE
"3228068020","CoAdna Holdings Inc","4984",2018-03-26,NA,NA,NA,NA,FALSE,TRUE
"3228126020","NeuLion Inc","NLN",2018-03-26,NA,NA,NA,NA,FALSE,TRUE
"3228181020","USG Corp","USG",2018-03-26,NA,NA,NA,NA,FALSE,TRUE
"3228325020","Legacy Reserves LP","LGCY",2018-03-26,"   1836754","sec_bulk","high","Legacy Education Inc.",TRUE,FALSE
"3228782020","Tallgrass Energy Partners LP","TEP",2018-03-26,NA,NA,NA,NA,FALSE,TRUE
"3231723020","Alterola Biotech Inc","ALTA",2018-03-26,NA,NA,NA,NA,FALSE,TRUE
"3226965020","Cartesian Inc","CRTN",2018-03-22,NA,NA,NA,NA,FALSE,TRUE
"3226117020","MuleSoft Inc","MULE",2018-03-20,NA,NA,NA,NA,FALSE,TRUE
"3223977020","Connecticut Water Service Inc","CTWS",2018-03-15,NA,NA,NA,NA,FALSE,TRUE
"3223636020","Coastway Bancorp Inc","CWAY",2018-03-14,NA,NA,NA,NA,FALSE,TRUE
"3257518020","EV Energy Partners LP","EVEP",2018-03-14,NA,NA,NA,NA,FALSE,TRUE
"3222250020","Oclaro Inc","OCLR",2018-03-12,NA,NA,NA,NA,FALSE,TRUE
"3223387020","United Community Bancorp,Lawrenceburg,IN","UCBA",2018-03-12,NA,NA,NA,NA,FALSE,TRUE
"3222331020","Cogentix Medical Inc","CGNT",2018-03-11,"   1824814","sec_bulk","high","Cognyte Software Ltd.",TRUE,FALSE
"3221029020","Express Scripts Holding Co","ESRX",2018-03-08,NA,NA,NA,NA,FALSE,TRUE
"3221611020","Bravo Brio Restaurant Group Inc","BBRG",2018-03-07,NA,NA,NA,NA,FALSE,TRUE
"3220180020","CommerceHub Inc","CHUBA",2018-03-06,NA,NA,NA,NA,FALSE,TRUE
"3220517020","Trans World Corp","TWOC",2018-03-02,NA,NA,NA,NA,FALSE,TRUE
"3216919020","Microsemi Corp","MSCC",2018-03-01,NA,NA,NA,NA,FALSE,TRUE
"3219697020","Fenix Parts LLC","FENX",2018-03-01,NA,NA,NA,NA,FALSE,TRUE
"3220390020","Great State Bank","GSTB",2018-03-01,NA,NA,NA,NA,FALSE,TRUE
"3217351020","PHH Corp","PHH",2018-02-27,NA,NA,NA,NA,FALSE,TRUE
"3216580020","MHM Services Inc","MHMI",2018-02-26,NA,NA,NA,NA,FALSE,TRUE
"3216631020","HRG Group Inc","HRG",2018-02-26,NA,NA,NA,NA,FALSE,TRUE
"3216801020","Community Bank of Pasadena, Pasadena,CA","CYHT",2018-02-26,NA,NA,NA,NA,FALSE,TRUE
"3218277020","RLJ Entertainment Inc","RLJAU",2018-02-26,NA,NA,NA,NA,FALSE,TRUE
"3219914020","Pacific Commerce Bancorp","PCBC",2018-02-26,NA,NA,NA,NA,FALSE,TRUE
"3216076020","Blue Buffalo Pet Products Inc","BUFF",2018-02-23,NA,NA,NA,NA,FALSE,TRUE
"3220299020","Alliance Holdings GP LP","AHGP",2018-02-23,NA,NA,NA,NA,FALSE,TRUE
"3214881020","Fogo De Chao Inc","FOGO",2018-02-20,NA,NA,NA,NA,FALSE,TRUE
"3213959020","A Schulman Inc","SHLM",2018-02-15,NA,NA,NA,NA,FALSE,TRUE
"3213676020","Layne Christensen Co","LAYN",2018-02-14,NA,NA,NA,NA,FALSE,TRUE
"3212896020","Nationstar Mortgage Holdings Inc","NSM",2018-02-13,NA,NA,NA,NA,FALSE,TRUE
"3213176020","Infinity Property & Casualty Corp","IPCC",2018-02-13,NA,NA,NA,NA,FALSE,TRUE
"3212326020","Grandpoint Capital Inc","GPNC",2018-02-12,NA,NA,NA,NA,FALSE,TRUE
"3212611020","Crystal Rock Holdings Inc","CRVP",2018-02-12,NA,NA,NA,NA,FALSE,TRUE
"3212274020","CSRA Inc","CSRA",2018-02-09,NA,NA,NA,NA,FALSE,TRUE
"3310059020","Newmark Group Inc","NMRK",2018-02-09,"   1690680","sec_bulk","high","NEWMARK GROUP, INC.",TRUE,FALSE
"3212518020","Nustar GP Holdings LLC","NSH",2018-02-08,NA,NA,NA,NA,FALSE,TRUE
"3210860020","Valence Technology Inc","VLNC",2018-02-07,NA,NA,NA,NA,FALSE,TRUE
"3213109020","Perry Ellis International Inc","PERY",2018-02-07,NA,NA,NA,NA,FALSE,TRUE
"3214912020","Cord Blood America Inc","CBAI",2018-02-07,NA,NA,NA,NA,FALSE,TRUE
"3091348020","8point3 Energy Partners LP","CAFD",2018-02-05,NA,NA,NA,NA,FALSE,TRUE
"3208273020","Cascadian Therapeutics Inc","CASC",2018-01-31,NA,NA,NA,NA,FALSE,TRUE
"3208337020","Ply Gem Holdings Inc","PGEM",2018-01-31,NA,NA,NA,NA,FALSE,TRUE
"3207542020","Callidus Software Inc","CALD",2018-01-30,NA,NA,NA,NA,FALSE,TRUE
"3207204020","Kapstone Paper & Packaging Corp","KS",2018-01-29,NA,NA,NA,NA,FALSE,TRUE
"3207238020","Dr Pepper Snapple Group Inc","DPS",2018-01-29,NA,NA,NA,NA,FALSE,TRUE
"3206773020","Hamilton State Bancshares Inc","HMBH",2018-01-26,NA,NA,NA,NA,FALSE,TRUE
"3206386020","Key Technology Inc","KTEC",2018-01-25,NA,NA,NA,NA,FALSE,TRUE
"3205792020","US Geothermal Inc","GTH",2018-01-24,NA,NA,NA,NA,FALSE,TRUE
"3206285020","NewDominion Bank,Charlotte,NC","NDMN",2018-01-23,NA,NA,NA,NA,FALSE,TRUE
"3203182020","Juno Therapeutics Inc","JUNO",2018-01-22,NA,NA,NA,NA,FALSE,TRUE
"3204492020","Bioverativ Inc","BIVVV",2018-01-22,NA,NA,NA,NA,FALSE,TRUE
"3103709020","La Quinta Holdings Inc","LQ",2018-01-18,NA,NA,NA,NA,FALSE,TRUE
"3203887020","Jacksonville Bancorp Inc","JXSB",2018-01-18,NA,NA,NA,NA,FALSE,TRUE
"3202858020","Blackhawk Network Holdings Inc","HAWK",2018-01-16,NA,NA,NA,NA,FALSE,TRUE
"3203469020","First Federal of Northern Michigan Bancorp Inc,Alpena, Michigan","FFNM",2018-01-16,NA,NA,NA,NA,FALSE,TRUE
"3205353020","First Priority Financial Corp","FPBK",2018-01-16,NA,NA,NA,NA,FALSE,TRUE
"3201174020","DST Systems Inc","DST",2018-01-11,NA,NA,NA,NA,FALSE,TRUE
"3202621020","United American Bank,San Mateo,CA","UABK",2018-01-11,NA,NA,NA,NA,FALSE,TRUE
"3200281020","Altice USA Inc","ATUS",2018-01-08,NA,NA,NA,NA,FALSE,TRUE
"3199545020","Connecture Inc","CNXR",2018-01-04,NA,NA,NA,NA,FALSE,TRUE
"3198733020","SCANA Corp","SCG",2018-01-03,NA,NA,NA,NA,FALSE,TRUE
"3198363020","Archrock Partners LP","APLP",2018-01-02,NA,NA,NA,NA,FALSE,TRUE
"3195294020","Sucampo Pharmaceuticals Inc","SCMP",2017-12-26,NA,NA,NA,NA,FALSE,TRUE
"3194082020","Ignyta Inc","RXDX",2017-12-22,NA,NA,NA,NA,FALSE,TRUE
"3193963020","Gener8 Maritime Inc","GNRT",2017-12-21,NA,NA,NA,NA,FALSE,TRUE
"3194493020","Pacific Shore Holdings Inc","PSHR",2017-12-21,NA,NA,NA,NA,FALSE,TRUE
"3193981020","Tri-Valley Bank,San Ramon,CA","TRVB",2017-12-20,NA,NA,NA,NA,FALSE,TRUE
"3095968020","Kindred Healthcare Inc","KND",2017-12-19,NA,NA,NA,NA,FALSE,TRUE
"3191803020","Snyder's-Lance Inc","LNCE",2017-12-18,NA,NA,NA,NA,FALSE,TRUE
"3191838020","Amplify Snack Brands Inc","BETR",2017-12-18,"   1835856","sec_bulk","high","Better Home & Finance Holding Co",TRUE,FALSE
"3192619020","Chicago Bridge & Iron Co NV","CBI",2017-12-18,NA,NA,NA,NA,FALSE,TRUE
"3191276020","New Resource Bank","NWBN",2017-12-15,NA,NA,NA,NA,FALSE,TRUE
"3173017020","21st Century Fox Inc","FOX",2017-12-14,"   1754301","sec_bulk","high","Fox Corp",TRUE,FALSE
"3191428020","Tsc Group Holdings Ltd","0206",2017-12-14,NA,NA,NA,NA,FALSE,TRUE
"3190191020","Atlantic Bancshares Inc","ATBA",2017-12-13,NA,NA,NA,NA,FALSE,TRUE
"3190220020","Tcp International Holdings Ltd","TCPI",2017-12-13,NA,NA,NA,NA,FALSE,TRUE
"3189688020","Fairmount Santrol Holdings Inc","FMSA",2017-12-12,NA,NA,NA,NA,FALSE,TRUE
"3189871020","Dextera Surgical Inc","CRDC",2017-12-12,NA,NA,NA,NA,FALSE,TRUE
"3189994020","Repros Therapeutics Inc","RPRX",2017-12-12,"   1802768","sec_bulk","high","Royalty Pharma plc",TRUE,FALSE
"3189323020","First BancTrust Corp,Paris, Illinois","FIRT",2017-12-11,NA,NA,NA,NA,FALSE,TRUE
"3189923020","FNB Bancorp","FNBG",2017-12-11,NA,NA,NA,NA,FALSE,TRUE
"3190532020","Hibernia Bancorp Inc","HIBE",2017-12-11,NA,NA,NA,NA,FALSE,TRUE
"3187444020","Entellus Medical Inc","ENTL",2017-12-07,NA,NA,NA,NA,FALSE,TRUE
"3187102020","Sunshine Financial Inc,Tallahassee,FL","SSNF",2017-12-06,NA,NA,NA,NA,FALSE,TRUE
"3185262020","General Cable Technologies Corp","BGC",2017-12-04,"   1094831","sec_bulk","high","BGC Group, Inc.",TRUE,FALSE
"3168570020","Aetna Inc","AET",2017-12-03,NA,NA,NA,NA,FALSE,TRUE
"3184217020","Pinnacle Entertainment Inc","PNK",2017-11-30,NA,NA,NA,NA,FALSE,TRUE
"3175586020","Buffalo Wild Wings Inc","BWLD",2017-11-28,NA,NA,NA,NA,FALSE,TRUE
"3183202020","Regal Entertainment Group","RGC",2017-11-28,"   1829667","sec_bulk","high","Regencell Bioscience Holdings Ltd",TRUE,FALSE
"2916384020","Barracuda Networks Inc","CUDA",2017-11-27,NA,NA,NA,NA,FALSE,TRUE
"3182555020","MGC Diagnostics Corp","MGCD",2017-11-27,NA,NA,NA,NA,FALSE,TRUE
"3182565020","Bazaarvoice Inc","BV",2017-11-27,"   1734713","sec_bulk","high","BrightView Holdings, Inc.",TRUE,FALSE
"3177639020","Time Inc","TIME",2017-11-26,NA,NA,NA,NA,FALSE,TRUE
"3124093020","Interleukin Genetics Inc","ILIU",2017-11-22,NA,NA,NA,NA,FALSE,TRUE
"3180910020","Rand Logistics Inc","RLOG",2017-11-21,NA,NA,NA,NA,FALSE,TRUE
"3172242020","Cavium Inc","CAVM",2017-11-20,NA,NA,NA,NA,FALSE,TRUE
"3180977020","Stanley Furniture Co Inc","STLYR",2017-11-20,NA,NA,NA,NA,FALSE,TRUE
"3179023020","Atlantic Coast Financial Corp","ACFC",2017-11-17,NA,NA,NA,NA,FALSE,TRUE
"3177987020","Almost Family Inc","AFAM",2017-11-16,NA,NA,NA,NA,FALSE,TRUE
"3180377020","First West Virginia Bancorp","FWV",2017-11-16,NA,NA,NA,NA,FALSE,TRUE
"3175972020","Detrex Corp","DTRX",2017-11-14,NA,NA,NA,NA,FALSE,TRUE
"3175100020","GGP Inc","GGP",2017-11-13,NA,NA,NA,NA,FALSE,TRUE
"3177204020","First Sentry Bancshares Inc",NA,2017-11-13,NA,NA,NA,NA,FALSE,TRUE
"3174606020","JG Wentworth Co","JGW",2017-11-09,NA,NA,NA,NA,FALSE,TRUE
"3175285020","Coastal Banking Co Inc, Beaufort,South Carolina","CBCO",2017-11-07,NA,NA,NA,NA,FALSE,TRUE
"3182333020","Infrax Systems Inc","IFXY",2017-11-07,NA,NA,NA,NA,FALSE,TRUE
"3179920020","New Jersey Community Bank","NJCB",2017-11-06,NA,NA,NA,NA,FALSE,TRUE
"3172166020","Wawel Bank,Wallington,NJ","WAWL",2017-11-03,NA,NA,NA,NA,FALSE,TRUE
"3171660020","Ocera Therapeutics Inc","OCRX",2017-11-02,NA,NA,NA,NA,FALSE,TRUE
"3172585020","Hardinge Inc","HDNG",2017-11-02,NA,NA,NA,NA,FALSE,TRUE
"3171036020","Clifton Bancorp Inc","CSBK",2017-11-01,NA,NA,NA,NA,FALSE,TRUE
"3104534020","Dynegy Inc","DYN",2017-10-30,"   1818794","sec_bulk","high","Dyne Therapeutics, Inc.",TRUE,FALSE
"3169578020","Capella Education Co","CPLA",2017-10-30,NA,NA,NA,NA,FALSE,TRUE
"3169844020","CNB Bancorp Inc","CNBV",2017-10-30,NA,NA,NA,NA,FALSE,TRUE
"3169961020","CalAtlantic Group Inc","CAA",2017-10-30,NA,NA,NA,NA,FALSE,TRUE
"3180376020","Results Based Outsourcing Inc","RBOS",2017-10-30,NA,NA,NA,NA,FALSE,TRUE
"3195409020","Investors Heritage Capital Corp","KINV",2017-10-27,NA,NA,NA,NA,FALSE,TRUE
"3148976020","Gigamon Inc","GIMO",2017-10-26,NA,NA,NA,NA,FALSE,TRUE
"3168520020","Inventure Foods Inc","SNAK",2017-10-26,NA,NA,NA,NA,FALSE,TRUE
"3168593020","Planet Payment Inc","PPT",2017-10-26,"    827773","sec_bulk","high","PUTNAM PREMIER INCOME TRUST",TRUE,FALSE
"3167260020","ASB Financial Corp,Portsmouth,OH","ASBP",2017-10-24,"   1847345","sec_bulk","high","Aspire Biopharma Holdings, Inc.",TRUE,FALSE
"3166342020","BroadSoft Inc","BSFT",2017-10-23,NA,NA,NA,NA,FALSE,TRUE
"3166762020","Exactech Inc","EXAC",2017-10-23,NA,NA,NA,NA,FALSE,TRUE
"3166767020","Deltic Timber Corp","DEL",2017-10-23,NA,NA,NA,NA,FALSE,TRUE
"3167229020","Walter Investment Management Corp","WAC",2017-10-20,NA,NA,NA,NA,FALSE,TRUE
"3165385020","Delanco Bancorp Inc, New","DLNOD",2017-10-18,NA,NA,NA,NA,FALSE,TRUE
"3154632020","Impax Laboratories Inc","IPXL",2017-10-17,NA,NA,NA,NA,FALSE,TRUE
"3164636020","NewStar Financial Inc","NEWS",2017-10-17,NA,NA,NA,NA,FALSE,TRUE
"3164066020","Epicore BioNetworks Inc","EBN",2017-10-16,NA,NA,NA,NA,FALSE,TRUE
"3164202020","Ruby Tuesday Inc","RT",2017-10-16,NA,NA,NA,NA,FALSE,TRUE
"3160851020","Minden Bancorp Inc","MDNB",2017-10-06,NA,NA,NA,NA,FALSE,TRUE
"3160925020","Omega Protein Corp","OME",2017-10-06,NA,NA,NA,NA,FALSE,TRUE
"3160196020","LaPolla Industries Inc","LPAD",2017-10-05,NA,NA,NA,NA,FALSE,TRUE
"3157102020","Exa Corp","EXA",2017-09-28,NA,NA,NA,NA,FALSE,TRUE
"3158309020","Bay Bancorp Inc","BYBK",2017-09-27,NA,NA,NA,NA,FALSE,TRUE
"3155693020","Independence Bancshares Inc","IEBS",2017-09-25,NA,NA,NA,NA,FALSE,TRUE
"3155893020","Versar Inc","VSR",2017-09-25,NA,NA,NA,NA,FALSE,TRUE
"3153654020","Calgon Carbon Corp","CCC",2017-09-21,"   1818201","sec_bulk","high","CCC Intelligent Solutions Holdings Inc.",TRUE,FALSE
"3153229020","NYX Gaming Group Ltd","NYX",2017-09-20,NA,NA,NA,NA,FALSE,TRUE
"3153474020","Ash Grove Cement Co","ASHG",2017-09-20,NA,NA,NA,NA,FALSE,TRUE
"3152425020","Bob Evans Farms Inc","BOBE",2017-09-19,NA,NA,NA,NA,FALSE,TRUE
"3151271020","Orbital ATK Inc","OA",2017-09-18,NA,NA,NA,NA,FALSE,TRUE
"3151720020","Dimension Therapeutics Inc","DMTX",2017-09-18,NA,NA,NA,NA,FALSE,TRUE
"3151793020","Silver Spring Networks Inc","SSNI",2017-09-18,NA,NA,NA,NA,FALSE,TRUE
"3138797020","TerraVia Holdings Inc","TVIA",2017-09-15,NA,NA,NA,NA,FALSE,TRUE
"3149705020","GeoTraq Inc","GTRQ",2017-09-13,NA,NA,NA,NA,FALSE,TRUE
"3153029020","Oncobiologics Inc","ONSIU",2017-09-07,NA,NA,NA,NA,FALSE,TRUE
"3146627020","Landauer Inc","LDR",2017-09-06,NA,NA,NA,NA,FALSE,TRUE
"3145754020","YuMe Inc","YUME",2017-09-05,NA,NA,NA,NA,FALSE,TRUE
"3135305020","Rockwell Collins Inc","COL",2017-09-04,NA,NA,NA,NA,FALSE,TRUE
"3143345020","Arc Logistics Partners LP","ARCX",2017-08-29,NA,NA,NA,NA,FALSE,TRUE
"3143375020","The Advisory Board Co","ABCO",2017-08-29,NA,NA,NA,NA,FALSE,TRUE
"3142712020","IXYS Corp","IXYS",2017-08-28,NA,NA,NA,NA,FALSE,TRUE
"3142776020","Maxpoint Interactive Inc","MXPT",2017-08-28,NA,NA,NA,NA,FALSE,TRUE
"3142801020","Kite Pharma Inc","KITE",2017-08-28,NA,NA,NA,NA,FALSE,TRUE
"3140981020","Bear State Financial Inc","BSF",2017-08-22,NA,NA,NA,NA,FALSE,TRUE
"3103254020","Calpine Corp","CPN WI",2017-08-18,NA,NA,NA,NA,FALSE,TRUE
"3138150020","Tesco Corp","TEO",2017-08-14,"    932470","sec_bulk","high","TELECOM ARGENTINA SA",TRUE,FALSE
"3138204020","Sunshine Bancorp Inc","SBCP",2017-08-14,NA,NA,NA,NA,FALSE,TRUE
"3138747020","Neff Corp","NEFF",2017-08-14,NA,NA,NA,NA,FALSE,TRUE
"3137093020","Starwood Waypoint Homes","SFR",2017-08-10,NA,NA,NA,NA,FALSE,TRUE
"3137081020","Plaza Bancorp","PLZZ",2017-08-09,NA,NA,NA,NA,FALSE,TRUE
"3135980020","Cyalume Technologies Holdings Inc","CYLU",2017-08-08,NA,NA,NA,NA,FALSE,TRUE
"3136151020","Supreme Industries Inc","STS",2017-08-08,NA,NA,NA,NA,FALSE,TRUE
"3135384020","NxStage Medical Inc","NXTM",2017-08-07,NA,NA,NA,NA,FALSE,TRUE
"3134012020","PharMerica Corp","PMC",2017-08-02,NA,NA,NA,NA,FALSE,TRUE
"3134205020","Numerex Corp","NMRX",2017-08-02,NA,NA,NA,NA,FALSE,TRUE
"3133544020","CB Financial Corp","CBFA",2017-08-01,NA,NA,NA,NA,FALSE,TRUE
"3129247020","Scripps Networks Interactive Inc","SNI",2017-07-31,NA,NA,NA,NA,FALSE,TRUE
"3133084020","CDI Corp","CDI",2017-07-31,NA,NA,NA,NA,FALSE,TRUE
"3133214020","CombiMatrix Corp","CBMX",2017-07-31,NA,NA,NA,NA,FALSE,TRUE
"3132031020","ShoreTel Inc","SHOR",2017-07-27,NA,NA,NA,NA,FALSE,TRUE
"3131528020","Guidance Software Inc","GUID",2017-07-26,NA,NA,NA,NA,FALSE,TRUE
"3131625020","State National Cos Inc","SNC",2017-07-26,NA,NA,NA,NA,FALSE,TRUE
"3131712020","USAmeriBancorp Inc","USAB",2017-07-26,NA,NA,NA,NA,FALSE,TRUE
"3132719020","Puget Sound Bancorp,Bellevue,Washington","PSNB",2017-07-26,NA,NA,NA,NA,FALSE,TRUE
"3131285020","MainSource Financial Group Inc","MSFG",2017-07-25,NA,NA,NA,NA,FALSE,TRUE
"3072244020","WebMD Health Corp","WBMD",2017-07-24,NA,NA,NA,NA,FALSE,TRUE
"3130244020","Liberty Bell Bank,Marlton,New Jersey","LBBB",2017-07-21,NA,NA,NA,NA,FALSE,TRUE
"3130250020","Carolina Premier Bank","CLPK",2017-07-21,NA,NA,NA,NA,FALSE,TRUE
"3130280020","Bank Mutual Corp,Milwaukee, Wisconsin","BKMU",2017-07-20,NA,NA,NA,NA,FALSE,TRUE
"3128674020","Rocket Fuel Inc","FUEL",2017-07-18,NA,NA,NA,NA,FALSE,TRUE
"3128101020","Sevcon Inc","SEV",2017-07-17,"   1786471","sec_bulk","high","Aptera Motors Corp",TRUE,FALSE
"3125164020","Hawaiian Telcom Holdco Inc","HCOM",2017-07-10,NA,NA,NA,NA,FALSE,TRUE
"3060624020","ClubCorp Holdings Inc","MYCC",2017-07-09,NA,NA,NA,NA,FALSE,TRUE
"3124106020","HSN Inc","HSNI",2017-07-06,NA,NA,NA,NA,FALSE,TRUE
"3011695020","Monogram Residential Trust Inc","MORE",2017-07-04,NA,NA,NA,NA,FALSE,TRUE
"3122717020","Bankrate Inc","RATE",2017-07-03,NA,NA,NA,NA,FALSE,TRUE
"3122743020","NCI Inc","NCIT",2017-07-03,NA,NA,NA,NA,FALSE,TRUE
"3122678020","MRV Communications Inc","MRVC",2017-07-02,NA,NA,NA,NA,FALSE,TRUE
"3121972020","Sun Bancorp Inc,Vineland,New Jersey","SNBC",2017-06-30,NA,NA,NA,NA,FALSE,TRUE
"3122139020","Parkway Inc","PKY",2017-06-30,NA,NA,NA,NA,FALSE,TRUE
"3121483020","West Marine Inc","WMAR",2017-06-29,NA,NA,NA,NA,FALSE,TRUE
"3122252020","Cinedigm Corp","CIDM",2017-06-29,NA,NA,NA,NA,FALSE,TRUE
"3088971020","Staples Inc","SPLS",2017-06-28,NA,NA,NA,NA,FALSE,TRUE
"3120407020","Spectranetics Corp","SPNC",2017-06-28,NA,NA,NA,NA,FALSE,TRUE
"3120594020","First Potomac Realty Trust","FPO",2017-06-28,NA,NA,NA,NA,FALSE,TRUE
"3119961020","Four Oaks Fincorp Inc","FOFN",2017-06-27,NA,NA,NA,NA,FALSE,TRUE
"3119385020","Meetinghouse Bancorp Inc","MTGB",2017-06-26,NA,NA,NA,NA,FALSE,TRUE
"3119983020","Plaza Bank","PZBW",2017-06-26,NA,NA,NA,NA,FALSE,TRUE
"3118101020","EnerNOC Inc","ENOC",2017-06-22,NA,NA,NA,NA,FALSE,TRUE
"3120121020","Electrical Geodesics Inc","EGI",2017-06-22,NA,NA,NA,NA,FALSE,TRUE
"3117739020","ARI Network Services Inc","ARIS",2017-06-21,"0001865187","browse_edgar","high","Aris Water Solutions, Inc.",TRUE,FALSE
"3116727020","PAREXEL International Corp","PRXL",2017-06-20,NA,NA,NA,NA,FALSE,TRUE
"3116227020","Hayward Industries Inc","HWRI",2017-06-19,NA,NA,NA,NA,FALSE,TRUE
"3116235020","Rice Energy Inc","RICE",2017-06-19,NA,NA,NA,NA,FALSE,TRUE
"3097373020","Whole Foods Market Inc","WFM",2017-06-16,NA,NA,NA,NA,FALSE,TRUE
"3115718020","ID Watchdog Inc","IDW",2017-06-16,NA,NA,NA,NA,FALSE,TRUE
"3116439020","Community First Bank,Florida","CFBN",2017-06-15,NA,NA,NA,NA,FALSE,TRUE
"3120884020","Immunotech Laboratories Inc","IMMB",2017-06-15,NA,NA,NA,NA,FALSE,TRUE
"3114508020","Wolverine Bancorp Inc","WBKC",2017-06-14,NA,NA,NA,NA,FALSE,TRUE
"3114582020","Rightside Group Ltd","NAME",2017-06-14,NA,NA,NA,NA,FALSE,TRUE
"3113578020","Miramar Labs Inc","MRLB",2017-06-12,NA,NA,NA,NA,FALSE,TRUE
"3113601020","First South Bancorp Inc,Washington,NC","FSBK",2017-06-12,NA,NA,NA,NA,FALSE,TRUE
"3112909020","DuPont Fabros Technology Inc","DFT",2017-06-09,NA,NA,NA,NA,FALSE,TRUE
"3111386020","Albany Molecular Research Inc","AMRI",2017-06-06,NA,NA,NA,NA,FALSE,TRUE
"3111073020","Forestar Group Inc","FOR",2017-06-05,"   1406587","sec_bulk","high","Forestar Group Inc.",TRUE,FALSE
"3111378020","Covisint Corp","COVS",2017-06-05,NA,NA,NA,NA,FALSE,TRUE
"3110385020","Precision Auto Care Inc","PACI",2017-06-02,NA,NA,NA,NA,FALSE,TRUE
"3108886020","Xactly Corp","XTLY",2017-05-30,NA,NA,NA,NA,FALSE,TRUE
"3108898020","Atwood Oceanics Inc","ATW",2017-05-30,NA,NA,NA,NA,FALSE,TRUE
"3108658020","CardConnect Corp","CCN",2017-05-29,NA,NA,NA,NA,FALSE,TRUE
"3106786020","Fidelity & Guaranty Life","FGL",2017-05-24,"   1989930","sec_bulk","high","Founder Group Ltd",TRUE,FALSE
"3106525020","Lafayette Community Bancorp","LCB",2017-05-23,NA,NA,NA,NA,FALSE,TRUE
"3105596020","Nutraceutical International Corp","NUTR",2017-05-22,"   2006468","sec_bulk","high","NUSATRIP Inc",TRUE,FALSE
"3105636020","Xenith Bankshares Inc,Richmond,VA","HMPR",2017-05-19,NA,NA,NA,NA,FALSE,TRUE
"3103245020","WashingtonFirst Bankshares Inc","WFBI",2017-05-16,NA,NA,NA,NA,FALSE,TRUE
"3160580020","GulfMark Offshore Inc","GLF",2017-05-16,NA,NA,NA,NA,FALSE,TRUE
"3106469020","Katy Industries Inc","KT",2017-05-14,"    892450","sec_bulk","high","KT CORP",TRUE,FALSE
"3102692020","Tidewater Inc","TDW",2017-05-12,"     98222","sec_bulk","high","TIDEWATER INC",TRUE,FALSE
"3187942020","Fidelity National Financial Inc","FNF",2017-05-10,"   1331875","sec_bulk","high","Fidelity National Financial, Inc.",TRUE,FALSE
"3098110020","West Corp","WSTC",2017-05-09,NA,NA,NA,NA,FALSE,TRUE
"3101884020","Surgery Partners Inc","SGRY",2017-05-09,"   1638833","sec_bulk","high","Surgery Partners, Inc.",TRUE,FALSE
"3055091020","Kate Spade & Co","KATE",2017-05-08,NA,NA,NA,NA,FALSE,TRUE
"3100226020","Care Capital Properties Inc","CCP",2017-05-07,NA,NA,NA,NA,FALSE,TRUE
"3099737020","VWR Corp","VWR",2017-05-05,NA,NA,NA,NA,FALSE,TRUE
"3100964020","POW! Entertainment LLC","POWN",2017-05-05,NA,NA,NA,NA,FALSE,TRUE
"3099495020","Capital Bank Financial Corp","CBF",2017-05-04,NA,NA,NA,NA,FALSE,TRUE
"3099763020","Sentio Healthcare Properties Inc",NA,2017-05-03,NA,NA,NA,NA,FALSE,TRUE
"3098773020","OneBeacon Insurance Group Ltd","OB",2017-05-02,NA,NA,NA,NA,FALSE,TRUE
"3101627020","Capital Banksan Juan Capistranocalifornia","CBJC",2017-05-02,NA,NA,NA,NA,FALSE,TRUE
"2788743020","ASB Bancorp Inc","ASBB",2017-05-01,NA,NA,NA,NA,FALSE,TRUE
"3098304020","Jive Software Inc","JIVE",2017-05-01,NA,NA,NA,NA,FALSE,TRUE
"3098366020","Span-America Medical Systems Inc","SPAN",2017-05-01,NA,NA,NA,NA,FALSE,TRUE
"3098448020","Angie's List Inc","ANGI",2017-05-01,"   1705110","sec_bulk","high","Angi Inc.",TRUE,FALSE
"3097435020","Park Sterling Corp,Charlotte,NC","PSTB",2017-04-27,NA,NA,NA,NA,FALSE,TRUE
"3097460020","Paragon Commercial Corp","PBNC",2017-04-27,NA,NA,NA,NA,FALSE,TRUE
"3098202020","Folsom Lake Bank,Folsom,CA","FOLB",2017-04-27,NA,NA,NA,NA,FALSE,TRUE
"3097021020","Sajan Inc","SAJA",2017-04-26,NA,NA,NA,NA,FALSE,TRUE
"3096518020","AdvancePierre Foods Holdings Inc","APFH",2017-04-25,NA,NA,NA,NA,FALSE,TRUE
"3096585020","Straight Path Communications Inc","STRP",2017-04-25,NA,NA,NA,NA,FALSE,TRUE
"3064362020","FelCor Lodging Trust Inc","FCH",2017-04-24,NA,NA,NA,NA,FALSE,TRUE
"3097127020","OCB Bancorp","OJCB",2017-04-24,NA,NA,NA,NA,FALSE,TRUE
"3095587020","CR Bard Inc","BCR",2017-04-23,NA,NA,NA,NA,FALSE,TRUE
"3105361020","Violin Memory Inc","VMEM",2017-04-21,NA,NA,NA,NA,FALSE,TRUE
"3094688020","HCSB Financial Corp","HCFB",2017-04-20,NA,NA,NA,NA,FALSE,TRUE
"3094821020","CBT Financial Corp","CBTC",2017-04-20,NA,NA,NA,NA,FALSE,TRUE
"3093225020","MOCON Inc","MOCO",2017-04-17,NA,NA,NA,NA,FALSE,TRUE
"3138151020","Western Refining Logistics LP","WNRL",2017-04-17,NA,NA,NA,NA,FALSE,TRUE
"3092096020","Cornerstone Bancorp","CTOT",2017-04-12,NA,NA,NA,NA,FALSE,TRUE
"3138913020","Nuverra Environmental Solutions Inc","NES",2017-04-12,NA,NA,NA,NA,FALSE,TRUE
"3091428020","UCP Inc","UCP",2017-04-11,NA,NA,NA,NA,FALSE,TRUE
"3091542020","Community Bank of Bergen","CMTB",2017-04-11,NA,NA,NA,NA,FALSE,TRUE
"3096378020","Advanced Environmental Petroleum Producers Inc","EEVR",2017-04-11,NA,NA,NA,NA,FALSE,TRUE
"3090862020","Intrawest Resorts Holdings Inc","SNOW",2017-04-10,"   1640147","sec_bulk","high","Snowflake Inc.",TRUE,FALSE
"3090994020","Swift Transportation Co","SWFT",2017-04-10,NA,NA,NA,NA,FALSE,TRUE
"3091154020","RetailMeNot Inc","SALE",2017-04-10,NA,NA,NA,NA,FALSE,TRUE
"3116654020","AM Castle & Co","CAS",2017-04-07,NA,NA,NA,NA,FALSE,TRUE
"3089692020","CU Bancorp","CUNB",2017-04-06,NA,NA,NA,NA,FALSE,TRUE
"3089153020","Panera Bread Co","PNRA",2017-04-05,NA,NA,NA,NA,FALSE,TRUE
"3088813020","General Communication Inc","GNCMA",2017-04-04,NA,NA,NA,NA,FALSE,TRUE
"3098190020","Boart Longyear Ltd","BLY",2017-04-03,NA,NA,NA,NA,FALSE,TRUE
"3087888020","TRC Cos Inc","TRR",2017-03-31,NA,NA,NA,NA,FALSE,TRUE
"3088265020","Empire Resources Inc","ERS",2017-03-30,NA,NA,NA,NA,FALSE,TRUE
"3086387020","EXAR Corp","EXAR",2017-03-29,NA,NA,NA,NA,FALSE,TRUE
"3086504020","Bucks County Bank,Doylestown,PA","BKCS",2017-03-29,NA,NA,NA,NA,FALSE,TRUE
"3085385020","Stonegate Bank,Fort Lauderdale,Florida","SGBK",2017-03-27,NA,NA,NA,NA,FALSE,TRUE
"3084120020","GlobeImmune Inc","GBIM",2017-03-23,NA,NA,NA,NA,FALSE,TRUE
"3084133020","Centerpointe Community Bank","CENP",2017-03-23,NA,NA,NA,NA,FALSE,TRUE
"3082251020","Mountain Valley Bancshares Inc,Cleveland,Georgia","MTVB",2017-03-20,NA,NA,NA,NA,FALSE,TRUE
"3081741020","Wells Financial Corp","WEFC",2017-03-17,NA,NA,NA,NA,FALSE,TRUE
"3082484020","Advanced Environmental Recycling Technologies Inc","AERTA",2017-03-17,NA,NA,NA,NA,FALSE,TRUE
"3080522020","Patriot Federal Bank","PFDB",2017-03-15,NA,NA,NA,NA,FALSE,TRUE
"3080714020","KCG Holdings Inc","KCG",2017-03-15,"   2067719","sec_bulk","high","Keystone Global Financial Group",TRUE,FALSE
"3066079020","Air Methods Corp","AIRM",2017-03-14,NA,NA,NA,NA,FALSE,TRUE
"3011453020","TerraForm Global Inc","GLBL",2017-03-07,NA,NA,NA,NA,FALSE,TRUE
"3077332020","Nimble Storage Inc","NMBL",2017-03-07,NA,NA,NA,NA,FALSE,TRUE
"3077333020","Astoria Financial Corp","AF",2017-03-07,NA,NA,NA,NA,FALSE,TRUE
"3076936020","Eco-Stim Energy Solutions Inc","ESES",2017-03-06,NA,NA,NA,NA,FALSE,TRUE
"3077370020","Education Management Corp","EDMC",2017-03-01,NA,NA,NA,NA,FALSE,TRUE
"3074637020","Silver Bay Realty Trust Corp","SBY",2017-02-27,NA,NA,NA,NA,FALSE,TRUE
"3071808020","DigitalGlobe Inc","DGI",2017-02-24,NA,NA,NA,NA,FALSE,TRUE
"3121199020","GoGo Baby Inc","N/A",2017-02-24,"   1872302","sec_bulk","high","Nano Labs Ltd",TRUE,FALSE
"3069754020","Popeyes Louisiana Kitchen Inc","PLKI",2017-02-21,NA,NA,NA,NA,FALSE,TRUE
"3072510020","Delta Natural Gas Co Inc","DGAS",2017-02-21,NA,NA,NA,NA,FALSE,TRUE
"3072515020","FBR & Co","FBRC",2017-02-21,NA,NA,NA,NA,FALSE,TRUE
"3072151020","Lumos Networks Corp","LMOS",2017-02-20,NA,NA,NA,NA,FALSE,TRUE
"3071666020","Sound Banking Co","SNBN",2017-02-17,NA,NA,NA,NA,FALSE,TRUE
"3072587020","Independent Alliance Banks Inc","IALB",2017-02-17,NA,NA,NA,NA,FALSE,TRUE
"3071406020","LMI Aerospace Inc","LMIA",2017-02-16,NA,NA,NA,NA,FALSE,TRUE
"3070009020","Cynosure Inc","CYNO",2017-02-14,NA,NA,NA,NA,FALSE,TRUE
"3070266020","Fortress Investment Group LLC","FIG",2017-02-14,"   1579878","sec_bulk","high","Figma, Inc.",TRUE,FALSE
"3069564020","ZELTIQ Aesthetics Inc","ZLTQ",2017-02-13,NA,NA,NA,NA,FALSE,TRUE
"3069696020","GigPeak Inc","GIG",2017-02-13,"   2023730","sec_bulk","high","GigCapital7 Corp.",TRUE,FALSE
"3067667020","Rad Source Technologies Inc","IRAD",2017-02-07,NA,NA,NA,NA,FALSE,TRUE
"3068612020","First Community Financial Partners Inc","FCMP",2017-02-06,NA,NA,NA,NA,FALSE,TRUE
"3068994020","ICTV Brands Inc","ICTL",2017-02-06,NA,NA,NA,NA,FALSE,TRUE
"3088399020","Virtus Total Return Fund","DCA",2017-02-06,NA,NA,NA,NA,FALSE,TRUE
"3066310020","Ultratech Inc","UTEK",2017-02-02,NA,NA,NA,NA,FALSE,TRUE
"3065880020","ONEOK Partners LP","OKS",2017-02-01,NA,NA,NA,NA,FALSE,TRUE
"3066153020","Mead Johnson Nutrition Co","MJN",2017-02-01,NA,NA,NA,NA,FALSE,TRUE
"3066664020","DCB Bancshares Inc","DCBB",2017-02-01,NA,NA,NA,NA,FALSE,TRUE
"3064117020","IXIA","XXIA",2017-01-30,NA,NA,NA,NA,FALSE,TRUE
"3065553020","Royal Bancshares of Pennsylvania Inc","RBPAA",2017-01-30,NA,NA,NA,NA,FALSE,TRUE
"3064773020","Midcoast Energy Partners LP","MEP",2017-01-27,NA,NA,NA,NA,FALSE,TRUE
"3064840020","Stonegate Mortgage Corp","SGM",2017-01-27,NA,NA,NA,NA,FALSE,TRUE
"3065008020","Questar Assessment Inc","QUSA",2017-01-27,NA,NA,NA,NA,FALSE,TRUE
"3064780020","Centrue Financial Corp","CFCB",2017-01-26,NA,NA,NA,NA,FALSE,TRUE
"3064138020","WGL Holdings Inc","WGL",2017-01-25,NA,NA,NA,NA,FALSE,TRUE
"3063451020","Multi Packaging Solutions International Ltd","MPSX",2017-01-24,NA,NA,NA,NA,FALSE,TRUE
"3063531020","GenVec Inc","GNVC",2017-01-24,NA,NA,NA,NA,FALSE,TRUE
"3063835020","Arctic Cat Inc","ACAT",2017-01-24,"   1781726","sec_bulk","high","NP Life Sciences Health Industry Group Inc.",TRUE,FALSE
"3062664020","BNC Bancorp,High Point, North Carolina","BNCN",2017-01-22,NA,NA,NA,NA,FALSE,TRUE
"3063037020","Jaclyn Inc","JCLY",2017-01-20,NA,NA,NA,NA,FALSE,TRUE
"3061530020","CoLucid Pharmaceuticals Inc","CLCD",2017-01-18,NA,NA,NA,NA,FALSE,TRUE
"3060809020","Clayton Williams Energy Inc","CWEI",2017-01-16,NA,NA,NA,NA,FALSE,TRUE
"3059098020","Derma Sciences Inc","DSCI",2017-01-10,NA,NA,NA,NA,FALSE,TRUE
"3058400020","Surgical Care Affiliates Inc","SCAI",2017-01-09,NA,NA,NA,NA,FALSE,TRUE
"3058405020","ARIAD Pharmaceuticals Inc","ARIA",2017-01-09,NA,NA,NA,NA,FALSE,TRUE
"3058480020","VCA Inc","WOOF",2017-01-09,"   1826470","sec_bulk","high","Petco Health & Wellness Company, Inc.",TRUE,FALSE
"3058624020","Pacific Continental Corp","PCBK",2017-01-09,NA,NA,NA,NA,FALSE,TRUE
"3057863020","International Sustainability Group Inc","ISGP",2017-01-06,NA,NA,NA,NA,FALSE,TRUE
"3057489020","CEB Inc","CEB",2017-01-05,NA,NA,NA,NA,FALSE,TRUE
"3057600020","Oceanic Research & Recovery Inc","ORRV",2017-01-05,NA,NA,NA,NA,FALSE,TRUE
"3056110020","Tangoe Inc","TNGO",2016-12-29,NA,NA,NA,NA,FALSE,TRUE
"3063417020","Memorial Production Partners LP","MEMP",2016-12-23,NA,NA,NA,NA,FALSE,TRUE
"3051241020","InvenSense Inc","INVN",2016-12-21,NA,NA,NA,NA,FALSE,TRUE
"3059313020","Omtool Ltd","OMTL",2016-12-20,NA,NA,NA,NA,FALSE,TRUE
"3051923020","FCB Bancorp Inc,Louisvill,Kentucky",NA,2016-12-19,NA,NA,NA,NA,FALSE,TRUE
"3055427020","Calamos Asset Management Inc","CLMS",2016-12-19,NA,NA,NA,NA,FALSE,TRUE
"3066307020","Hometown Bancorp Inc","HTWC",2016-12-16,NA,NA,NA,NA,FALSE,TRUE
"3049051020","First ULB Corp","FULB",2016-12-15,NA,NA,NA,NA,FALSE,TRUE
"3048654020","NeuStar Inc","NSR",2016-12-14,NA,NA,NA,NA,FALSE,TRUE
"3049059020","Southwest Bancorp Inc, Stillwater,Oklahoma","OKSB",2016-12-14,NA,NA,NA,NA,FALSE,TRUE
"3047909020","Heritage Oaks Bancorp","HEOP",2016-12-13,NA,NA,NA,NA,FALSE,TRUE
"3051251020","Eastern Virginia Bankshares Inc,Tappahannock,Virginia","EVBS",2016-12-13,NA,NA,NA,NA,FALSE,TRUE
"3047419020","Lionbridge Technologies Inc","LIOX",2016-12-12,NA,NA,NA,NA,FALSE,TRUE
"3047700020","Seventy Seven Energy Inc","SSE",2016-12-12,NA,NA,NA,NA,FALSE,TRUE
"3046644020","Stillwater Mining Co","SWC",2016-12-09,NA,NA,NA,NA,FALSE,TRUE
"3052925020","Brekford International Corp","BFDI",2016-12-07,NA,NA,NA,NA,FALSE,TRUE
"3113110020","Black Knight Financial Services Inc","BKFS",2016-12-07,NA,NA,NA,NA,FALSE,TRUE
"3044877020","IntraLinks Holdings Inc","IL",2016-12-06,NA,NA,NA,NA,FALSE,TRUE
"2732707020","FairPoint Communications Inc","FRP",2016-12-05,NA,NA,NA,NA,FALSE,TRUE
"3043986020","Perk Inc","PER",2016-12-05,NA,NA,NA,NA,FALSE,TRUE
"3043629020","Vascular Solutions Inc","VASC",2016-12-02,NA,NA,NA,NA,FALSE,TRUE
"3043094020","CLARCOR Inc","CLC",2016-12-01,NA,NA,NA,NA,FALSE,TRUE
"3042965020","Constellation Healthcare Technologies Inc","CHT",2016-11-25,"   1132924","sec_bulk","high","CHUNGHWA TELECOM CO LTD",TRUE,FALSE
"3038256020","Headwaters Inc","HW",2016-11-21,NA,NA,NA,NA,FALSE,TRUE
"3038546020","Applied Micro Circuits Corp","AMCC",2016-11-21,NA,NA,NA,NA,FALSE,TRUE
"3038669020","Energy Transfer Partners LP","ETP",2016-11-21,NA,NA,NA,NA,FALSE,TRUE
"3038193020","LifeLock Inc","LOCK",2016-11-20,NA,NA,NA,NA,FALSE,TRUE
"3037287020","Universal American Corp","UAM",2016-11-17,NA,NA,NA,NA,FALSE,TRUE
"3037475020","Western Refining Inc","WNR",2016-11-17,NA,NA,NA,NA,FALSE,TRUE
"3037577020","Cascade Bancorp,Bend,Oregon","CACB",2016-11-17,NA,NA,NA,NA,FALSE,TRUE
"3036376020","TFB Bancorp Inc","TBBN",2016-11-15,NA,NA,NA,NA,FALSE,TRUE
"3035206020","Mentor Graphics Corp","MENT",2016-11-14,NA,NA,NA,NA,FALSE,TRUE
"3035285020","Harman International Industries Inc","HAR",2016-11-14,NA,NA,NA,NA,FALSE,TRUE
"3035707020","Equity One Inc","EQY",2016-11-14,NA,NA,NA,NA,FALSE,TRUE
"3043982020","SciClone Pharmaceuticals Inc","SCLN",2016-11-14,NA,NA,NA,NA,FALSE,TRUE
"3034315020","TubeMogul Inc","TUBE",2016-11-10,NA,NA,NA,NA,FALSE,TRUE
"3044029020","T Bancshares Inc","TBNC",2016-11-10,NA,NA,NA,NA,FALSE,TRUE
"3033317020","Greer Bancshares Inc","GRBS",2016-11-08,NA,NA,NA,NA,FALSE,TRUE
"3032635020","Datalink Corp","DTLK",2016-11-07,NA,NA,NA,NA,FALSE,TRUE
"3032690020","EarthLink Holdings Corp","ELNK",2016-11-07,NA,NA,NA,NA,FALSE,TRUE
"3032703020","Blue Nile Inc","NILE",2016-11-07,NA,NA,NA,NA,FALSE,TRUE
"3032034020","First Menasha Bancshares Inc","FMBJ",2016-11-04,NA,NA,NA,NA,FALSE,TRUE
"3031361020","Metaldyne Performance Group Inc","MPG",2016-11-03,NA,NA,NA,NA,FALSE,TRUE
"3030843020","American DG Energy Inc","ADGE",2016-11-02,NA,NA,NA,NA,FALSE,TRUE
"3030905020","Brocade Communications Systems Inc","BRCD",2016-11-02,NA,NA,NA,NA,FALSE,TRUE
"3031073020","Inteliquent Inc","IQNT",2016-11-02,NA,NA,NA,NA,FALSE,TRUE
"3016773020","Team Health Holdings Inc","TMH",2016-10-31,NA,NA,NA,NA,FALSE,TRUE
"3026387020","Level 3 Communications Inc","LVLT",2016-10-31,NA,NA,NA,NA,FALSE,TRUE
"3027358020","Baker Hughes Inc","BHI",2016-10-31,NA,NA,NA,NA,FALSE,TRUE
"3029940020","Founders Bancorp Inc","FBCP",2016-10-31,NA,NA,NA,NA,FALSE,TRUE
"3030126020","Performance Sports Group Ltd","PSG",2016-10-31,NA,NA,NA,NA,FALSE,TRUE
"3033931020","NewGen BioPharma Corp","NEWG",2016-10-27,NA,NA,NA,NA,FALSE,TRUE
"3023249020","PennTex Midstream Partners LP","PTXP",2016-10-25,NA,NA,NA,NA,FALSE,TRUE
"3023781020","Trans Energy Inc","TENG",2016-10-25,NA,NA,NA,NA,FALSE,TRUE
"3021396020","JP Energy Partners LP","JPEP",2016-10-24,NA,NA,NA,NA,FALSE,TRUE
"3021514020","Merchants Bancshares Inc,Burlington,Vermont","MBVT",2016-10-24,NA,NA,NA,NA,FALSE,TRUE
"3021839020","International Textile Group Inc","ITXN",2016-10-24,NA,NA,NA,NA,FALSE,TRUE
"3024785020","Middleburg Financial Corp","MBRG",2016-10-24,NA,NA,NA,NA,FALSE,TRUE
"2634022020","B/E Aerospace Inc","BEAV",2016-10-23,NA,NA,NA,NA,FALSE,TRUE
"3021003020","Time Warner Inc","TWX",2016-10-22,NA,NA,NA,NA,FALSE,TRUE
"3020752020","Reynolds American Inc","RAI",2016-10-21,NA,NA,NA,NA,FALSE,TRUE
"3020919020","Everyday Health Inc","EVDY",2016-10-21,NA,NA,NA,NA,FALSE,TRUE
"3032736020","International Seaways Inc","INSW",2016-10-21,"   1679049","sec_bulk","high","International Seaways, Inc.",TRUE,FALSE
"3018423020","Alon USA Energy Inc","ALJ",2016-10-14,NA,NA,NA,NA,FALSE,TRUE
"3015908020","Gas Natural Inc","EGAS",2016-10-10,NA,NA,NA,NA,FALSE,TRUE
"3017383020","Glacier Water Services Inc","GWSV",2016-10-10,NA,NA,NA,NA,FALSE,TRUE
"3014893020","Georgetown Bancorp Inc","GTWN",2016-10-06,NA,NA,NA,NA,FALSE,TRUE
"2954450020","Cabelas Inc","CAB",2016-10-03,NA,NA,NA,NA,FALSE,TRUE
"3013549020","Janus Capital Group Inc","JNS",2016-10-03,NA,NA,NA,NA,FALSE,TRUE
"3013666020","DCB Financial Corp","DCBF",2016-10-03,NA,NA,NA,NA,FALSE,TRUE
"3013193020","Active Power Inc","ACPW",2016-09-30,NA,NA,NA,NA,FALSE,TRUE
"3010886020","EndoChoice Holdings Inc","GI",2016-09-27,NA,NA,NA,NA,FALSE,TRUE
"3010309020","BATS Global Markets Inc","BATS",2016-09-26,NA,NA,NA,NA,FALSE,TRUE
"3010357020","Columbia Pipeline Partners LP","CPPL",2016-09-26,NA,NA,NA,NA,FALSE,TRUE
"3009853020","Chemtura Corp","CMHT",2016-09-25,NA,NA,NA,NA,FALSE,TRUE
"3008781020","WCI Communities Inc","WCIC",2016-09-22,NA,NA,NA,NA,FALSE,TRUE
"3009015020","Valley Commerce Bancorp, Visalia,California","VCBP",2016-09-22,NA,NA,NA,NA,FALSE,TRUE
"3007790020","DTS Inc","DTSI",2016-09-20,NA,NA,NA,NA,FALSE,TRUE
"3007866020","Tobira Therapeutics Inc","TRBA",2016-09-20,NA,NA,NA,NA,FALSE,TRUE
"3007129020","Isle of Capri Casinos Inc","ISLE",2016-09-19,NA,NA,NA,NA,FALSE,TRUE
"3007176020","Infoblox Inc","BLOX",2016-09-19,NA,NA,NA,NA,FALSE,TRUE
"3005738020","Vitae Pharmaceuticals Inc","VTAE",2016-09-14,NA,NA,NA,NA,FALSE,TRUE
"2996765020","Intersil Corp","ISIL",2016-09-13,NA,NA,NA,NA,FALSE,TRUE
"3004346020","Raptor Pharmaceutical Corp","RPTP",2016-09-12,NA,NA,NA,NA,FALSE,TRUE
"3007425020","American Farmland Co","AFCO",2016-09-12,NA,NA,NA,NA,FALSE,TRUE
"3003339020","Apigee Corp","APIC",2016-09-08,NA,NA,NA,NA,FALSE,TRUE
"3004123020","Lpath Inc","LPTN",2016-09-08,NA,NA,NA,NA,FALSE,TRUE
"3007581020","Ohio Legacy Corp","OLCB",2016-09-08,NA,NA,NA,NA,FALSE,TRUE
"3011840020","Cogentix Medical Inc","CGNT",2016-09-07,"   1824814","sec_bulk","high","Cognyte Software Ltd.",TRUE,FALSE
"3002291020","Cepheid Inc","CPHD",2016-09-06,NA,NA,NA,NA,FALSE,TRUE
"3002337020","Spectra Energy Corp","SE",2016-09-06,"   1703399","sec_bulk","high","Sea Ltd",TRUE,FALSE
"3001489020","Accuride Corp","ACW",2016-09-02,NA,NA,NA,NA,FALSE,TRUE
"3001505020","Siebert Financial Corp","SIEB",2016-09-02,"     65596","sec_bulk","high","SIEBERT FINANCIAL CORP",TRUE,FALSE
"3001769020","Security First Bank,Fresno,California","SFRK",2016-09-02,NA,NA,NA,NA,FALSE,TRUE
"3002780020","Lifeline Scientific Inc","LSI",2016-09-02,NA,NA,NA,NA,FALSE,TRUE
"3000434020","Interactive Intelligence Group Inc","ININ",2016-08-31,NA,NA,NA,NA,FALSE,TRUE
"3009845020","Molycorp Inc","MCP",2016-08-31,NA,NA,NA,NA,FALSE,TRUE
"2999794020","Allegheny Valley Bancorp Inc","AVLY",2016-08-29,NA,NA,NA,NA,FALSE,TRUE
"3002849020","USMD Holdings Inc","USMD",2016-08-29,NA,NA,NA,NA,FALSE,TRUE
"2991851020","Rackspace Hosting Inc","RAX",2016-08-26,NA,NA,NA,NA,FALSE,TRUE
"2998550020","AEP Industries Inc","AEPI",2016-08-25,NA,NA,NA,NA,FALSE,TRUE
"2998530020","Commercial Bancshares Inc, Upper Sandusky,Ohio","CMOH",2016-08-23,NA,NA,NA,NA,FALSE,TRUE
"2953946020","Medivation Inc","MDVN",2016-08-22,NA,NA,NA,NA,FALSE,TRUE
"2969654020","CST Brands Inc","CST WI",2016-08-22,NA,NA,NA,NA,FALSE,TRUE
"2996811020","CIFC Corp","CIFC",2016-08-19,NA,NA,NA,NA,FALSE,TRUE
"2995939020","SunEdison Semiconductor Ltd","SEMI",2016-08-18,NA,NA,NA,NA,FALSE,TRUE
"2996263020","Cardinal Financial Corp","CFNL",2016-08-18,NA,NA,NA,NA,FALSE,TRUE
"2995355020","G&K Services Inc","GK",2016-08-16,NA,NA,NA,NA,FALSE,TRUE
"2994591020","Post Properties Inc","PPS",2016-08-15,NA,NA,NA,NA,FALSE,TRUE
"2994851020","Professional Diversity Network Inc","IPDN",2016-08-15,"   1546296","sec_bulk","high","Professional Diversity Network, Inc.",TRUE,FALSE
"2994881020","Providence & Worcester Railroad Co","PWX",2016-08-15,NA,NA,NA,NA,FALSE,TRUE
"2994433020","Silicon Graphics International Corp","SGI",2016-08-11,"   1206264","sec_bulk","high","SOMNIGROUP INTERNATIONAL INC.",TRUE,FALSE
"2992548020","Monster Worldwide Inc","MWW",2016-08-09,NA,NA,NA,NA,FALSE,TRUE
"2992876020","Press Ganey Holdings Inc","PGND",2016-08-09,NA,NA,NA,NA,FALSE,TRUE
"2990760020","EverBank Financial Corp","EVER",2016-08-08,"   1640428","sec_bulk","high","EverQuote, Inc.",TRUE,FALSE
"2991881020","Mattress Firm Holding Corp","MFRM",2016-08-07,"0001883331","browse_edgar","medium","Mattress Firm Group Inc.",TRUE,FALSE
"2990719020","Sizmek Inc","SZMK",2016-08-03,NA,NA,NA,NA,FALSE,TRUE
"2989815020","Fleetmatics Group PLC","FLTX",2016-08-01,NA,NA,NA,NA,FALSE,TRUE
"2988799020","NetSuite Inc","N",2016-07-28,NA,NA,NA,NA,FALSE,TRUE
"2922736020","Epiq Systems Inc","EPIQ",2016-07-27,NA,NA,NA,NA,FALSE,TRUE
"2988325020","Sequenom Inc","SQNM",2016-07-27,NA,NA,NA,NA,FALSE,TRUE
"2988067020","Linear Technology Corp","LLTC",2016-07-26,NA,NA,NA,NA,FALSE,TRUE
"2987124020","Outerwall Inc","OUTR",2016-07-25,NA,NA,NA,NA,FALSE,TRUE
"2988937020","Silver Run Acquisition Corp","SRAQ",2016-07-22,NA,NA,NA,NA,FALSE,TRUE
"2968535020","Yadkin Financial Corp","YDKN",2016-07-21,NA,NA,NA,NA,FALSE,TRUE
"2985831020","Joy Global Inc","JOY",2016-07-21,NA,NA,NA,NA,FALSE,TRUE
"2985542020","Birmingham Bloomfield Bancshares Inc","BBBI",2016-07-20,NA,NA,NA,NA,FALSE,TRUE
"2985739020","Relypsa Inc","RLYP",2016-07-20,NA,NA,NA,NA,FALSE,TRUE
"2985195020","Golden Enterprises Inc","GLDC",2016-07-19,NA,NA,NA,NA,FALSE,TRUE
"2984898020","HomeOwnUSA Inc","HMUS",2016-07-15,NA,NA,NA,NA,FALSE,TRUE
"2983268020","Ocean Shore Holding Co","OSHC",2016-07-13,NA,NA,NA,NA,FALSE,TRUE
"2983283020","Imprivata Inc","IMPR",2016-07-13,NA,NA,NA,NA,FALSE,TRUE
"2898164020","Sagent Pharmaceuticals Inc","SGNT",2016-07-11,NA,NA,NA,NA,FALSE,TRUE
"2981771020","Polycom Inc","PLCM",2016-07-08,NA,NA,NA,NA,FALSE,TRUE
"2980902020","The WhiteWave Foods Co","WWAV",2016-07-07,NA,NA,NA,NA,FALSE,TRUE
"2980611020","Nortek Inc","NTKS",2016-07-06,NA,NA,NA,NA,FALSE,TRUE
"2980443020","Thompson Creek Metals Co Inc","TCM",2016-07-05,NA,NA,NA,NA,FALSE,TRUE
"2983335020","Bind Therapeutics Inc","BIND",2016-07-01,NA,NA,NA,NA,FALSE,TRUE
"2808152020","Starz","STRZA",2016-06-30,NA,NA,NA,NA,FALSE,TRUE
"2979035020","Higher One Holdings Inc","ONE",2016-06-30,NA,NA,NA,NA,FALSE,TRUE
"2983297020","Royal Hawaiian Orchards LP","NNUT",2016-06-30,NA,NA,NA,NA,FALSE,TRUE
"2978166020","PrivateBancorp Inc","PVTB",2016-06-29,NA,NA,NA,NA,FALSE,TRUE
"2978306020","Diamond Resorts International Inc","DRII",2016-06-29,NA,NA,NA,NA,FALSE,TRUE
"2976679020","Heartware International Inc","HTWR",2016-06-27,NA,NA,NA,NA,FALSE,TRUE
"2976857020","Suffolk Bancorp","SUBK",2016-06-27,NA,NA,NA,NA,FALSE,TRUE
"2976913020","ReachLocal Inc","RLOC",2016-06-27,NA,NA,NA,NA,FALSE,TRUE
"2980060020","Skullcandy Inc","SKUL",2016-06-27,NA,NA,NA,NA,FALSE,TRUE
"2975872020","Full Circle Capital Corp","FULL",2016-06-24,NA,NA,NA,NA,FALSE,TRUE
"2974207020","American Science & Engineering Inc","ASEI",2016-06-21,NA,NA,NA,NA,FALSE,TRUE
"2974484020","SolarCity Corp","SCTY",2016-06-21,NA,NA,NA,NA,FALSE,TRUE
"2974898020","Carolina Bank Holdings Inc, Greensboro,North Carolina","CLBH",2016-06-21,NA,NA,NA,NA,FALSE,TRUE
"2972883020","Southeastern Bank Financial Corp","SBFC",2016-06-17,NA,NA,NA,NA,FALSE,TRUE
"2972994020","Ceres Inc","CERE",2016-06-17,NA,NA,NA,NA,FALSE,TRUE
"2972178020","Capital Directions Inc","CTDN",2016-06-16,NA,NA,NA,NA,FALSE,TRUE
"2972389020","Elizabeth Arden Inc","RDEN",2016-06-16,NA,NA,NA,NA,FALSE,TRUE
"2955145020","Carbylan Therapeutics Inc","CBYL",2016-06-15,NA,NA,NA,NA,FALSE,TRUE
"2970487020","Envision Healthcare Holdings Inc","EVHC",2016-06-15,NA,NA,NA,NA,FALSE,TRUE
"2971517020","Aegerion Pharmaceuticals Inc","AEGR",2016-06-15,NA,NA,NA,NA,FALSE,TRUE
"2971719020","QLogic Corp","QLGC",2016-06-15,NA,NA,NA,NA,FALSE,TRUE
"2955022020","LinkedIn Corp","LNKD",2016-06-13,NA,NA,NA,NA,FALSE,TRUE
"2968745020","Delta National Bancorp","DEBC",2016-06-09,NA,NA,NA,NA,FALSE,TRUE
"2967735020","LDR Holding Corp","LDRH",2016-06-07,NA,NA,NA,NA,FALSE,TRUE
"2966688020","Talen Energy Corp","TLN",2016-06-03,"   1622536","sec_bulk","high","Talen Energy Corp",TRUE,FALSE
"2966200020","Qlik Technologies Inc","QLIK",2016-06-02,NA,NA,NA,NA,FALSE,TRUE
"2966324020","Polonia Bancorp Inc","PBCP",2016-06-02,NA,NA,NA,NA,FALSE,TRUE
"2965642020","Demandware Inc","DWRE",2016-06-01,NA,NA,NA,NA,FALSE,TRUE
"2965814020","First Century Bankshares Inc,Bluefield,West Virginia","FCBS",2016-06-01,NA,NA,NA,NA,FALSE,TRUE
"2932929020","Great Plains Energy Inc","GXP",2016-05-31,NA,NA,NA,NA,FALSE,TRUE
"2964791020","Celator Pharmaceuticals Inc","CPXX",2016-05-31,NA,NA,NA,NA,FALSE,TRUE
"2965097020","SciQuest Inc","SQI",2016-05-31,NA,NA,NA,NA,FALSE,TRUE
"2965102020","Marketo Inc","MKTO",2016-05-31,NA,NA,NA,NA,FALSE,TRUE
"2965125020","Electro Rent Corp","ELRC",2016-05-31,NA,NA,NA,NA,FALSE,TRUE
"2965274020","Kreisler Manufacturing Corp","KRSL",2016-05-31,NA,NA,NA,NA,FALSE,TRUE
"2964120020","FEI Co","FEIC",2016-05-27,NA,NA,NA,NA,FALSE,TRUE
"2975986020","Illini Corp,Springfield, Illinois","ILIN",2016-05-26,NA,NA,NA,NA,FALSE,TRUE
"2962274020","Mines Management Inc","MGN",2016-05-24,"   1995075","sec_bulk","high","Megan Holdings Ltd.",TRUE,FALSE
"2824359020","American Capital Ltd","ACAS",2016-05-23,NA,NA,NA,NA,FALSE,TRUE
"2903359020","XenoPort Inc","XNPT",2016-05-23,NA,NA,NA,NA,FALSE,TRUE
"2961647020","Resource America Inc","REXI",2016-05-23,NA,NA,NA,NA,FALSE,TRUE
"2961672020","Xura Inc","MESG",2016-05-23,NA,NA,NA,NA,FALSE,TRUE
"2961787020","Cordia Bancorp Inc","BVA",2016-05-20,NA,NA,NA,NA,FALSE,TRUE
"2749636020","Halcon Resources Corp","HK",2016-05-18,NA,NA,NA,NA,FALSE,TRUE
"2957636020","Monsanto Co","MON",2016-05-18,NA,NA,NA,NA,FALSE,TRUE
"2959756020","inContact Inc","SAAS",2016-05-18,NA,NA,NA,NA,FALSE,TRUE
"2961665020","SandRidge Energy Inc","SD",2016-05-18,"   1349436","sec_bulk","high","SANDRIDGE ENERGY INC",TRUE,FALSE
"2958721020","Memorial Resource Development Corp","MRD",2016-05-16,NA,NA,NA,NA,FALSE,TRUE
"2958733020","Anacor Pharmaceuticals Inc","ANAC",2016-05-16,NA,NA,NA,NA,FALSE,TRUE
"2958757020","Nanosphere Inc","NSPH",2016-05-16,NA,NA,NA,NA,FALSE,TRUE
"2957942020","WaferGen Bio-systems Inc","WGBS",2016-05-13,NA,NA,NA,NA,FALSE,TRUE
"2527262020","Morgans Hotel Group Co","MHGC",2016-05-09,NA,NA,NA,NA,FALSE,TRUE
"2955934020","Krispy Kreme Doughnuts Inc","KKD",2016-05-09,NA,NA,NA,NA,FALSE,TRUE
"2966667020","Northstar Realty Finance Corp","NRF",2016-05-06,NA,NA,NA,NA,FALSE,TRUE
"2966668020","Colony Capital Inc","CLNY",2016-05-06,NA,NA,NA,NA,FALSE,TRUE
"2955143020","Lake Sunapee Bank Group","LSBG",2016-05-05,NA,NA,NA,NA,FALSE,TRUE
"2953743020","IMS Health Holdings Inc","IMS",2016-05-03,NA,NA,NA,NA,FALSE,TRUE
"2953934020","Your Community Bankshares Inc","YCB",2016-05-03,NA,NA,NA,NA,FALSE,TRUE
"2953328020","Opower Inc","OPWR",2016-05-02,NA,NA,NA,NA,FALSE,TRUE
"2953465020","Symmetry Surgical Inc","SSRG",2016-05-02,NA,NA,NA,NA,FALSE,TRUE
"2964767020","Key Link Assets Corp","KLYK",2016-05-02,NA,NA,NA,NA,FALSE,TRUE
"2938318020","TiVo Inc","TIVO",2016-04-29,NA,NA,NA,NA,FALSE,TRUE
"2952899020","Parkway Properties Inc","PKY",2016-04-29,NA,NA,NA,NA,FALSE,TRUE
"2952940020","Sierra Vista Bank,Folsom,California","SVBA",2016-04-29,NA,NA,NA,NA,FALSE,TRUE
"2795211020","St Jude Medical Inc","STJ",2016-04-28,NA,NA,NA,NA,FALSE,TRUE
"2951486020","DreamWorks Animation SKG Inc","DWA",2016-04-28,NA,NA,NA,NA,FALSE,TRUE
"2952406020","Textura Corp","TXTR",2016-04-28,NA,NA,NA,NA,FALSE,TRUE
"2952431020","Cash America International Inc","CSH",2016-04-28,NA,NA,NA,NA,FALSE,TRUE
"2952956020","California Republic Bancorp","CRPB",2016-04-28,NA,NA,NA,NA,FALSE,TRUE
"2951832020","ExamWorks Group Inc","EXAM",2016-04-27,NA,NA,NA,NA,FALSE,TRUE
"2951270020","Regent Bancorp Inc","RGTB",2016-04-26,NA,NA,NA,NA,FALSE,TRUE
"2951455020","Indiana Business Bancorp","IBBI",2016-04-26,NA,NA,NA,NA,FALSE,TRUE
"2951474020","Foundation Bancorp Inc, Seattle,Washington","FDNB",2016-04-26,NA,NA,NA,NA,FALSE,TRUE
"2951475020","Prime Pacific Financial Services Inc","PPFS",2016-04-26,NA,NA,NA,NA,FALSE,TRUE
"2955080020","First Clover Leaf Financial Corp","FFFS",2016-04-26,NA,NA,NA,NA,FALSE,TRUE
"3101765020","GreenHunter Resources Inc","GRH",2016-04-22,NA,NA,NA,NA,FALSE,TRUE
"2949153020","Hansen Medical Inc","HNSN",2016-04-20,NA,NA,NA,NA,FALSE,TRUE
"2949352020","Treasure State Bank","TRSU",2016-04-20,NA,NA,NA,NA,FALSE,TRUE
"2950078020","HII Technologies Inc","HIIT",2016-04-20,NA,NA,NA,NA,FALSE,TRUE
"2896191020","Lexmark International Inc","LXK",2016-04-19,NA,NA,NA,NA,FALSE,TRUE
"2948219020","Cvent Inc","CVT",2016-04-18,NA,NA,NA,NA,FALSE,TRUE
"2963986020","Goodrich Petroleum Corp","GDP",2016-04-15,NA,NA,NA,NA,FALSE,TRUE
"2944674020","Hatteras Financial Corp","HTS",2016-04-11,NA,NA,NA,NA,FALSE,TRUE
"2954629020","Versus Technology Inc","VSTI",2016-04-08,NA,NA,NA,NA,FALSE,TRUE
"2943873020","Alliance Fiber Optic Products Inc","AFOPD",2016-04-07,NA,NA,NA,NA,FALSE,TRUE
"2952736020","Pacific Sunwear of California Inc","PSUN",2016-04-07,NA,NA,NA,NA,FALSE,TRUE
"2939874020","Virgin America Inc","VA",2016-04-04,NA,NA,NA,NA,FALSE,TRUE
"2942217020","Ruckus Wireless Inc","RKUS",2016-04-04,NA,NA,NA,NA,FALSE,TRUE
"2942272020","Tidelands Bancshares Inc","TDBK",2016-04-04,NA,NA,NA,NA,FALSE,TRUE
"2942282020","Chicopee Bancorp Inc","CBNK",2016-04-04,"   1419536","sec_bulk","high","Capital Bancorp Inc",TRUE,FALSE
"2945452020","Breathe eCig Corp","BVAP",2016-04-01,NA,NA,NA,NA,FALSE,TRUE
"2939006020","VirtualScopics Inc","VSCP",2016-03-25,NA,NA,NA,NA,FALSE,TRUE
"2941412020","First Marblehead Corp","FMD",2016-03-25,NA,NA,NA,NA,FALSE,TRUE
"2936217020","Valspar Corp","VAL",2016-03-20,"    314808","sec_bulk","high","Valaris Ltd",TRUE,FALSE
"2954313020","Sector 5 Inc","SECT",2016-03-18,"0000925661","browse_edgar","medium","SECTOR 10, Inc.",TRUE,FALSE
"3019122020","First Trust High Income Long/ Short Fund","FSD",2016-03-18,"0001494530","browse_edgar","high","FIRST TRUST HIGH INCOME LONG/SHORT FUND",TRUE,FALSE
"2932395020","Columbia Pipeline Group Inc","CPGX",2016-03-17,NA,NA,NA,NA,FALSE,TRUE
"2934795020","Rofin-Sinar Technologies Inc","RSTI",2016-03-16,NA,NA,NA,NA,FALSE,TRUE
"2812384020","Fresh Market Inc","TFM",2016-03-14,NA,NA,NA,NA,FALSE,TRUE
"2932430020","Delaware Bancshares Inc, Walton,New York","DBAI",2016-03-10,NA,NA,NA,NA,FALSE,TRUE
"2932443020","LaPorte Bancorp Inc,Laporte, Indiana","LPSB",2016-03-10,NA,NA,NA,NA,FALSE,TRUE
"2939290020","1st Century Bancshares Inc","FCTY",2016-03-10,NA,NA,NA,NA,FALSE,TRUE
"2733163020","Carmike Cinemas Inc","CKEC",2016-03-03,NA,NA,NA,NA,FALSE,TRUE
"2928830020","Tumi Holdings Inc","TUMI",2016-03-03,NA,NA,NA,NA,FALSE,TRUE
"2928450020","JAVELIN Mortgage Investment Corp","JMI",2016-03-02,NA,NA,NA,NA,FALSE,TRUE
"2928488020","Checkpoint Systems Inc","CKP",2016-03-02,NA,NA,NA,NA,FALSE,TRUE
"2925243020","API Technologies Corp","ATNY",2016-02-29,NA,NA,NA,NA,FALSE,TRUE
"2924772020","Alexza Pharmaceuticals Inc","ALXA",2016-02-26,NA,NA,NA,NA,FALSE,TRUE
"2925445020","Apollo Residential Mortgage Inc","AMTG",2016-02-26,NA,NA,NA,NA,FALSE,TRUE
"2940926020","Cricket Media Group Ltd","CKT",2016-02-26,NA,NA,NA,NA,FALSE,TRUE
"2969639020","Park Hotels & Resorts Inc","PK",2016-02-26,"   1617406","sec_bulk","high","Park Hotels & Resorts Inc.",TRUE,FALSE
"2923722020","PowerSecure International Inc","POWR",2016-02-24,NA,NA,NA,NA,FALSE,TRUE
"2923022020","Newport Corp","NEWP",2016-02-23,"   1369085","sec_bulk","high","NEW PACIFIC METALS CORP",TRUE,FALSE
"2937762020","Lexington B&L Financial Corp","LXMO",2016-02-23,NA,NA,NA,NA,FALSE,TRUE
"2921555020","Ingram Micro Inc","IM",2016-02-17,NA,NA,NA,NA,FALSE,TRUE
"2921822020","Harmony Bank,Jackson,New Jersey","HRMB",2016-02-17,NA,NA,NA,NA,FALSE,TRUE
"2920809020","The ADT Corp","ADT",2016-02-16,"   1703056","sec_bulk","high","ADT Inc.",TRUE,FALSE
"2920508020","Diligent Corp","DIL",2016-02-14,NA,NA,NA,NA,FALSE,TRUE
"2919836020","Xenith Bankshares Inc","XBKS",2016-02-10,NA,NA,NA,NA,FALSE,TRUE
"2919443020","Empire District Electric Co","EDE",2016-02-09,NA,NA,NA,NA,FALSE,TRUE
"2892107020","Apollo Education Group Inc","APOL",2016-02-08,NA,NA,NA,NA,FALSE,TRUE
"2824970020","ITC Holdings Corp","ITC",2016-02-06,NA,NA,NA,NA,FALSE,TRUE
"2918451020","LeapFrog Enterprises Inc","LF",2016-02-05,NA,NA,NA,NA,FALSE,TRUE
"2917886020","Cascade Microtech Inc","CSCD",2016-02-04,NA,NA,NA,NA,FALSE,TRUE
"2918133020","Multi-Fineline Electronix Inc","MFLX",2016-02-04,NA,NA,NA,NA,FALSE,TRUE
"2920721020","Sport Endurance Inc","SENZ",2016-02-04,NA,NA,NA,NA,FALSE,TRUE
"3009751020","Metasolutions Inc","MTSU",2016-02-03,NA,NA,NA,NA,FALSE,TRUE
"2915467020","Questar Corp","STR",2016-02-01,NA,NA,NA,NA,FALSE,TRUE
"2915628020","Alere Inc","ALR",2016-02-01,NA,NA,NA,NA,FALSE,TRUE
"2913737020","Axiall Corp","AXLL",2016-01-29,NA,NA,NA,NA,FALSE,TRUE
"2913290020","Avenue Financial Holdings Inc","AVNU",2016-01-28,NA,NA,NA,NA,FALSE,TRUE
"2907272020","FirstMerit Corp","FMER",2016-01-26,NA,NA,NA,NA,FALSE,TRUE
"2907455020","Talmer Bancorp Inc","TLMR",2016-01-26,NA,NA,NA,NA,FALSE,TRUE
"2932655020","Verso Corp","VRS",2016-01-26,NA,NA,NA,NA,FALSE,TRUE
"2905320020","Johnson Controls Inc","JCI",2016-01-25,"    833444","sec_bulk","high","Johnson Controls International plc",TRUE,FALSE
"2878673020","Waste Connections Inc","WCN",2016-01-19,"   1318220","sec_bulk","high","Waste Connections, Inc.",TRUE,FALSE
"2899175020","Rouse Properties Inc","RSE",2016-01-19,NA,NA,NA,NA,FALSE,TRUE
"2899176020","ANADIGICS Inc","ANAD",2016-01-19,NA,NA,NA,NA,FALSE,TRUE
"2898374020","Park Bancorp Inc,Chicago,Illinois","PFED",2016-01-15,NA,NA,NA,NA,FALSE,TRUE
"2879721020","Atmel Corp","ATML",2016-01-13,NA,NA,NA,NA,FALSE,TRUE
"2898435020","Pan American Bank,Los Angeles,California","PAMB",2016-01-13,NA,NA,NA,NA,FALSE,TRUE
"2893518020","Anchor BanCorp Wisconsin Inc","ABCW",2016-01-12,NA,NA,NA,NA,FALSE,TRUE
"2945777020","Arch Coal Inc","ACI",2016-01-11,"   1646972","sec_bulk","high","Albertsons Companies, Inc.",TRUE,FALSE
"2891630020","Affymetrix Inc","AFFX",2016-01-08,NA,NA,NA,NA,FALSE,TRUE
"2881429020","Congaree Bancshares Inc","CNRB",2016-01-06,NA,NA,NA,NA,FALSE,TRUE
"2881758020","Cape Bancorp Inc","CBNJ",2016-01-05,NA,NA,NA,NA,FALSE,TRUE
"2898729020","Underground Solutions Inc","UGSI",2016-01-04,NA,NA,NA,NA,FALSE,TRUE
"2993802020","Greenfields Petroleum Corp","GNF",2015-12-31,NA,NA,NA,NA,FALSE,TRUE
"2872441020","United American Savings Bank,Pittsburgh, Pennsylvania","UASB",2015-12-30,NA,NA,NA,NA,FALSE,TRUE
"2856557020","Avesis Inc","AVSS",2015-12-21,NA,NA,NA,NA,FALSE,TRUE
"2855039020","Wilshire Enterprises Inc","WLSE",2015-12-18,NA,NA,NA,NA,FALSE,TRUE
"2850095020","Monarch Financial Holdings Inc","MNRK",2015-12-17,NA,NA,NA,NA,FALSE,TRUE
"2851329020","ProAmerica Bank","PMRA",2015-12-17,NA,NA,NA,NA,FALSE,TRUE
"2845173020","Inland Real Estate Corp","IRC",2015-12-15,NA,NA,NA,NA,FALSE,TRUE
"2847189020","Heartland Payment Systems Inc","HPY",2015-12-15,NA,NA,NA,NA,FALSE,TRUE
"2835557020","Jarden Corp","JAH",2015-12-14,NA,NA,NA,NA,FALSE,TRUE
"2837782020","EI du Pont de Nemours & Co {DuPont}","DD",2015-12-11,"   1666700","sec_bulk","high","DuPont de Nemours, Inc.",TRUE,FALSE
"2838202020","LoJack Corp","LOJN",2015-12-10,NA,NA,NA,NA,FALSE,TRUE
"2838591020","Blount International Inc","BLT",2015-12-10,NA,NA,NA,NA,FALSE,TRUE
"2837583020","Fox Chase Bancorp Inc","FXCB",2015-12-08,NA,NA,NA,NA,FALSE,TRUE
"2832379020","Wilshire Bancorp Inc","WIBC",2015-12-07,NA,NA,NA,NA,FALSE,TRUE
"2832684020","Keurig Green Mountain Inc","GMCR",2015-12-07,NA,NA,NA,NA,FALSE,TRUE
"2834870020","The PEP Boys-Manny Moe & Jack Inc","PBY",2015-12-07,NA,NA,NA,NA,FALSE,TRUE
"2841789020","ASN Technologies Inc","AWSN",2015-12-07,NA,NA,NA,NA,FALSE,TRUE
"2845004020","Paragon Offshore PLC","PGN",2015-12-04,NA,NA,NA,NA,FALSE,TRUE
"2826440020","American Residential Properties Inc","ARPI",2015-12-03,NA,NA,NA,NA,FALSE,TRUE
"2854998020","Pulaski Financial Corp,St Louis,Missouri","PULB",2015-12-03,NA,NA,NA,NA,FALSE,TRUE
"2825693020","Mattson Technology Inc","MTSN",2015-12-02,NA,NA,NA,NA,FALSE,TRUE
"2824993020","HF Financial Corp","HFFC",2015-11-30,NA,NA,NA,NA,FALSE,TRUE
"2823116020","Boulder Brands Inc","BDBD",2015-11-24,NA,NA,NA,NA,FALSE,TRUE
"2823176020","Cheviot Financial Corp","CHEVD",2015-11-24,NA,NA,NA,NA,FALSE,TRUE
"2822756020","TeleCommunication Systems Inc","TSYS",2015-11-23,NA,NA,NA,NA,FALSE,TRUE
"2822873020","CommunityOne Bancorp","COB",2015-11-23,NA,NA,NA,NA,FALSE,TRUE
"2822150020","Liberator Medical Holdings Inc","LBMH",2015-11-20,NA,NA,NA,NA,FALSE,TRUE
"2821702020","Breeze-Eastern Corp","BZC",2015-11-19,NA,NA,NA,NA,FALSE,TRUE
"2811347020","Fairchild Semiconductor International Inc","FCS",2015-11-18,NA,NA,NA,NA,FALSE,TRUE
"2820964020","Airgas Inc","ARG",2015-11-17,NA,NA,NA,NA,FALSE,TRUE
"2747950020","Starwood Hotels & Resorts Worldwide Inc","HOT",2015-11-16,NA,NA,NA,NA,FALSE,TRUE
"2820481020","High Point Bank Corp","HPTB",2015-11-16,NA,NA,NA,NA,FALSE,TRUE
"2821391020","United Online Inc","UNTD",2015-11-16,NA,NA,NA,NA,FALSE,TRUE
"2819601020","Qualmark Corp","QMRK",2015-11-12,NA,NA,NA,NA,FALSE,TRUE
"2819669020","NI Bancshares Corp, Sycamore,Illinois","NIBA",2015-11-12,NA,NA,NA,NA,FALSE,TRUE
"3520615020","Liberty Media Corp","LSXMA",2015-11-12,"0001560385","browse_edgar","high","Liberty Media Corp",TRUE,FALSE
"3520651020","Liberty Media Corp","LSXMA",2015-11-12,"0001560385","browse_edgar","high","Liberty Media Corp",TRUE,FALSE
"3520658020","Liberty Media Corp","LSXMA",2015-11-12,"0001560385","browse_edgar","high","Liberty Media Corp",TRUE,FALSE
"2819185020","Roundy's Inc","RNDY",2015-11-11,NA,NA,NA,NA,FALSE,TRUE
"2819223020","TFC Holding Co","TFCH",2015-11-10,NA,NA,NA,NA,FALSE,TRUE
"2818449020","RealD Inc","RLD",2015-11-09,NA,NA,NA,NA,FALSE,TRUE
"2818503020","TAL International Group Inc","TAL",2015-11-09,"   1499620","sec_bulk","high","TAL Education Group",TRUE,FALSE
"2818584020","C1 Financial Inc","BNK",2015-11-09,NA,NA,NA,NA,FALSE,TRUE
"2818715020","Ocata Therapeutics Inc","OCAT",2015-11-09,NA,NA,NA,NA,FALSE,TRUE
"2818171020","Grayson Bankshares Inc",NA,2015-11-08,NA,NA,NA,NA,FALSE,TRUE
"2818341020","Plum Creek Timber Co Inc","PCL",2015-11-08,NA,NA,NA,NA,FALSE,TRUE
"2817886020","ZS Pharma Inc","ZSPH",2015-11-06,NA,NA,NA,NA,FALSE,TRUE
"2817311020","HomeAway Inc","AWAY",2015-11-04,NA,NA,NA,NA,FALSE,TRUE
"2816892020","Targa Resources Partners LP","NGLS",2015-11-03,NA,NA,NA,NA,FALSE,TRUE
"2816369020","Dyax Corp","DYAX",2015-11-02,NA,NA,NA,NA,FALSE,TRUE
"2816438020","Constant Contact Inc","CTCT",2015-11-02,NA,NA,NA,NA,FALSE,TRUE
"2816473020","MedAssets Inc","MDAS",2015-11-02,NA,NA,NA,NA,FALSE,TRUE
"2816520020","Hutchinson Technology Inc","HTCH",2015-11-02,NA,NA,NA,NA,FALSE,TRUE
"2816939020","Furmanite Corp","FRM",2015-11-02,NA,NA,NA,NA,FALSE,TRUE
"2805637020","First Niagara Financial Group Inc","FNFG",2015-10-30,NA,NA,NA,NA,FALSE,TRUE
"2813860020","Diamond Foods Inc","DMND",2015-10-28,NA,NA,NA,NA,FALSE,TRUE
"2814297020","Piedmont Natural Gas Co Inc","PNY",2015-10-26,NA,NA,NA,NA,FALSE,TRUE
"2814327020","Northern Tier Energy LP","NTI",2015-10-26,NA,NA,NA,NA,FALSE,TRUE
"2814450020","TriVascular Technologies Inc","TRIV",2015-10-26,NA,NA,NA,NA,FALSE,TRUE
"2814829020","VBI Vaccines Inc","VBIV",2015-10-26,"0000764195","browse_edgar","high","VBI Vaccines Inc/BC",TRUE,FALSE
"2814879020","River Valley Bancorp","RIVR",2015-10-26,NA,NA,NA,NA,FALSE,TRUE
"2813577020","Landmark Apartment Trust Inc","LAT",2015-10-22,NA,NA,NA,NA,FALSE,TRUE
"2814217020","Conestoga Bancorp Inc","CONE",2015-10-22,NA,NA,NA,NA,FALSE,TRUE
"2814370020","SmartPros Ltd","PED",2015-10-22,"   1141197","sec_bulk","high","PEDEVCO CORP",TRUE,FALSE
"2811286020","SanDisk Corp","SNDK",2015-10-21,"   2023554","sec_bulk","high","Sandisk Corp",TRUE,FALSE
"2813078020","SolarWinds Inc","SWI",2015-10-21,"0001739942","browse_edgar","high","SolarWinds Corp",TRUE,FALSE
"2954523020","Community First Bank, Somerset County, New Jersey","CFSO",2015-10-20,NA,NA,NA,NA,FALSE,TRUE
"2812309020","PMC-Sierra Inc","PMCS",2015-10-19,NA,NA,NA,NA,FALSE,TRUE
"2813054020","CTI Group(Holdings)Inc","CTIG",2015-10-19,NA,NA,NA,NA,FALSE,TRUE
"2812080020","Campus Crest Communities Inc","CCG",2015-10-16,"   1965473","sec_bulk","high","Cheche Group Inc.",TRUE,FALSE
"2812012020","County Commerce Bank,Ventura,California","CNYB",2015-10-14,NA,NA,NA,NA,FALSE,TRUE
"2791322020","FX Energy Inc","FXEN",2015-10-13,NA,NA,NA,NA,FALSE,TRUE
"2810837020","Wausau Paper Corp","WPP",2015-10-13,"    806968","sec_bulk","high","WPP plc",TRUE,FALSE
"2811233020","NewBridge Bancorp","NBBC",2015-10-13,NA,NA,NA,NA,FALSE,TRUE
"2813080020","Fraternity Community Bancorp Inc","FRTR",2015-10-13,NA,NA,NA,NA,FALSE,TRUE
"2678114020","EMC Corp","EMC",2015-10-12,NA,NA,NA,NA,FALSE,TRUE
"2809995020","UTi Worldwide Inc","UTIW",2015-10-09,NA,NA,NA,NA,FALSE,TRUE
"2810633020","Jagged Peak Inc","JGPK",2015-10-09,NA,NA,NA,NA,FALSE,TRUE
"2803929020","BioMed Realty Trust Inc","BMR",2015-10-08,"   1899005","sec_bulk","high","Beamr Imaging Ltd.",TRUE,FALSE
"2810464020","Daegis Inc","DAEG",2015-10-08,NA,NA,NA,NA,FALSE,TRUE
"2808813020","Journal Media Group Inc","JMG",2015-10-07,"   2049717","sec_bulk","high","JM Group Ltd",TRUE,FALSE
"2807946020","Community Bank of South Florida Inc","CBKS",2015-10-05,NA,NA,NA,NA,FALSE,TRUE
"2808240020","APR Energy PLC","APR",2015-10-05,NA,NA,NA,NA,FALSE,TRUE
"2790107020","Response Genetics Inc","RGDX",2015-10-02,NA,NA,NA,NA,FALSE,TRUE
"2807128020","Security California Bancorp, Riverside,California","SCAF",2015-10-01,NA,NA,NA,NA,FALSE,TRUE
"2807149020","First Capital Bancorp Inc","FCVA",2015-10-01,NA,NA,NA,NA,FALSE,TRUE
"2807155020","Jacksonville Bancorp Inc,Jacksonville,FL","JAXB",2015-10-01,NA,NA,NA,NA,FALSE,TRUE
"2806212020","Rentrak Corp","RENT",2015-09-29,"   1468327","sec_bulk","high","Rent the Runway, Inc.",TRUE,FALSE
"2806214020","Phoenix Cos Inc","PNX",2015-09-29,NA,NA,NA,NA,FALSE,TRUE
"2805553020","Media General Inc(WAS 650151)","MEG",2015-09-28,"   1643615","sec_bulk","high","Montrose Environmental Group, Inc.",TRUE,FALSE
"2805814020","Orange County Business Bank","OCBB",2015-09-28,NA,NA,NA,NA,FALSE,TRUE
"2804328020","Alternaturals Inc","ANAS",2015-09-22,NA,NA,NA,NA,FALSE,TRUE
"2803011020","Pan Pacific Bank,Fremont,California","PPFC",2015-09-18,NA,NA,NA,NA,FALSE,TRUE
"2801523020","Cablevision Systems Corp","CVC",2015-09-17,NA,NA,NA,NA,FALSE,TRUE
"2803171020","Alliance HealthCare Services Inc","AIQ",2015-09-17,NA,NA,NA,NA,FALSE,TRUE
"2801966020","Adept Technology Inc","ADEP",2015-09-16,NA,NA,NA,NA,FALSE,TRUE
"2801043020","Sirona Dental Systems Inc","SIRO",2015-09-15,NA,NA,NA,NA,FALSE,TRUE
"2801429020","InSite Vision Inc","ISV",2015-09-15,NA,NA,NA,NA,FALSE,TRUE
"2799502020","Solera Holdings Inc","SLH",2015-09-13,NA,NA,NA,NA,FALSE,TRUE
"2799495020","Envivio Inc","ENVI",2015-09-10,NA,NA,NA,NA,FALSE,TRUE
"2799523020","Premiere Global Services Inc","PGI",2015-09-10,NA,NA,NA,NA,FALSE,TRUE
"2799118020","Con-way Inc","CNW",2015-09-09,NA,NA,NA,NA,FALSE,TRUE
"2779265020","Strategic Hotels & Resorts Inc","BEE",2015-09-08,NA,NA,NA,NA,FALSE,TRUE
"2798762020","Baylake Corp","BYLK",2015-09-08,NA,NA,NA,NA,FALSE,TRUE
"2777059020","TECO Energy Inc","TE",2015-09-04,"   1992243","sec_bulk","high","T1 Energy Inc.",TRUE,FALSE
"2774411020","Millennial Media Inc","MM",2015-09-03,NA,NA,NA,NA,FALSE,TRUE
"2797424020","Alteva Inc","ALTV",2015-09-03,NA,NA,NA,NA,FALSE,TRUE
"2797839020","Pericom Semiconductor Corp","PSEM",2015-09-03,NA,NA,NA,NA,FALSE,TRUE
"2798593020","Eureka Financial Corp","EKFC",2015-09-03,NA,NA,NA,NA,FALSE,TRUE
"2797324020","Synergetics USA Inc","SURG",2015-09-02,"   1392694","sec_bulk","high","SurgePays, Inc.",TRUE,FALSE
"2796678020","Fuel Systems Solutions Inc","FSYS",2015-09-01,NA,NA,NA,NA,FALSE,TRUE
"2796288020","Blyth Inc","BTH",2015-08-31,NA,NA,NA,NA,FALSE,TRUE
"2795833020","Mother Lode Bank,Sonora,CA","MOLB",2015-08-27,NA,NA,NA,NA,FALSE,TRUE
"2794567020","Cameron International Corp","CAM",2015-08-26,NA,NA,NA,NA,FALSE,TRUE
"2794944020","Hopewell Valley Community Bank","HWDY",2015-08-26,NA,NA,NA,NA,FALSE,TRUE
"2740142020","Belk Inc","BLKIA",2015-08-24,NA,NA,NA,NA,FALSE,TRUE
"2793763020","AGL Resources Inc","GAS",2015-08-24,NA,NA,NA,NA,FALSE,TRUE
"2792182020","Dot Hill Systems Corp","HILL",2015-08-18,NA,NA,NA,NA,FALSE,TRUE
"2791658020","Zulily Inc","ZU",2015-08-17,NA,NA,NA,NA,FALSE,TRUE
"2791831020","National Penn Bancshares Inc, Boyertown,Pennsylvania","NPBC",2015-08-17,NA,NA,NA,NA,FALSE,TRUE
"2791404020","Southcoast Financial Corp, Mount Pleasant,South Carolina","SOCB",2015-08-14,NA,NA,NA,NA,FALSE,TRUE
"2818488020","HASCO Medical Inc","HASC",2015-08-14,NA,NA,NA,NA,FALSE,TRUE
"2790961020","Planar Systems Inc","PLNR",2015-08-12,NA,NA,NA,NA,FALSE,TRUE
"2789611020","Symetra Financial Corp","SYA",2015-08-11,NA,NA,NA,NA,FALSE,TRUE
"2789583020","Precision Castparts Corp","PCP",2015-08-10,NA,NA,NA,NA,FALSE,TRUE
"2789912020","Rentech Nitrogen Partners LP","RNF",2015-08-10,NA,NA,NA,NA,FALSE,TRUE
"2789942020","Yodlee Inc","YDLE",2015-08-10,NA,NA,NA,NA,FALSE,TRUE
"2790293020","NTELOS Holdings Corp","NTLS",2015-08-10,NA,NA,NA,NA,FALSE,TRUE
"2790774020","Pleasant Kids Inc","PLKD",2015-08-10,NA,NA,NA,NA,FALSE,TRUE
"2788952020","Merge Healthcare Inc","MRGE",2015-08-06,NA,NA,NA,NA,FALSE,TRUE
"2788991020","Ikanos Communications Inc","IKAN",2015-08-06,NA,NA,NA,NA,FALSE,TRUE
"2930541020","Coca-Cola Enterprises Inc","CCE",2015-08-06,NA,NA,NA,NA,FALSE,TRUE
"2489478020","Tecumseh Products Co","TECU",2015-08-05,NA,NA,NA,NA,FALSE,TRUE
"2789277020","Regal Bancorp Inc","RGBM",2015-08-05,NA,NA,NA,NA,FALSE,TRUE
"2787906020","Baxalta Inc","BXLT",2015-08-04,NA,NA,NA,NA,FALSE,TRUE
"2787940020","IPC Healthcare Inc","IPCM",2015-08-04,NA,NA,NA,NA,FALSE,TRUE
"2788075020","Metro Bancorp Inc,Harrisburg,Pennsylvania","METR",2015-08-04,NA,NA,NA,NA,FALSE,TRUE
"2788920020","Pascack Bancorp Inc","PSBR",2015-08-04,NA,NA,NA,NA,FALSE,TRUE
"2789919020","Spriza Inc","SPRZ",2015-08-03,NA,NA,NA,NA,FALSE,TRUE
"2780511020","Cytec Industries Inc","CYT",2015-07-29,NA,NA,NA,NA,FALSE,TRUE
"2780429020","Magnetek Inc","MAG",2015-07-27,NA,NA,NA,NA,FALSE,TRUE
"2787171020","Sutter Community Bank,Yuba,California","SUTB",2015-07-27,NA,NA,NA,NA,FALSE,TRUE
"2779222020","StanCorp Financial Group Inc","SFG",2015-07-23,NA,NA,NA,NA,FALSE,TRUE
"2778342020","Thoratec Corp","THOR",2015-07-22,NA,NA,NA,NA,FALSE,TRUE
"2777675020","OCI Resources LP","OCIR",2015-07-20,NA,NA,NA,NA,FALSE,TRUE
"2762357020","Receptos Inc","RCPT",2015-07-14,NA,NA,NA,NA,FALSE,TRUE
"2775463020","MarkWest Energy Partners LP","MWE",2015-07-13,NA,NA,NA,NA,FALSE,TRUE
"2775493020","Remy International Inc","RMYI",2015-07-13,NA,NA,NA,NA,FALSE,TRUE
"2775727020","Unilens Vision Inc","UVI",2015-07-13,NA,NA,NA,NA,FALSE,TRUE
"2774878020","Coast Distribution System Inc","CRV",2015-07-09,NA,NA,NA,NA,FALSE,TRUE
"2771383020","Health Net Inc","HNT",2015-07-02,NA,NA,NA,NA,FALSE,TRUE
"2770926020","Chubb Corp","CB",2015-07-01,"    896159","sec_bulk","high","Chubb Ltd",TRUE,FALSE
"2770952020","Gramercy Property Trust Inc","GPT",2015-07-01,NA,NA,NA,NA,FALSE,TRUE
"2771063020","Xoom Corp","XOOM",2015-07-01,NA,NA,NA,NA,FALSE,TRUE
"2770144020","Towers Watson & Co","TW",2015-06-30,"   1758730","sec_bulk","high","Tradeweb Markets Inc.",TRUE,FALSE
"2771845020","Firstmark Corp","FIRM",2015-06-30,NA,NA,NA,NA,FALSE,TRUE
"2769854020","Protonex Technology Corp","PTX",2015-06-29,NA,NA,NA,NA,FALSE,TRUE
"2769894020","Ameriana Bancorp","ASBI",2015-06-29,NA,NA,NA,NA,FALSE,TRUE
"2768897020","FNBPA Bancorp Inc","FNBP",2015-06-26,NA,NA,NA,NA,FALSE,TRUE
"2768726020","Tri State 1st Bank Inc","TSOH",2015-06-24,NA,NA,NA,NA,FALSE,TRUE
"2814803020","Solis-Tek Inc","SLTK",2015-06-23,NA,NA,NA,NA,FALSE,TRUE
"2764911020","Martha Stewart Living Omnimedia Inc","MSO",2015-06-22,NA,NA,NA,NA,FALSE,TRUE
"2765757020","Home Properties Inc","HME",2015-06-22,NA,NA,NA,NA,FALSE,TRUE
"2765845020","Sutron Corp","STRN",2015-06-22,NA,NA,NA,NA,FALSE,TRUE
"2766521020","First Mountain Bank,Big Bear Lake,CA","FMBP",2015-06-22,NA,NA,NA,NA,FALSE,TRUE
"2764987020","SL Industries Inc","SLI",2015-06-18,"   1537137","sec_bulk","high","STANDARD LITHIUM LTD.",TRUE,FALSE
"2765023020","Louisiana Bancorp Inc","LABC",2015-06-18,NA,NA,NA,NA,FALSE,TRUE
"2761164020","Hercules Offshore Inc","HERO",2015-06-17,NA,NA,NA,NA,FALSE,TRUE
"2764196020","KYTHERA Biopharmaceuticals Inc","KYTH",2015-06-17,NA,NA,NA,NA,FALSE,TRUE
"2796883020","Metalico Inc","MEA",2015-06-16,NA,NA,NA,NA,FALSE,TRUE
"2762949020","DealerTrack Technologies Inc","TRAK",2015-06-15,"     50471","sec_bulk","high","ReposiTrak, Inc.",TRUE,FALSE
"2762646020","Ryland Group Inc","RYL",2015-06-14,NA,NA,NA,NA,FALSE,TRUE
"2762989020","Niska Gas Storage Partners LLC","NKA",2015-06-14,NA,NA,NA,NA,FALSE,TRUE
"2778405020","Hunt Mining Corp","HMX",2015-06-11,NA,NA,NA,NA,FALSE,TRUE
"2761168020","HCC Insurance Holdings Inc","HCC",2015-06-10,"   1691303","sec_bulk","high","WARRIOR MET COAL, INC.",TRUE,FALSE
"2759062020","Bio-Reference Laboratories Inc","BRLI",2015-06-04,NA,NA,NA,NA,FALSE,TRUE
"2759160020","Naugatuck Valley Financial Corp","NVSL",2015-06-04,NA,NA,NA,NA,FALSE,TRUE
"2759652020","DARA Biosciences Inc","DARA",2015-06-04,NA,NA,NA,NA,FALSE,TRUE
"2738084020","Altera Corp","ALTR",2015-06-01,NA,NA,NA,NA,FALSE,TRUE
"2757698020","OM Group Inc","OMG",2015-06-01,NA,NA,NA,NA,FALSE,TRUE
"2757229020","Premier Valley Bank,Fresno, California","PVLY",2015-05-29,NA,NA,NA,NA,FALSE,TRUE
"2756356020","Broadcom Corp","BRCM",2015-05-28,NA,NA,NA,NA,FALSE,TRUE
"2756313020","Meru Networks Inc","MERU",2015-05-27,NA,NA,NA,NA,FALSE,TRUE
"2756389020","Rally Software Development Corp","RALY",2015-05-27,NA,NA,NA,NA,FALSE,TRUE
"2758161020","Geeknet Inc","GKNTD",2015-05-27,NA,NA,NA,NA,FALSE,TRUE
"2746685020","Time Warner Cable Inc","TWC",2015-05-26,NA,NA,NA,NA,FALSE,TRUE
"2755917020","Silver Stream Mining Corp","AGSM",2015-05-25,NA,NA,NA,NA,FALSE,TRUE
"2755341020","Frisch's Restaurants Inc","FRS",2015-05-22,NA,NA,NA,NA,FALSE,TRUE
"3103234020","Akoustis Technologies Inc","AKTS",2015-05-22,"   2035832","sec_bulk","high","Aktis Oncology, Inc.",TRUE,FALSE
"2746063020","Omnicare Inc","OCR",2015-05-21,NA,NA,NA,NA,FALSE,TRUE
"2754852020","Eagle Rock Energy Partners LP","EROC",2015-05-21,NA,NA,NA,NA,FALSE,TRUE
"2754783020","iSatori Inc","IFIT",2015-05-19,NA,NA,NA,NA,FALSE,TRUE
"2667653020","ANN Inc","ANN",2015-05-18,NA,NA,NA,NA,FALSE,TRUE
"2755063020","Maxima Group Inc","MXMG",2015-05-15,NA,NA,NA,NA,FALSE,TRUE
"2751561020","Pall Corp","PLL",2015-05-13,NA,NA,NA,NA,FALSE,TRUE
"2712561020","AOL Inc","AOL",2015-05-12,NA,NA,NA,NA,FALSE,TRUE
"2751331020","Rosetta Resources Inc","ROSE",2015-05-11,NA,NA,NA,NA,FALSE,TRUE
"2751401020","Trade Street Residential Inc","TSRE",2015-05-11,NA,NA,NA,NA,FALSE,TRUE
"2750198020","Micrel Inc","MCRL",2015-05-07,NA,NA,NA,NA,FALSE,TRUE
"2749602020","Synageva Biopharma Corp","GEVA",2015-05-06,NA,NA,NA,NA,FALSE,TRUE
"2749664020","Crestwood Midstream Partners LP","CMLP",2015-05-06,NA,NA,NA,NA,FALSE,TRUE
"2750038020","Quality Distribution Inc","QLTY",2015-05-06,NA,NA,NA,NA,FALSE,TRUE
"2750125020","Bank of the Carolinas Corp","BCAR",2015-05-06,"   2065779","sec_bulk","high","D. Boral ARC Acquisition I Corp.",TRUE,FALSE
"2749522020","Borderfree Inc","BRDR",2015-05-05,NA,NA,NA,NA,FALSE,TRUE
"2748960020","Cyan Inc","CYNI",2015-05-04,NA,NA,NA,NA,FALSE,TRUE
"2748992020","PMFG Inc","PMFG",2015-05-04,NA,NA,NA,NA,FALSE,TRUE
"2749530020","Lyris Inc","LYRI",2015-05-01,NA,NA,NA,NA,FALSE,TRUE
"2748354020","Audience Inc","ADNC",2015-04-30,NA,NA,NA,NA,FALSE,TRUE
"2747981020","MCG Capital Corp","MCGC",2015-04-29,NA,NA,NA,NA,FALSE,TRUE
"2748372020","GrafTech International Ltd","GTI",2015-04-29,NA,NA,NA,NA,FALSE,TRUE
"2745658020","iGATE Corp","IGTE",2015-04-27,NA,NA,NA,NA,FALSE,TRUE
"2746053020","Ridley Inc","RCL",2015-04-23,"    884887","sec_bulk","high","ROYAL CARIBBEAN CRUISES LTD",TRUE,FALSE
"2746442020","LookSmart Ltd","LOOK",2015-04-23,NA,NA,NA,NA,FALSE,TRUE
"2746549020","Focus Business Bank,San Jose,California","FCSB",2015-04-23,NA,NA,NA,NA,FALSE,TRUE
"2745495020","Associated Estates Realty Corp","AEC",2015-04-22,"   1519469","sec_bulk","high","ANFIELD ENERGY INC.",TRUE,FALSE
"2745517020","Palmetto Bancshares Inc","PLMT",2015-04-22,NA,NA,NA,NA,FALSE,TRUE
"2745519020","Procera Networks Inc","PKT",2015-04-22,NA,NA,NA,NA,FALSE,TRUE
"2744790020","LRR Energy LP","LRE",2015-04-20,"   1888980","sec_bulk","high","LEAD REAL ESTATE CO., LTD",TRUE,FALSE
"2744058020","Fairmount Bancorp Inc","FMTB",2015-04-16,NA,NA,NA,NA,FALSE,TRUE
"2743341020","Dover Saddlery Inc","DOVR",2015-04-14,NA,NA,NA,NA,FALSE,TRUE
"2742159020","Excel Trust Inc","EXL",2015-04-10,NA,NA,NA,NA,FALSE,TRUE
"2741377020","Zep Inc","ZEP",2015-04-08,NA,NA,NA,NA,FALSE,TRUE
"2743435020","Baltic Trading Ltd","BALT",2015-04-08,NA,NA,NA,NA,FALSE,TRUE
"2718819020","Informatica Corp","INFA",2015-04-07,"0001868778","browse_edgar","high","Informatica Inc.",TRUE,FALSE
"2740024020","Everyware Global Inc","EVRYU",2015-04-01,NA,NA,NA,NA,FALSE,TRUE
"2738540020","Cellular Dynamics International Inc","ICEL",2015-03-30,NA,NA,NA,NA,FALSE,TRUE
"2738592020","Catamaran Corp","CTRX",2015-03-30,NA,NA,NA,NA,FALSE,TRUE
"2738613020","Auspex Pharmaceuticals Inc","ASPX",2015-03-30,NA,NA,NA,NA,FALSE,TRUE
"2738614020","Hyperion Therapeutics Inc","HPTX",2015-03-30,NA,NA,NA,NA,FALSE,TRUE
"2738679020","Norcraft Cos Inc","NCFT",2015-03-30,NA,NA,NA,NA,FALSE,TRUE
"2738060020","Revett Mining Co Inc","RVM",2015-03-27,NA,NA,NA,NA,FALSE,TRUE
"2736521020","Kraft Foods Group Inc","KRFT",2015-03-25,NA,NA,NA,NA,FALSE,TRUE
"2737006020","First Security Group Inc, Chattanooga,Tennessee","FSGI",2015-03-25,NA,NA,NA,NA,FALSE,TRUE
"2736507020","Kofax Ltd","KFX",2015-03-24,NA,NA,NA,NA,FALSE,TRUE
"2734436020","Vitesse Semiconductor Corp","VTSS",2015-03-18,NA,NA,NA,NA,FALSE,TRUE
"2730659020","Life Time Fitness Inc","LTM",2015-03-16,"   1047716","sec_bulk","high","LATAM AIRLINES GROUP S.A.",TRUE,FALSE
"2733916020","Pulmatrix Inc","PULM",2015-03-13,"   1574235","sec_bulk","high","Pulmatrix, Inc.",TRUE,FALSE
"2732444020","Integrated Silicon Solution Inc","ISSI",2015-03-12,NA,NA,NA,NA,FALSE,TRUE
"2730940020","RTI International Metals Inc","RTI",2015-03-09,NA,NA,NA,NA,FALSE,TRUE
"2731199020","Bridge Capital Holdings","BBNK",2015-03-09,NA,NA,NA,NA,FALSE,TRUE
"2731086020","Assured Pharmacy Inc","APHY",2015-03-05,NA,NA,NA,NA,FALSE,TRUE
"2727596020","Pharmacyclics Inc","PCYC",2015-03-04,NA,NA,NA,NA,FALSE,TRUE
"2729339020","Alliance Bancorp Inc of Pennsylvania","ALLB",2015-03-03,NA,NA,NA,NA,FALSE,TRUE
"2724775020","Freescale Semiconductor Ltd","FSL",2015-03-02,NA,NA,NA,NA,FALSE,TRUE
"2727752020","Aruba Networks Inc","ARUN",2015-03-02,NA,NA,NA,NA,FALSE,TRUE
"2728727020","Mavenir Systems Inc","MVNR",2015-03-02,NA,NA,NA,NA,FALSE,TRUE
"2728851020","Square 1 Financial Inc","SQBK",2015-03-02,NA,NA,NA,NA,FALSE,TRUE
"2729241020","Community Financial Shares Inc","CFIS",2015-03-02,NA,NA,NA,NA,FALSE,TRUE
"2729685020","Patapsco Bancorp Inc","PATD",2015-03-02,NA,NA,NA,NA,FALSE,TRUE
"2872698020","RMR Industrials Inc","RMRI",2015-02-27,NA,NA,NA,NA,FALSE,TRUE
"2728136020","Pan American Bank,Los Angeles,California","PAMB",2015-02-26,NA,NA,NA,NA,FALSE,TRUE
"2727718020","UIL Holdings Corp","UIL",2015-02-25,NA,NA,NA,NA,FALSE,TRUE
"2727792020","Colonial American Bank,Middletown,New Jersey","CBKX",2015-02-25,NA,NA,NA,NA,FALSE,TRUE
"2727942020","Emulex Corp","EMLX",2015-02-25,NA,NA,NA,NA,FALSE,TRUE
"2728055020","Navig8 Crude Tankers Inc","BLUE",2015-02-25,NA,NA,NA,NA,FALSE,TRUE
"2727544020","Oneida Financial Corp","ONFC",2015-02-24,NA,NA,NA,NA,FALSE,TRUE
"2726670020","Polypore International Inc","PPO",2015-02-23,NA,NA,NA,NA,FALSE,TRUE
"2726765020","Globe Specialty Metals Inc","GSM",2015-02-23,"   1639877","sec_bulk","high","Ferroglobe PLC",TRUE,FALSE
"2717301020","Salix Pharmaceuticals Ltd","SLXP",2015-02-22,NA,NA,NA,NA,FALSE,TRUE
"2726572020","Home Loan Servicing Solutions Ltd","HLSS",2015-02-22,NA,NA,NA,NA,FALSE,TRUE
"2726347020","Peoples Bancorp,Auburn,Indiana","PBNI",2015-02-19,NA,NA,NA,NA,FALSE,TRUE
"2717312020","Orbitz Worldwide Inc","OWW",2015-02-12,NA,NA,NA,NA,FALSE,TRUE
"2723556020","Saba Software Inc","SABA",2015-02-10,"    828803","sec_bulk","high","Saba Capital Income & Opportunities Fund II",TRUE,FALSE
"2722605020","Exelis Inc","XLS",2015-02-06,NA,NA,NA,NA,FALSE,TRUE
"2723115020","CTPartners Executive Search Inc","CTP",2015-02-06,NA,NA,NA,NA,FALSE,TRUE
"2716238020","E2open Inc","EOPN",2015-02-05,NA,NA,NA,NA,FALSE,TRUE
"2722118020","Hospira Inc","HSP",2015-02-05,NA,NA,NA,NA,FALSE,TRUE
"2722650020","Courier Corp","CRRC",2015-02-05,NA,NA,NA,NA,FALSE,TRUE
"2722710020","Community Southern Holdings Inc","CMUY",2015-02-05,NA,NA,NA,NA,FALSE,TRUE
"2721689020","Entropic Communications Inc","ENTR",2015-02-03,NA,NA,NA,NA,FALSE,TRUE
"2719314020","Advent Software Inc","ADVS",2015-02-02,NA,NA,NA,NA,FALSE,TRUE
"2721298020","Advanced Photonix Inc","API",2015-02-02,"   1802883","sec_bulk","high","Agora, Inc.",TRUE,FALSE
"2719660020","Intelligent Buying Inc","SNBH",2015-01-28,"   1358633","sec_bulk","high","SENTIENT BRANDS HOLDINGS INC.",TRUE,FALSE
"2714829020","Silicon Image Inc","SIMG",2015-01-27,NA,NA,NA,NA,FALSE,TRUE
"2719187020","National Bancshares Corp","NBOH",2015-01-27,NA,NA,NA,NA,FALSE,TRUE
"2718249020","Rock-Tenn Co","RKT",2015-01-26,"   1805284","sec_bulk","high","Rocket Companies, Inc.",TRUE,FALSE
"2718307020","Regency Energy Partners LP","RGP",2015-01-26,"   1084765","sec_bulk","high","RESOURCES CONNECTION, INC.",TRUE,FALSE
"2717656020","City National Corp","CYN",2015-01-22,"   1874097","sec_bulk","high","Cyngn Inc.",TRUE,FALSE
"2718239020","Medytox Solutions Inc","MMMS",2015-01-22,NA,NA,NA,NA,FALSE,TRUE
"2719542020","Wall Street Media Co Inc","WSCO",2015-01-15,NA,NA,NA,NA,FALSE,TRUE
"2715843020","Manhattan Bancorp","MNHN",2015-01-14,NA,NA,NA,NA,FALSE,TRUE
"2714448020","MWI Veterinary Supply Inc","MWIV",2015-01-12,NA,NA,NA,NA,FALSE,TRUE
"2641767020","NPS Pharmaceuticals Inc","NPSP",2015-01-11,NA,NA,NA,NA,FALSE,TRUE
"2715461020","DCB Financial Corp","DCBF",2015-01-08,NA,NA,NA,NA,FALSE,TRUE
"2712356020","Uranerz Energy Corp","URZ",2015-01-05,NA,NA,NA,NA,FALSE,TRUE
"2711885020","Aventine Renewable Energy Holdings Inc","AVR",2014-12-31,"   2011514","sec_bulk","high","Anteris Technologies Global Corp.",TRUE,FALSE
"2711681020","Meadowbrook Insurance Group Inc","MIG",2014-12-30,NA,NA,NA,NA,FALSE,TRUE
"2711738020","JPS Industries Inc","JPST",2014-12-30,NA,NA,NA,NA,FALSE,TRUE
"2797372020","State Investors Bancorp Inc","SIBC",2014-12-30,NA,NA,NA,NA,FALSE,TRUE
"2708859020","Caesars Acquisition Co","CGP",2014-12-22,NA,NA,NA,NA,FALSE,TRUE
"2709399020","Peerless Systems Corp","PRLS",2014-12-22,NA,NA,NA,NA,FALSE,TRUE
"2709408020","Uroplasty Inc","UPI",2014-12-22,NA,NA,NA,NA,FALSE,TRUE
"2707389020","Pantry Inc","PTRY",2014-12-18,NA,NA,NA,NA,FALSE,TRUE
"2680134020","Volcano Corp","VOLC",2014-12-17,NA,NA,NA,NA,FALSE,TRUE
"2700448020","Paramount Gold & Silver Corp","PZG",2014-12-17,"   1629210","sec_bulk","high","Paramount Gold Nevada Corp.",TRUE,FALSE
"2697621020","LNB Bancorp Inc","LNBB",2014-12-15,NA,NA,NA,NA,FALSE,TRUE
"2706298020","Riverbed Technology Inc","RVBD",2014-12-15,NA,NA,NA,NA,FALSE,TRUE
"2706864020","MicroFinancial Inc","MFI",2014-12-15,"   1940941","sec_bulk","high","mF International Ltd",TRUE,FALSE
"2707382020","Community National Bank, Melville,New York","CBNY",2014-12-15,NA,NA,NA,NA,FALSE,TRUE
"2665787020","PetSmart Inc","PETM",2014-12-14,NA,NA,NA,NA,FALSE,TRUE
"2706363020","Cover-All Technologies Inc","COVR",2014-12-14,NA,NA,NA,NA,FALSE,TRUE
"2707761020","Cloud Security Corp","CLDS",2014-12-12,NA,NA,NA,NA,FALSE,TRUE
"2705705020","Citizens National Bancorp Inc,Putnam,Connecticut","CTZR",2014-12-11,NA,NA,NA,NA,FALSE,TRUE
"2705193020","Heritage Financial Group Inc","HBOS",2014-12-10,NA,NA,NA,NA,FALSE,TRUE
"2703228020","Cubist Pharmaceuticals Inc","CBST",2014-12-08,NA,NA,NA,NA,FALSE,TRUE
"2702968020","Actuate Corp","BIRT",2014-12-05,NA,NA,NA,NA,FALSE,TRUE
"2701044020","Avanir Pharmaceuticals Inc","AVNR",2014-12-02,NA,NA,NA,NA,FALSE,TRUE
"2710810020","Molycorp Inc","MCP",2014-12-02,NA,NA,NA,NA,FALSE,TRUE
"2700767020","Spansion Inc","CODE",2014-12-01,NA,NA,NA,NA,FALSE,TRUE
"2697155020","Oplink Communications Inc","OPLK",2014-11-19,NA,NA,NA,NA,FALSE,TRUE
"2697953020","Capital Pacific Bancorp","CPBO",2014-11-19,NA,NA,NA,NA,FALSE,TRUE
"2677195020","Allergan Inc","AGN",2014-11-17,NA,NA,NA,NA,FALSE,TRUE
"2696691020","Valley Financial Corp,Roanoke, Virginia","VYFC",2014-11-17,NA,NA,NA,NA,FALSE,TRUE
"2697047020","ChyronHego Corp","CHYR",2014-11-17,NA,NA,NA,NA,FALSE,TRUE
"2694774020","Susquehanna Bancshares Inc","SUSQ",2014-11-12,NA,NA,NA,NA,FALSE,TRUE
"2694833020","Horizon Lines Inc","HRZ",2014-11-11,NA,NA,NA,NA,FALSE,TRUE
"2694355020","Tigrent Inc","TGNI",2014-11-10,NA,NA,NA,NA,FALSE,TRUE
"2704461020","Valley Community Bank","VCBC",2014-11-10,NA,NA,NA,NA,FALSE,TRUE
"2693718020","Vaporin Inc","VGLD",2014-11-06,NA,NA,NA,NA,FALSE,TRUE
"2692277020","Hudson Valley Holding Corp, Yonkers,New York","HUVL",2014-11-05,NA,NA,NA,NA,FALSE,TRUE
"2691845020","Hampden Bancorp Inc, Springfield,Massachusetts","HBNK",2014-11-04,NA,NA,NA,NA,FALSE,TRUE
"2691876020","Halton Universal Brands Inc","HNVB",2014-11-04,NA,NA,NA,NA,FALSE,TRUE
"2692224020","World Energy Solutions Inc","XWES",2014-11-04,NA,NA,NA,NA,FALSE,TRUE
"2692271020","Elecsys Corp","ESYS",2014-11-04,NA,NA,NA,NA,FALSE,TRUE
"2691164020","Sapient Corp","SAPE",2014-11-03,NA,NA,NA,NA,FALSE,TRUE
"2691363020","Covance Inc","CVD",2014-11-03,NA,NA,NA,NA,FALSE,TRUE
"2691774020","Monarch Community Bancorp Inc","MCBF",2014-11-03,NA,NA,NA,NA,FALSE,TRUE
"2687149020","AmREIT Inc","AMRE",2014-10-31,NA,NA,NA,NA,FALSE,TRUE
"2690909020","Aviv REIT Inc","AVIV",2014-10-31,NA,NA,NA,NA,FALSE,TRUE
"2690587020","Integrity Bancshares Inc","ITBC",2014-10-30,NA,NA,NA,NA,FALSE,TRUE
"2690527020","ESB Financial Corp","ESBF",2014-10-29,NA,NA,NA,NA,FALSE,TRUE
"2689415020","Wright Medical Group Inc","WMGI",2014-10-27,NA,NA,NA,NA,FALSE,TRUE
"2688759020","Digital River Inc","DRIV",2014-10-23,NA,NA,NA,NA,FALSE,TRUE
"2688079020","Independence Bank,Newport Beach,Califonia","IDPK",2014-10-22,NA,NA,NA,NA,FALSE,TRUE
"2688093020","BTU International Inc","BTUI",2014-10-22,NA,NA,NA,NA,FALSE,TRUE
"2651362020","Cleco Corp","CNL",2014-10-20,"   1953575","sec_bulk","high","Collective Mining Ltd.",TRUE,FALSE
"2679868020","Primary Energy Recycling Corp","PRI.UN",2014-10-20,NA,NA,NA,NA,FALSE,TRUE
"2687324020","Metro Bancshares Inc","MTBS",2014-10-20,NA,NA,NA,NA,FALSE,TRUE
"2686803020","First America Holdings Corp","FAHO",2014-10-16,NA,NA,NA,NA,FALSE,TRUE
"2685880020","Penford Corp","PENX",2014-10-15,NA,NA,NA,NA,FALSE,TRUE
"2685925020","Greater Sacramento Bancorp","GSCB",2014-10-15,NA,NA,NA,NA,FALSE,TRUE
"2684890020","Atlas Pipeline Partners LP","APL",2014-10-13,NA,NA,NA,NA,FALSE,TRUE
"2684911020","Atlas Energy LP","ATLS",2014-10-13,NA,NA,NA,NA,FALSE,TRUE
"2684964020","Dialogic Inc","DLGC",2014-10-10,NA,NA,NA,NA,FALSE,TRUE
"2683982020","Dawson Geophysical Co","DWSN",2014-10-09,"    799165","sec_bulk","high","DAWSON GEOPHYSICAL CO",TRUE,FALSE
"2684357020","Trump Entertainment Resorts Inc","TRMP",2014-10-09,NA,NA,NA,NA,FALSE,TRUE
"2682467020","Durata Therapeutics Inc","DRTX",2014-10-06,NA,NA,NA,NA,FALSE,TRUE
"2682158020","CareFusion Corp","CFN",2014-10-05,NA,NA,NA,NA,FALSE,TRUE
"2682065020","Apco Oil & Gas International Inc","APAGF",2014-10-03,NA,NA,NA,NA,FALSE,TRUE
"2682573020","Bank Reale,Pasco,Washington","BKRL",2014-10-03,NA,NA,NA,NA,FALSE,TRUE
"2681191020","Oiltanking Partners LP","OILT",2014-10-01,NA,NA,NA,NA,FALSE,TRUE
"2680689020","Move Inc","MOVE",2014-09-30,"   1734750","sec_bulk","high","Movano Inc.",TRUE,FALSE
"2662338020","TIBCO Software Inc","TIBX",2014-09-29,NA,NA,NA,NA,FALSE,TRUE
"2679703020","Ambit Biosciences Corp","AMBI",2014-09-29,"   1937441","sec_bulk","high","Ambipar Emergency Response",TRUE,FALSE
"2679781020","Athlon Energy Inc","ATHL",2014-09-29,NA,NA,NA,NA,FALSE,TRUE
"2679880020","Einstein Noah Restaurant Group Inc","BAGL",2014-09-29,NA,NA,NA,NA,FALSE,TRUE
"2680104020","Simplicity Bancorp Inc (WAS 483056)","SMPL",2014-09-27,"   1702744","sec_bulk","high","Simply Good Foods Co",TRUE,FALSE
"2680424020","Ambient Corp","ABTG",2014-09-26,NA,NA,NA,NA,FALSE,TRUE
"2678607020","LipoScience Inc","LPDX",2014-09-25,NA,NA,NA,NA,FALSE,TRUE
"2678949020","CMS Bancorp Inc","CMSB",2014-09-25,NA,NA,NA,NA,FALSE,TRUE
"2679062020","Mechanics Bank of Richmond,Richmond,California","MCHB",2014-09-25,"   1518715","sec_bulk","high","Mechanics Bancorp",TRUE,FALSE
"2678039020","Snow Summit Ski Corp","SSNS",2014-09-24,NA,NA,NA,NA,FALSE,TRUE
"2677599020","Fitt Highway Products Inc","FHWY",2014-09-23,NA,NA,NA,NA,FALSE,TRUE
"2676907020","Sigma-Aldrich Corp","SIAL",2014-09-22,NA,NA,NA,NA,FALSE,TRUE
"2677056020","Viasystems Group Inc","VIAS",2014-09-22,NA,NA,NA,NA,FALSE,TRUE
"2676447020","Dresser-Rand Group Inc","DRC",2014-09-21,NA,NA,NA,NA,FALSE,TRUE
"2670189020","Concur Technologies Inc","CNQR",2014-09-18,NA,NA,NA,NA,FALSE,TRUE
"2675070020","Glimcher Realty Trust","GRT",2014-09-16,NA,NA,NA,NA,FALSE,TRUE
"2675174020","Auxilium Pharmaceuticals Inc","AUXL",2014-09-16,NA,NA,NA,NA,FALSE,TRUE
"2654975020","TRW Automotive Holdings Corp","TRW",2014-09-15,NA,NA,NA,NA,FALSE,TRUE
"2673697020","Taminco Corp","TAM",2014-09-11,NA,NA,NA,NA,FALSE,TRUE
"2673763020","Conversant Inc","CNVR",2014-09-11,NA,NA,NA,NA,FALSE,TRUE
"2673579020","Colonial Financial Services Inc","COBK",2014-09-10,NA,NA,NA,NA,FALSE,TRUE
"2673260020","GFI Group Inc","GFIG",2014-09-09,NA,NA,NA,NA,FALSE,TRUE
"2672104020","Multimedia Games Holding Co Inc","MGAM",2014-09-08,"   1886362","sec_bulk","high","Mobile Global Esports, Inc.",TRUE,FALSE
"2672213020","Bank of Kentucky Financial Corp","BKYF",2014-09-08,NA,NA,NA,NA,FALSE,TRUE
"2672223020","Annies Inc","BNNY",2014-09-08,NA,NA,NA,NA,FALSE,TRUE
"2670665020","Deer Valley Corp","DVLY",2014-09-03,NA,NA,NA,NA,FALSE,TRUE
"2671080020","Bolt Technology Corp","BOLT",2014-09-03,"   1641281","sec_bulk","high","Bolt Biotherapeutics, Inc.",TRUE,FALSE
"2671603020","American Bank Holdings Inc","ABKH",2014-09-03,NA,NA,NA,NA,FALSE,TRUE
"2501560020","Compuware Corp","CPWR",2014-09-02,"    827099","sec_bulk","high","Ocean Thermal Energy Corp",TRUE,FALSE
"2670034020","Harry & David Holdings Inc","HARR",2014-09-02,NA,NA,NA,NA,FALSE,TRUE
"2670080020","XRS Corp","XRSC",2014-09-02,NA,NA,NA,NA,FALSE,TRUE
"2668554020","Corgenix Medical Corp","CONX",2014-08-28,NA,NA,NA,NA,FALSE,TRUE
"2668564020","Cobra Electronics Corp","COBR",2014-08-28,NA,NA,NA,NA,FALSE,TRUE
"2668662020","Phoenix Bancorp Inc,Millersburg,Pennsylvania","PXBP",2014-08-27,NA,NA,NA,NA,FALSE,TRUE
"2667214020","MainStreet BankShares Inc","MREE",2014-08-25,NA,NA,NA,NA,FALSE,TRUE
"2616499020","InterMune Inc","ITMN",2014-08-24,NA,NA,NA,NA,FALSE,TRUE
"2666755020","Peregrine Semiconductor Corp","PSMI",2014-08-22,NA,NA,NA,NA,FALSE,TRUE
"2666106020","International Rectifier Corp","IRF",2014-08-20,NA,NA,NA,NA,FALSE,TRUE
"2665406020","Skilled Healthcare Group Inc","SKH",2014-08-18,NA,NA,NA,NA,FALSE,TRUE
"2664497020","OmniVision Technologies Inc","OVTI",2014-08-14,NA,NA,NA,NA,FALSE,TRUE
"2663760020","Fortegra Financial Corp","FRF",2014-08-12,NA,NA,NA,NA,FALSE,TRUE
"2664914020","STR Holdings Inc","STRI",2014-08-12,NA,NA,NA,NA,FALSE,TRUE
"2663749020","Chiquita Brands International Inc","CQB",2014-08-11,NA,NA,NA,NA,FALSE,TRUE
"2663270020","El Paso Pipeline Partners LP","EPB",2014-08-10,NA,NA,NA,NA,FALSE,TRUE
"2667598020","Kinder Morgan Energy Partners LP","KMP",2014-08-10,NA,NA,NA,NA,FALSE,TRUE
"2667612020","Kinder Morgan Management LLC","KMR",2014-08-10,NA,NA,NA,NA,FALSE,TRUE
"2663507020","SSP Offshore Inc","SSZ",2014-08-08,NA,NA,NA,NA,FALSE,TRUE
"2662702020","Siuslaw Financial Group Inc","SFGP",2014-08-07,NA,NA,NA,NA,FALSE,TRUE
"2662725020","Muscato Group Inc","MGRP",2014-08-07,NA,NA,NA,NA,FALSE,TRUE
"2671208020","Nitro Petroleum Inc","NTRO",2014-08-07,NA,NA,NA,NA,FALSE,TRUE
"2661901020","Peoples Federal Bancshares Inc","PEOP",2014-08-05,NA,NA,NA,NA,FALSE,TRUE
"2661170020","Pike Corp","PIKE",2014-08-04,NA,NA,NA,NA,FALSE,TRUE
"2661185020","Symmetry Medical Inc","SMA",2014-08-04,"   1585389","sec_bulk","high","SmartStop Self Storage REIT, Inc.",TRUE,FALSE
"2661685020","NB&T Financial Group Inc","NBTF",2014-08-04,NA,NA,NA,NA,FALSE,TRUE
"2660504020","Bally Technologies Inc","BYI",2014-08-01,NA,NA,NA,NA,FALSE,TRUE
"2660233020","Intervest Bancshares Corp","IBCA",2014-07-31,NA,NA,NA,NA,FALSE,TRUE
"2660130020","Journal Communications Inc","JRN",2014-07-30,NA,NA,NA,NA,FALSE,TRUE
"2648357020","Family Dollar Stores Inc","FDO",2014-07-28,NA,NA,NA,NA,FALSE,TRUE
"2658318020","Trulia Inc","TRLA",2014-07-28,NA,NA,NA,NA,FALSE,TRUE
"2658257020","QR Energy LP","QRE",2014-07-24,NA,NA,NA,NA,FALSE,TRUE
"2666797020","CannaSys Inc","MJTK",2014-07-24,NA,NA,NA,NA,FALSE,TRUE
"2658579020","Intermountain Community Bancorp","IMCB",2014-07-23,NA,NA,NA,NA,FALSE,TRUE
"2657786020","Madison Bancorp Inc","MDSN",2014-07-22,NA,NA,NA,NA,FALSE,TRUE
"2656678020","Design Within Reach Inc","DWRI",2014-07-17,NA,NA,NA,NA,FALSE,TRUE
"2657257020","Santa Clara Valley Bank NA,Santa Paula,California","SCVE",2014-07-17,NA,NA,NA,NA,FALSE,TRUE
"2644805020","International Game Technology","IGT",2014-07-16,NA,NA,NA,NA,FALSE,TRUE
"2655953020","Rockwood Holdings Inc","ROC",2014-07-15,"   2077709","sec_bulk","high","Rank One Computing Corp dba ROC",TRUE,FALSE
"2656033020","ZipRealty Inc","ZIPR",2014-07-15,NA,NA,NA,NA,FALSE,TRUE
"2656829020","Franklin Financial Corp","FRNK",2014-07-15,NA,NA,NA,NA,FALSE,TRUE
"3107296020","Nascent Biotech Inc","NBIO",2014-07-15,"   1622057","sec_bulk","high","Nascent Biotech Inc.",TRUE,FALSE
"2655375020","URS Corp","URS",2014-07-13,NA,NA,NA,NA,FALSE,TRUE
"2655377020","Kodiak Oil & Gas Corp","KOG",2014-07-13,NA,NA,NA,NA,FALSE,TRUE
"2614332020","Lorillard Inc","LO",2014-07-11,NA,NA,NA,NA,FALSE,TRUE
"2655526020","Crumbs Bake Shop Inc","CRMB",2014-07-11,NA,NA,NA,NA,FALSE,TRUE
"2654157020","Great Lakes Financial Resources Inc","GLFL",2014-07-08,NA,NA,NA,NA,FALSE,TRUE
"2653626020","FNBM Financial Corp","FNMN",2014-07-03,NA,NA,NA,NA,FALSE,TRUE
"2652569020","Vitacost.com Inc","VITC",2014-07-02,NA,NA,NA,NA,FALSE,TRUE
"2659301020","Language Arts Corp","LGUA",2014-07-02,NA,NA,NA,NA,FALSE,TRUE
"2659356020","Imaging Diagnostic Systems Inc","IMDS",2014-07-01,NA,NA,NA,NA,FALSE,TRUE
"2651883020","Enventis Corp","ENVE",2014-06-30,NA,NA,NA,NA,FALSE,TRUE
"2651932020","Sport Chalet Inc","SPCH",2014-06-30,NA,NA,NA,NA,FALSE,TRUE
"2697528020","Lamar Advertising Co","LAMR",2014-06-27,"   1090425","sec_bulk","high","LAMAR ADVERTISING CO/NEW",TRUE,FALSE
"2650979020","Wireless Ronin Technologies Inc","RNIN",2014-06-26,NA,NA,NA,NA,FALSE,TRUE
"2650050020","Medical Action Industries Inc","MDCI",2014-06-25,NA,NA,NA,NA,FALSE,TRUE
"2649590020","Georgia-Carolina Bancshares Inc","GECT",2014-06-24,NA,NA,NA,NA,FALSE,TRUE
"2646955020","MICROS Systems Inc","MCRS",2014-06-23,NA,NA,NA,NA,FALSE,TRUE
"2648906020","Integrys Energy Group Inc","TEG",2014-06-23,NA,NA,NA,NA,FALSE,TRUE
"2649004020","WaterFurnace Renewable Energy Inc","WFI",2014-06-23,NA,NA,NA,NA,FALSE,TRUE
"2649022020","PLX Technology Inc","PLXT",2014-06-23,NA,NA,NA,NA,FALSE,TRUE
"2649518020","Tortoise Energy Capital Corp","TYY",2014-06-23,NA,NA,NA,NA,FALSE,TRUE
"2649526020","Tortoise North American Energy Corp","TYN",2014-06-23,NA,NA,NA,NA,FALSE,TRUE
"2649636020","Lab-Volt Systems Inc","LVSY",2014-06-20,NA,NA,NA,NA,FALSE,TRUE
"2647568020","Measurement Specialties Inc","MEAS",2014-06-18,NA,NA,NA,NA,FALSE,TRUE
"2646335020","tw telecom inc","TWTC",2014-06-16,NA,NA,NA,NA,FALSE,TRUE
"2646364020","Fusion-io Inc","FIO",2014-06-16,NA,NA,NA,NA,FALSE,TRUE
"2646130020","Williams Partners LP","WPZ",2014-06-15,NA,NA,NA,NA,FALSE,TRUE
"2645911020","OpenTable Inc","OPEN",2014-06-13,"   1801169","sec_bulk","high","Opendoor Technologies Inc.",TRUE,FALSE
"2645524020","First Citizens Bancshares Inc","FCNCA",2014-06-10,"    798941","sec_bulk","high","FIRST CITIZENS BANCSHARES INC /DE/",TRUE,FALSE
"2649553020","ViryaNet Ltd","VRYA",2014-06-10,NA,NA,NA,NA,FALSE,TRUE
"2644268020","Hittite Microwave Corp","HITT",2014-06-09,NA,NA,NA,NA,FALSE,TRUE
"2644269020","Idenix Pharmaceuticals Inc","IDIX",2014-06-09,NA,NA,NA,NA,FALSE,TRUE
"2644401020","Virginia Heritage Bank","VGBK",2014-06-09,NA,NA,NA,NA,FALSE,TRUE
"2677285020","Coldwater Creek Inc","CWTR",2014-06-09,NA,NA,NA,NA,FALSE,TRUE
"2643901020","TF Financial Corp,Newtown,Pennsylvania","THRD",2014-06-04,NA,NA,NA,NA,FALSE,TRUE
"2642099020","Protective Life Corp","PL",2014-06-03,"   1836833","sec_bulk","high","Planet Labs PBC",TRUE,FALSE
"2643908020","LSB Financial Corp","LSBI",2014-06-03,NA,NA,NA,NA,FALSE,TRUE
"2642097020","American Realty Capital Healthcare Trust Inc","HCT",2014-06-02,NA,NA,NA,NA,FALSE,TRUE
"2641303020","Hillshire Brands Co","HSH",2014-05-29,NA,NA,NA,NA,FALSE,TRUE
"2641667020","Virginia Co Bank,Newport News,Virginia","VGNA",2014-05-29,NA,NA,NA,NA,FALSE,TRUE
"2640969020","PetroLogistics LP","PDH",2014-05-28,NA,NA,NA,NA,FALSE,TRUE
"2640918020","MKTG Inc","CMKG",2014-05-27,NA,NA,NA,NA,FALSE,TRUE
"2592146020","TGI Friday's Inc","TGI",2014-05-20,NA,NA,NA,NA,FALSE,TRUE
"2638501020","Aeroflex Holding Corp","ARX",2014-05-20,"   1997350","sec_bulk","high","Accelerant Holdings",TRUE,FALSE
"2633051020","DirecTV Inc","DTV",2014-05-18,NA,NA,NA,NA,FALSE,TRUE
"2637444020","Gentiva Health Services Inc","GTIV",2014-05-15,NA,NA,NA,NA,FALSE,TRUE
"2637619020","Digital Cinema Destinations Corp","DCIN",2014-05-15,NA,NA,NA,NA,FALSE,TRUE
"2637890020","Overland Storage Inc","OVRL",2014-05-15,NA,NA,NA,NA,FALSE,TRUE
"2637310020","Schuff International Inc","SHFK",2014-05-13,NA,NA,NA,NA,FALSE,TRUE
"3103180020","GankIt Corporation","GANK",2014-05-12,NA,NA,NA,NA,FALSE,TRUE
"2635283020","Chelsea Therapeutics International Ltd","CHTP",2014-05-08,NA,NA,NA,NA,FALSE,TRUE
"2635774020","1st United Bancorp Inc,Boca Raton,Florida","FUBC",2014-05-08,NA,NA,NA,NA,FALSE,TRUE
"2635078020","Richfield Oil & Gas Co","ROIL",2014-05-07,NA,NA,NA,NA,FALSE,TRUE
"2634451020","Forest Oil Corp","FST",2014-05-06,NA,NA,NA,NA,FALSE,TRUE
"2634258020","SP Bancorp Inc","SPBC",2014-05-05,NA,NA,NA,NA,FALSE,TRUE
"2632713020","Pepco Holdings Inc","POM",2014-04-30,"   1877971","sec_bulk","high","POMDOCTOR Ltd",TRUE,FALSE
"2632957020","PokerTek Inc","PTEK",2014-04-30,NA,NA,NA,NA,FALSE,TRUE
"2632446020","Orbital Sciences Corp","ORB",2014-04-29,NA,NA,NA,NA,FALSE,TRUE
"2632546020","OmniAmerican Bancorp Inc","OABC",2014-04-29,NA,NA,NA,NA,FALSE,TRUE
"2611435020","Furiex Pharmaceuticals Inc","FURX",2014-04-28,NA,NA,NA,NA,FALSE,TRUE
"2632083020","Commerce Union Bancshares Inc","CUBN",2014-04-28,NA,NA,NA,NA,FALSE,TRUE
"2632101020","Susser Holdings Corp","SUSS",2014-04-28,NA,NA,NA,NA,FALSE,TRUE
"2631944020","Integrated Memory Logic Ltd","3638",2014-04-27,NA,NA,NA,NA,FALSE,TRUE
"2630721020","First Financial Service Corp, Elizabethtown,Kentucky","FFKY",2014-04-22,NA,NA,NA,NA,FALSE,TRUE
"2630368020","Cbeyond Inc","CBEY",2014-04-21,NA,NA,NA,NA,FALSE,TRUE
"2628899020","Fedfirst Financial Corp","FFCO",2014-04-14,NA,NA,NA,NA,FALSE,TRUE
"2627950020","Zygo Corp","ZIGO",2014-04-11,NA,NA,NA,NA,FALSE,TRUE
"2626759020","OBA Financial Services Inc","OBAF",2014-04-08,NA,NA,NA,NA,FALSE,TRUE
"2617901020","Vocus Inc","VOCS",2014-04-07,NA,NA,NA,NA,FALSE,TRUE
"2626266020","Questcor Pharmaceuticals Inc","QCOR",2014-04-07,NA,NA,NA,NA,FALSE,TRUE
"2626730020","Ohio Heritage Bancorp Inc","OHHB",2014-04-04,NA,NA,NA,NA,FALSE,TRUE
"2625119020","DFC Global Corp","DLLR",2014-04-02,NA,NA,NA,NA,FALSE,TRUE
"2624380020","Morgan's Foods Inc","MRFD",2014-03-31,NA,NA,NA,NA,FALSE,TRUE
"2652639020","Ultimate Rack Inc","UTMR",2014-03-28,NA,NA,NA,NA,FALSE,TRUE
"2622309020","Baxalta Inc","BXLT",2014-03-27,NA,NA,NA,NA,FALSE,TRUE
"2631829020","SW China Imports Inc","SWCI",2014-03-26,NA,NA,NA,NA,FALSE,TRUE
"2620683020","LIN Media LLC","LIN",2014-03-21,"   1707925","sec_bulk","high","LINDE PLC",TRUE,FALSE
"2621174020","Colonial Virginia Bank","CNVB",2014-03-21,NA,NA,NA,NA,FALSE,TRUE
"2620903020","Dolan Co","DM",2014-03-20,NA,NA,NA,NA,FALSE,TRUE
"2619000020","Schawk Inc","SGK",2014-03-17,NA,NA,NA,NA,FALSE,TRUE
"2619203020","Hastings Entertainment Inc","HAST",2014-03-17,NA,NA,NA,NA,FALSE,TRUE
"2619248020","Alarming Devices Inc","ALDV",2014-03-14,NA,NA,NA,NA,FALSE,TRUE
"2617527020","EPL Oil & Gas Inc","EPL",2014-03-12,NA,NA,NA,NA,FALSE,TRUE
"2617374020","Northwestern Bancorp Inc","NWBM",2014-03-11,NA,NA,NA,NA,FALSE,TRUE
"2617873020","Apple Rush Co Inc","APRU",2014-03-07,NA,NA,NA,NA,FALSE,TRUE
"2611425020","Safeway Inc","SWY",2014-03-06,NA,NA,NA,NA,FALSE,TRUE
"2615994020","Bonds.com Group Inc","BDCG",2014-03-06,NA,NA,NA,NA,FALSE,TRUE
"2616193020","Broadcast International Inc","BRIN",2014-03-06,NA,NA,NA,NA,FALSE,TRUE
"2615380020","Provident Community Bancshares Inc","PCBS",2014-03-05,NA,NA,NA,NA,FALSE,TRUE
"2615188020","Bank of Commerce,Charlotte,North Carolina","BONC",2014-03-04,NA,NA,NA,NA,FALSE,TRUE
"2615227020","Centrix Bank & Trust","CXBT",2014-03-04,NA,NA,NA,NA,FALSE,TRUE
"2617368020","Empire Petroleum Corp","EP",2014-03-04,"    887396","sec_bulk","high","EMPIRE PETROLEUM CORP",TRUE,FALSE
"2613172020","EVOQ Properties Inc","EVOQ",2014-02-26,NA,NA,NA,NA,FALSE,TRUE
"2612237020","TriQuint Semiconductor Inc","TQNT",2014-02-24,NA,NA,NA,NA,FALSE,TRUE
"2611837020","Emeritus Corp","ESC",2014-02-20,NA,NA,NA,NA,FALSE,TRUE
"2611012020","Zale Corp","ZLC",2014-02-19,NA,NA,NA,NA,FALSE,TRUE
"2615894020","Blackhawk Network Holdings Inc","HAWK",2014-02-19,NA,NA,NA,NA,FALSE,TRUE
"2610322020","Forest Laboratories Inc","FRX",2014-02-18,NA,NA,NA,NA,FALSE,TRUE
"2610776020","Chaparral Gold Corp","CHL",2014-02-18,NA,NA,NA,NA,FALSE,TRUE
"2610467020","Chindex International Inc","CHDX",2014-02-17,NA,NA,NA,NA,FALSE,TRUE
"2610455020","Amcol International Corp","ACO",2014-02-14,NA,NA,NA,NA,FALSE,TRUE
"2610709020","LCA-Vision Inc","LCAV",2014-02-13,NA,NA,NA,NA,FALSE,TRUE
"2608844020","Cadence Pharmaceuticals Inc","CADX",2014-02-11,NA,NA,NA,NA,FALSE,TRUE
"2608525020","Inland Diversified Real Estate Trust Inc",NA,2014-02-10,NA,NA,NA,NA,FALSE,TRUE
"2608906020","Mountain West Financial Corp","MTWF",2014-02-10,NA,NA,NA,NA,FALSE,TRUE
"2608983020","Supertex Inc","SUPX",2014-02-10,"   1897087","sec_bulk","high","SuperX AI Technology Ltd",TRUE,FALSE
"2609518020","Photon Technology International Inc","PHTO",2014-02-10,NA,NA,NA,NA,FALSE,TRUE
"2607732020","Wegener Corp","WGNR",2014-02-05,NA,NA,NA,NA,FALSE,TRUE
"2607013020","ATMI Inc","ATMI",2014-02-04,NA,NA,NA,NA,FALSE,TRUE
"2606595020","ArthroCare Corp","ARTC",2014-02-03,"   2086545","sec_bulk","high","Art Technology Acquisition Corp.",TRUE,FALSE
"2607143020","Mission Oaks Bancorp Inc","MOKB",2014-01-31,NA,NA,NA,NA,FALSE,TRUE
"2607034020","Accelrys Inc","ACCL",2014-01-30,"   2038378","sec_bulk","high","Acco Group Holdings Ltd",TRUE,FALSE
"2593089020","Texas Industries Inc","TXI",2014-01-28,NA,NA,NA,NA,FALSE,TRUE
"2605231020","Veritiv Corp","VRTV",2014-01-28,"0001599489","browse_edgar","high","Veritiv Corp",TRUE,FALSE
"2582876020","VantageSouth Bancshares Inc","VSB",2014-01-27,NA,NA,NA,NA,FALSE,TRUE
"2604022020","Jefferson Bancshares Inc","JFBI",2014-01-23,NA,NA,NA,NA,FALSE,TRUE
"2603929020","Global Earth Energy Inc","GLERD",2014-01-22,NA,NA,NA,NA,FALSE,TRUE
"2603411020","Midwest Bancshares Inc,Wellston,Ohio","MDWE",2014-01-21,NA,NA,NA,NA,FALSE,TRUE
"2603423020","ConnectOne Bancorp Inc","CNOB",2014-01-21,"    712771","sec_bulk","high","ConnectOne Bancorp, Inc.",TRUE,FALSE
"2603689020","North Valley Bancorp","NOVB",2014-01-21,NA,NA,NA,NA,FALSE,TRUE
"2602262020","CEC Entertainment Inc","CEC",2014-01-16,NA,NA,NA,NA,FALSE,TRUE
"2603651020","Community National Bank of the Lakeway Area","CNLA",2014-01-14,NA,NA,NA,NA,FALSE,TRUE
"2600981020","Beam Inc","BEAM",2014-01-13,"   1745999","sec_bulk","high","Beam Therapeutics Inc.",TRUE,FALSE
"2601191020","Teche Holding Co,New Iberia, Louisiana","TSH",2014-01-13,NA,NA,NA,NA,FALSE,TRUE
"2600690020","American Pacific Corp","APFC",2014-01-10,NA,NA,NA,NA,FALSE,TRUE
"2600718020","SWS Group Inc","SWS",2014-01-10,NA,NA,NA,NA,FALSE,TRUE
"2600511020","Material Sciences Corp","MASC",2014-01-09,NA,NA,NA,NA,FALSE,TRUE
"2600109020","United Bancorp Inc","UBMI",2014-01-08,NA,NA,NA,NA,FALSE,TRUE
"2599080020","Pacer International Inc","PACR",2014-01-06,NA,NA,NA,NA,FALSE,TRUE
"2599317020","Stream Global Services Inc","SGS",2014-01-06,NA,NA,NA,NA,FALSE,TRUE
"2600365020","NuPathe Inc","PATH",2014-01-06,"   1734722","sec_bulk","high","UiPath, Inc.",TRUE,FALSE
"2598403020","Patient Safety Technologies Inc","PSTX",2013-12-31,NA,NA,NA,NA,FALSE,TRUE
"2597079020","Tufco Technologies Inc","TFCO",2013-12-27,NA,NA,NA,NA,FALSE,TRUE
"2597026020","SMSA Gainesville Acquisition Corp","SACQ",2013-12-26,NA,NA,NA,NA,FALSE,TRUE
"2595841020","Dynamics Research Corp","DRCO",2013-12-23,NA,NA,NA,NA,FALSE,TRUE
"2596564020","MediStem Inc","MDSM",2013-12-23,NA,NA,NA,NA,FALSE,TRUE
"2598749020","Infusion Brands International Inc","INBI",2013-12-23,NA,NA,NA,NA,FALSE,TRUE
"2580127020","Coleman Cable Inc","CCIX",2013-12-20,"   2006291","sec_bulk","high","Churchill Capital Corp IX/Cayman",TRUE,FALSE
"2595273020","Responsys Inc","MKTG",2013-12-20,NA,NA,NA,NA,FALSE,TRUE
"2595789020","Arden Group Inc","ARDNA",2013-12-20,NA,NA,NA,NA,FALSE,TRUE
"2536681020","The Jones Group Inc","JNY",2013-12-19,NA,NA,NA,NA,FALSE,TRUE
"2594213020","Valassis Communications Inc","VCI",2013-12-18,NA,NA,NA,NA,FALSE,TRUE
"2597536020","South Street Financial Corp","SSFC",2013-12-18,NA,NA,NA,NA,FALSE,TRUE
"2594418020","Syntroleum Corp","SYNM",2013-12-17,NA,NA,NA,NA,FALSE,TRUE
"2594434020","MediaNews Group Inc","MNWG",2013-12-17,NA,NA,NA,NA,FALSE,TRUE
"2593353020","LSI Corp","LSI",2013-12-16,NA,NA,NA,NA,FALSE,TRUE
"2593539020","Solta Medical Inc","SLTM",2013-12-16,NA,NA,NA,NA,FALSE,TRUE
"2593651020","KKR Financial Holdings LLC","KFN",2013-12-16,NA,NA,NA,NA,FALSE,TRUE
"2593060020","Performance Technologies Inc","PTIX",2013-12-13,"   1022899","sec_bulk","high","Protagenic Therapeutics, Inc.\new",TRUE,FALSE
"2592173020","UNS Energy Corp","UNS",2013-12-11,NA,NA,NA,NA,FALSE,TRUE
"2592237020","Savient Pharmaceuticals Inc","SVNT",2013-12-11,NA,NA,NA,NA,FALSE,TRUE
"2592526020","Vectrus Inc","VEC",2013-12-11,NA,NA,NA,NA,FALSE,TRUE
"2590117020","BRE Properties Inc","BRE",2013-12-09,NA,NA,NA,NA,FALSE,TRUE
"2595760020","Connecticut River Bancorp Inc","CORB",2013-12-09,NA,NA,NA,NA,FALSE,TRUE
"2590926020","Food Technology Service Inc","VIFL",2013-12-06,NA,NA,NA,NA,FALSE,TRUE
"2589493020","North Carolina Natural Energy Inc","NCNE",2013-12-03,NA,NA,NA,NA,FALSE,TRUE
"2587440020","Jos A Bank Clothiers Inc","JOSB",2013-11-26,NA,NA,NA,NA,FALSE,TRUE
"2587086020","Harris Interactive Inc","HPOL",2013-11-25,NA,NA,NA,NA,FALSE,TRUE
"2586166020","iSECUREtrac Corp","ISEC",2013-11-20,NA,NA,NA,NA,FALSE,TRUE
"2567328020","Coastal Energy Co","CEO",2013-11-19,NA,NA,NA,NA,FALSE,TRUE
"2585287020","Patheon Inc","PTI",2013-11-19,NA,NA,NA,NA,FALSE,TRUE
"2585088020","Summit Financial Services Group Inc","SFNS",2013-11-18,NA,NA,NA,NA,FALSE,TRUE
"2584901020","United Financial Bancorp Inc","UBNK",2013-11-15,NA,NA,NA,NA,FALSE,TRUE
"2592082020","Astika Holdings Inc","ASKH",2013-11-15,"0001511161","browse_edgar","high","ASTIKA HOLDINGS INC.",TRUE,FALSE
"2584384020","Innotrac Corp","INOC",2013-11-14,NA,NA,NA,NA,FALSE,TRUE
"2582616020","ViroPharma Inc","VPHM",2013-11-11,NA,NA,NA,NA,FALSE,TRUE
"2582793020","Costa Inc","ATX",2013-11-08,NA,NA,NA,NA,FALSE,TRUE
"2582065020","Santarus Inc","SNTS",2013-11-07,NA,NA,NA,NA,FALSE,TRUE
"2581231020","Mindspeed Technologies Inc","MSPD",2013-11-05,NA,NA,NA,NA,FALSE,TRUE
"2581554020","Britton & Koontz Capital Corp","BKBK",2013-11-05,NA,NA,NA,NA,FALSE,TRUE
"2580801020","Anaren Inc","ANEN",2013-11-04,NA,NA,NA,NA,FALSE,TRUE
"2582052020","Premier Service Bank,Riverside,CA","PSBK",2013-11-04,NA,NA,NA,NA,FALSE,TRUE
"2581199020","CapStone Bank,Raleigh,North Carolina","CPSE",2013-11-01,NA,NA,NA,NA,FALSE,TRUE
"2584542020","Zosano Inc","EPLCD",2013-10-31,NA,NA,NA,NA,FALSE,TRUE
"2579756020","ioWorldMedia Inc","IWDM",2013-10-29,NA,NA,NA,NA,FALSE,TRUE
"2579314020","Imperial Holdings Inc","IFT",2013-10-28,NA,NA,NA,NA,FALSE,TRUE
"2578392020","Consolidated Graphics Inc","CGX",2013-10-24,NA,NA,NA,NA,FALSE,TRUE
"2577956020","Cole Real Estate Investments Inc","COLE",2013-10-23,NA,NA,NA,NA,FALSE,TRUE
"2578161020","Washington Banking Co","WBCO",2013-10-23,NA,NA,NA,NA,FALSE,TRUE
"2578162020","Home Federal Bancorp Inc,Nampa ,Idaho","HOME",2013-10-23,NA,NA,NA,NA,FALSE,TRUE
"2577667020","Alaska Pacific Bancshares Inc","AKPB",2013-10-22,NA,NA,NA,NA,FALSE,TRUE
"2577290020","Tellabs Inc","TLAB",2013-10-21,NA,NA,NA,NA,FALSE,TRUE
"2577304020","Crosstex Energy Inc","XTXI",2013-10-21,NA,NA,NA,NA,FALSE,TRUE
"2577418020","Symmetricom Inc","SYMM",2013-10-21,NA,NA,NA,NA,FALSE,TRUE
"2577595020","NTS Inc","NTS",2013-10-21,NA,NA,NA,NA,FALSE,TRUE
"2577598020","Mission Community Bancorp","MISN",2013-10-21,NA,NA,NA,NA,FALSE,TRUE
"2491265020","Alico Inc","ALCO",2013-10-18,"      3545","sec_bulk","high","ALICO, INC.",TRUE,FALSE
"2575867020","Mac-Gray Corp","TUC",2013-10-15,NA,NA,NA,NA,FALSE,TRUE
"2574801020","PVR Partners LP","PVR",2013-10-10,NA,NA,NA,NA,FALSE,TRUE
"2574894020","Camco Financial Corp","CAFI",2013-10-10,NA,NA,NA,NA,FALSE,TRUE
"2566286020","Furniture Brands International Inc","FBN",2013-10-03,NA,NA,NA,NA,FALSE,TRUE
"2572831020","Investors Capital Holdings Ltd","ICH",2013-10-02,NA,NA,NA,NA,FALSE,TRUE
"2571973020","Edgen Group Inc","EDG",2013-10-01,NA,NA,NA,NA,FALSE,TRUE
"2572094020","Chromcraft Revington Inc","CRCV",2013-10-01,NA,NA,NA,NA,FALSE,TRUE
"2571480020","The Active Network Inc","ACTV",2013-09-30,NA,NA,NA,NA,FALSE,TRUE
"2568759020","Zoltek Cos Inc","ZOLT",2013-09-26,NA,NA,NA,NA,FALSE,TRUE
"2569743020","MAKO Surgical Corp","MAKO",2013-09-25,NA,NA,NA,NA,FALSE,TRUE
"2570300020","Flow International Corp","FLOW",2013-09-25,NA,NA,NA,NA,FALSE,TRUE
"2569487020","Eastern Insurance Holdings Inc","EIHI",2013-09-24,NA,NA,NA,NA,FALSE,TRUE
"2568977020","Official Payments Holdings Inc","OPAY",2013-09-23,NA,NA,NA,NA,FALSE,TRUE
"2569087020","Greenway Medical Technologies Inc","GWAY",2013-09-23,NA,NA,NA,NA,FALSE,TRUE
"2568477020","Verenium Corp","VRNM",2013-09-20,NA,NA,NA,NA,FALSE,TRUE
"2568105020","MetroCorp Bancshares Inc","MCBI",2013-09-18,NA,NA,NA,NA,FALSE,TRUE
"2566741020","Boise Inc","BZ",2013-09-16,"   1842827","sec_bulk","high","Kanzhun Ltd",TRUE,FALSE
"2566108020","RG Barry Corp","DFZ",2013-09-12,NA,NA,NA,NA,FALSE,TRUE
"2564939020","Sterling Financial Corp","STSA",2013-09-11,NA,NA,NA,NA,FALSE,TRUE
"2565369020","Tower Financial Corporation","TOFC",2013-09-10,NA,NA,NA,NA,FALSE,TRUE
"2564516020","Molex Inc","MOLX",2013-09-09,NA,NA,NA,NA,FALSE,TRUE
"2564589020","MTR Gaming Group Inc","MNTG",2013-09-09,NA,NA,NA,NA,FALSE,TRUE
"2564799020","United Financial Banking Cos Inc","UFBC",2013-09-09,NA,NA,NA,NA,FALSE,TRUE
"2563627020","Astex Pharmaceuticals Inc","ASTX",2013-09-05,NA,NA,NA,NA,FALSE,TRUE
"2563695020","Kaydon Corp","KDN",2013-09-05,NA,NA,NA,NA,FALSE,TRUE
"2563841020","Thomas Properties Group Inc","TPGI",2013-09-05,NA,NA,NA,NA,FALSE,TRUE
"2564078020","American Community Development Group Inc","ACYD",2013-09-05,NA,NA,NA,NA,FALSE,TRUE
"2563518020","Rochester Medical Corp","ROCM",2013-09-04,NA,NA,NA,NA,FALSE,TRUE
"2564922020","UpLift Nutrition Inc","UPNT",2013-09-03,NA,NA,NA,NA,FALSE,TRUE
"2575649020","St Joseph Bancorp Inc,St  Joseph,Missouri","SJBA",2013-09-03,NA,NA,NA,NA,FALSE,TRUE
"2562335020","Dial Global Inc","DIAL",2013-08-30,NA,NA,NA,NA,FALSE,TRUE
"2562018020","F&M Bancorporation Inc","FMBC",2013-08-29,NA,NA,NA,NA,FALSE,TRUE
"2561741020","1st Financial Services Corp","FFIS",2013-08-28,NA,NA,NA,NA,FALSE,TRUE
"2561837020","Analysts International Corp","ANLY",2013-08-28,NA,NA,NA,NA,FALSE,TRUE
"2561109020","Hi-Tech Pharmacal Co Inc","HITK",2013-08-27,NA,NA,NA,NA,FALSE,TRUE
"2560723020","TMS International Corp","TMS",2013-08-26,NA,NA,NA,NA,FALSE,TRUE
"2560834020","GlobeComm Systems Inc","GCOM",2013-08-26,NA,NA,NA,NA,FALSE,TRUE
"2579934020","Valence Technology Inc","VLNC",2013-08-21,NA,NA,NA,NA,FALSE,TRUE
"2560440020","Marlborough Software Development Holdings Inc","MBGH",2013-08-20,NA,NA,NA,NA,FALSE,TRUE
"2559048020","Media Mechanics Inc","MMCC",2013-08-19,NA,NA,NA,NA,FALSE,TRUE
"2558745020","National Technical Systems Inc","NTSC",2013-08-16,NA,NA,NA,NA,FALSE,TRUE
"2558355020","Volterra Semiconductor Corp","VLTR",2013-08-15,NA,NA,NA,NA,FALSE,TRUE
"2558457020","Firstbank Corp,Alma,Michigan","FBMI",2013-08-15,NA,NA,NA,NA,FALSE,TRUE
"2558716020","WP Stewart & Co Ltd","WPL",2013-08-15,NA,NA,NA,NA,FALSE,TRUE
"2558097020","Steinway Musical Instruments Inc","LVB",2013-08-14,NA,NA,NA,NA,FALSE,TRUE
"2553318020","SCICOM Data Services Ltd",NA,2013-08-06,NA,NA,NA,NA,FALSE,TRUE
"2500423020","Optimer Pharmaceuticals Inc","OPTR",2013-07-30,NA,NA,NA,NA,FALSE,TRUE
"2550721020","Health Management Associates Inc","HMA",2013-07-30,NA,NA,NA,NA,FALSE,TRUE
"2550880020","Koffee Korner Inc","KOFF",2013-07-30,NA,NA,NA,NA,FALSE,TRUE
"2551030020","Trius Therapeutics Inc","TSRX",2013-07-30,NA,NA,NA,NA,FALSE,TRUE
"2581926020","Gasco Energy Inc","GSX",2013-07-30,NA,NA,NA,NA,FALSE,TRUE
"2523633020","Saks Inc","SKS",2013-07-29,NA,NA,NA,NA,FALSE,TRUE
"2550469020","Michael Baker Corp","BKR",2013-07-29,"   1701605","sec_bulk","high","Baker Hughes Co",TRUE,FALSE
"2550129020","United Systems Technology Inc","USTG",2013-07-26,NA,NA,NA,NA,FALSE,TRUE
"2549430020","Maidenform Brands Inc","MFB",2013-07-24,NA,NA,NA,NA,FALSE,TRUE
"2549016020","Sourcefire Inc","FIRE",2013-07-23,NA,NA,NA,NA,FALSE,TRUE
"2549472020","United Commerce Bancorp","UCBN",2013-07-23,NA,NA,NA,NA,FALSE,TRUE
"2256982020","CapitalSource Inc","CSE",2013-07-22,NA,NA,NA,NA,FALSE,TRUE
"2548699020","Nash Finch Co","NAFC",2013-07-22,NA,NA,NA,NA,FALSE,TRUE
"2547452020","Talon Therapeutics Inc","TLON",2013-07-17,NA,NA,NA,NA,FALSE,TRUE
"2547465020","Great Florida Bank,Miami,FL","GFLB",2013-07-17,NA,NA,NA,NA,FALSE,TRUE
"2547011020","SHFL entertainment Inc","SHFL",2013-07-16,NA,NA,NA,NA,FALSE,TRUE
"2549795020","Meade Instruments Corp","MEAD",2013-07-16,NA,NA,NA,NA,FALSE,TRUE
"2546672020","Taylor Capital Group Inc","TAYC",2013-07-15,NA,NA,NA,NA,FALSE,TRUE
"2547043020","Saehan Bancorp","SAEB",2013-07-15,NA,NA,NA,NA,FALSE,TRUE
"2107585020","Leap Wireless International Inc","LEAP",2013-07-12,NA,NA,NA,NA,FALSE,TRUE
"2495783020","Harris Teeter Supermarkets Inc","HTSI",2013-07-09,NA,NA,NA,NA,FALSE,TRUE
"2535180020","NorCal Community Bancorp, Alameda,California","NCLC",2013-07-01,NA,NA,NA,NA,FALSE,TRUE
"2366130020","Onyx Pharmaceuticals Inc","ONXX",2013-06-30,NA,NA,NA,NA,FALSE,TRUE
"2563341020","Penseco Financial Services Corp","PFNS",2013-06-28,NA,NA,NA,NA,FALSE,TRUE
"2590174020","National Health Investors Inc","NHI",2013-06-28,"    877860","sec_bulk","high","NATIONAL HEALTH INVESTORS INC",TRUE,FALSE
"2533406020","Bank 1440","BFFO",2013-06-26,NA,NA,NA,NA,FALSE,TRUE
"2532345020","sTec Inc","STEC",2013-06-24,NA,NA,NA,NA,FALSE,TRUE
"2532370020","Vanguard Health Systems Inc","VHS",2013-06-24,NA,NA,NA,NA,FALSE,TRUE
"2532372020","Keynote Systems Inc","KEYN",2013-06-24,NA,NA,NA,NA,FALSE,TRUE
"2532039020","Gilman Ciocia Inc","GTAX",2013-06-21,NA,NA,NA,NA,FALSE,TRUE
"2531694020","OP-TECH Environmental Services Inc","OTES",2013-06-20,NA,NA,NA,NA,FALSE,TRUE
"2530126020","BCSB Bancorp Inc","BCSB",2013-06-14,NA,NA,NA,NA,FALSE,TRUE
"2530236020","Wilton Bank,Wilton, Connecticut","WIBW",2013-06-14,NA,NA,NA,NA,FALSE,TRUE
"2529718020","Belo Corp","BLC",2013-06-13,NA,NA,NA,NA,FALSE,TRUE
"2529039020","Dole Food Co Inc","DOLE",2013-06-11,"   1857475","sec_bulk","high","Dole plc",TRUE,FALSE
"2529400020","Midcoast Energy Partners LP","MEP",2013-06-11,NA,NA,NA,NA,FALSE,TRUE
"2530765020","Veramark Technologies Inc","VERA",2013-06-11,"   1831828","sec_bulk","high","Vera Therapeutics, Inc.",TRUE,FALSE
"2528753020","StellarOne Corp","STEL",2013-06-10,"   1473844","sec_bulk","high","Stellar Bancorp, Inc.",TRUE,FALSE
"2529001020","Central Virginia Bankshares Inc","CVBK",2013-06-10,NA,NA,NA,NA,FALSE,TRUE
"2502610020","RL Polk & Co","POLL",2013-06-09,NA,NA,NA,NA,FALSE,TRUE
"2528143020","New Young Broadcasting Holding Co Inc","NYBH",2013-06-06,NA,NA,NA,NA,FALSE,TRUE
"2527937020","Hilltop Community Bancorp Inc, Summit,New Jersey","HTBC",2013-06-05,NA,NA,NA,NA,FALSE,TRUE
"2527092020","ExactTarget Inc","ET",2013-06-04,"   1276187","sec_bulk","high","Energy Transfer LP",TRUE,FALSE
"2527222020","LiveWire Mobile Inc","LVWR",2013-06-04,"   1898795","sec_bulk","high","LiveWire Group, Inc.",TRUE,FALSE
"2526728020","Colonial Properties Trust Inc","CLP",2013-06-03,NA,NA,NA,NA,FALSE,TRUE
"2526372020","Randolph Bank & Trust Co, Asheboro,North Carolina","RDBN",2013-05-31,NA,NA,NA,NA,FALSE,TRUE
"2525484020","Smithfield Foods Inc","SFD",2013-05-29,"     91388","sec_bulk","high","SMITHFIELD FOODS INC",TRUE,FALSE
"2525556020","Stewart Enterprises Inc","STEI",2013-05-29,NA,NA,NA,NA,FALSE,TRUE
"2525574020","NV Energy Inc","NVE",2013-05-29,NA,NA,NA,NA,FALSE,TRUE
"2524121020","Lender Processing Services Inc","LPS",2013-05-28,NA,NA,NA,NA,FALSE,TRUE
"2525000020","Omthera Pharmaceuticals Inc","OMTH",2013-05-28,NA,NA,NA,NA,FALSE,TRUE
"2525192020","CapLease Inc","LSE",2013-05-28,"   1985139","sec_bulk","high","Leishen Energy Holding Co., Ltd.",TRUE,FALSE
"2527727020","Upstream Biosciences Inc","UPBS",2013-05-24,NA,NA,NA,NA,FALSE,TRUE
"2528955020","Trail One Inc","TRLO",2013-05-24,NA,NA,NA,NA,FALSE,TRUE
"2524195020","rue21 inc","RUE",2013-05-23,NA,NA,NA,NA,FALSE,TRUE
"2524616020","Bluefly Inc","BFLY",2013-05-23,"   1804176","sec_bulk","high","Butterfly Network, Inc.",TRUE,FALSE
"2523831020","Multiband Corp","MBND",2013-05-22,NA,NA,NA,NA,FALSE,TRUE
"2523867020","Pfizer Inc","PFE",2013-05-22,"     78003","sec_bulk","high","PFIZER INC",TRUE,FALSE
"2549447020","Numbeer Inc","NUMB",2013-05-22,NA,NA,NA,NA,FALSE,TRUE
"2290884020","Websense Inc","WBSN",2013-05-20,NA,NA,NA,NA,FALSE,TRUE
"2523416020","SoundBite Communications Inc","SDBT",2013-05-20,NA,NA,NA,NA,FALSE,TRUE
"2522796020","Centerline Holding Co","CLNH",2013-05-17,NA,NA,NA,NA,FALSE,TRUE
"2505913020","Overhill Farms Inc","OFI",2013-05-15,NA,NA,NA,NA,FALSE,TRUE
"2521565020","Mayflower Bancorp Inc","MFLR",2013-05-14,NA,NA,NA,NA,FALSE,TRUE
"2523855020","PeopleString Corp","PLPE",2013-05-14,NA,NA,NA,NA,FALSE,TRUE
"2521034020","CFS Bancorp Inc","CITZ",2013-05-13,NA,NA,NA,NA,FALSE,TRUE
"2458271020","True Religion Apparel Inc","TRLG",2013-05-10,NA,NA,NA,NA,FALSE,TRUE
"2521135020","Theragenics Corp","TGX",2013-05-10,NA,NA,NA,NA,FALSE,TRUE
"2522980020","Warner Chilcott PLC","WCRX",2013-05-10,NA,NA,NA,NA,FALSE,TRUE
"2519719020","Market Leader Inc","LEDR",2013-05-08,NA,NA,NA,NA,FALSE,TRUE
"2461812020","BMC Software Inc","BMC",2013-05-06,NA,NA,NA,NA,FALSE,TRUE
"2518925020","Crestwood Midstream Partners LP","CMLP",2013-05-06,NA,NA,NA,NA,FALSE,TRUE
"2519009020","BankGreenville Financial Corp","BGVF",2013-05-06,NA,NA,NA,NA,FALSE,TRUE
"2518236020","Commerce National Bank,Newport Beach,California","CNBF",2013-05-02,NA,NA,NA,NA,FALSE,TRUE
"2517492020","Crimson Exploration Inc","CXPO",2013-04-30,NA,NA,NA,NA,FALSE,TRUE
"2516972020","Conceptus Inc","CPTS",2013-04-29,NA,NA,NA,NA,FALSE,TRUE
"2517279020","Telular Corp","WRLS",2013-04-29,NA,NA,NA,NA,FALSE,TRUE
"2516302020","MPG Office Trust Inc","MPG",2013-04-25,NA,NA,NA,NA,FALSE,TRUE
"2515874020","Buckeye Technologies Inc","BKI",2013-04-24,NA,NA,NA,NA,FALSE,TRUE
"2514983020","Power-One Inc","PWER",2013-04-22,NA,NA,NA,NA,FALSE,TRUE
"2515137020","Met-Pro Corp","MPR",2013-04-22,NA,NA,NA,NA,FALSE,TRUE
"2488420020","Life Technologies Corp","IVGN",2013-04-15,NA,NA,NA,NA,FALSE,TRUE
"2504260020","National Financial Partners Corp","NFP",2013-04-15,NA,NA,NA,NA,FALSE,TRUE
"2513363020","Planet Biopharmaceuticals Inc","PBPH",2013-04-15,NA,NA,NA,NA,FALSE,TRUE
"2485836020","Fisher Communications Inc","FCSI",2013-04-11,NA,NA,NA,NA,FALSE,TRUE
"2511432020","Lufkin Industries Inc","LUFK",2013-04-08,NA,NA,NA,NA,FALSE,TRUE
"2516150020","Nuveen Municipal High Income Opportunity Fund 2","NMD",2013-04-08,NA,NA,NA,NA,FALSE,TRUE
"2510569020","Central Financial Corp","CEVT",2013-04-03,NA,NA,NA,NA,FALSE,TRUE
"2509696020","Pivot Technology Solutions Inc","PTG",2013-04-01,NA,NA,NA,NA,FALSE,TRUE
"2574166020","GMX Resources Inc","GMXR",2013-04-01,NA,NA,NA,NA,FALSE,TRUE
"2508372020","FC Banc Corp,Bucyrus,Ohio","FCBC",2013-03-26,"    859070","sec_bulk","high","FIRST COMMUNITY BANKSHARES INC /VA/",TRUE,FALSE
"2507810020","Harvard Apparatus Regenerative Technology Inc","HART",2013-03-25,NA,NA,NA,NA,FALSE,TRUE
"2507303020","Enterprise Bancorp Inc","EBTC",2013-03-22,"0001018399","browse_edgar","high","ENTERPRISE BANCORP INC /MA/",TRUE,FALSE
"2506328020","Obagi Medical Products Inc","OMPI",2013-03-20,NA,NA,NA,NA,FALSE,TRUE
"2505487020","EDAC Technologies Corp","EDAC",2013-03-18,NA,NA,NA,NA,FALSE,TRUE
"2505633020","Palomar Medical Technologies Inc","PMTI",2013-03-18,NA,NA,NA,NA,FALSE,TRUE
"2567866020","USEC Inc","USU",2013-03-18,NA,NA,NA,NA,FALSE,TRUE
"2504631020","MISCOR Group Ltd","MIGL",2013-03-13,NA,NA,NA,NA,FALSE,TRUE
"2462984020","Gardner Denver Inc","GDI",2013-03-08,NA,NA,NA,NA,FALSE,TRUE
"2503556020","Union Bancorp Inc","UBPT",2013-03-08,NA,NA,NA,NA,FALSE,TRUE
"2502513020","Hot Topic Inc","HOTT",2013-03-07,NA,NA,NA,NA,FALSE,TRUE
"2502135020","Asset Acceptance Capital Corp","AACC",2013-03-06,NA,NA,NA,NA,FALSE,TRUE
"2502163020","San Diego Trust Bank","SDBK",2013-03-06,NA,NA,NA,NA,FALSE,TRUE
"2502261020","Time Inc","TIME",2013-03-06,NA,NA,NA,NA,FALSE,TRUE
"2501888020","Newport Bancorp Inc,Newport, Rhode Island","NSFB",2013-03-05,NA,NA,NA,NA,FALSE,TRUE
"2501264020","Outdoor Channel Holdings Inc","OUTD",2013-03-01,NA,NA,NA,NA,FALSE,TRUE
"2501314020","AutoInfo Inc","AUTO",2013-03-01,"0001023364","historical_db","high","AutoWeb, Inc.",TRUE,FALSE
"2501322020","iParty Corp","IPT",2013-03-01,NA,NA,NA,NA,FALSE,TRUE
"2500041020","Mind Technologies Inc","JEDM",2013-02-27,NA,NA,NA,NA,FALSE,TRUE
"2499634020","Assisted Living Concepts Inc","ALC",2013-02-25,"   1167379","sec_bulk","high","ALCON INC",TRUE,FALSE
"2498334020","Berry Petroleum Co","BRY",2013-02-21,NA,NA,NA,NA,FALSE,TRUE
"2497239020","OfficeMax Inc","OMX",2013-02-20,NA,NA,NA,NA,FALSE,TRUE
"2497867020","First Financial Holdings Inc","FFCH",2013-02-20,NA,NA,NA,NA,FALSE,TRUE
"2497551020","PVF Capital Corp","PVFC",2013-02-19,NA,NA,NA,NA,FALSE,TRUE
"2497553020","NetSpend Holdings Inc","NTSP",2013-02-19,NA,NA,NA,NA,FALSE,TRUE
"2496082020","Artio Global Investors Inc","ART",2013-02-14,NA,NA,NA,NA,FALSE,TRUE
"2496110020","HJ Heinz Co","HNZ",2013-02-14,NA,NA,NA,NA,FALSE,TRUE
"2494255020","First M&F Corp,Kosciusko, Mississippi","FMFC",2013-02-07,"   2024656","sec_bulk","high","Kandal M Venture Ltd",TRUE,FALSE
"2510753020","Matchtrade Inc","PVRE",2013-02-07,NA,NA,NA,NA,FALSE,TRUE
"2493821020","Metals USA Holdings Corp","MUSA",2013-02-06,"   1573516","sec_bulk","high","Murphy USA Inc.",TRUE,FALSE
"2487615020","Dell Inc","DELL",2013-02-05,"   1571996","sec_bulk","high","Dell Technologies Inc.",TRUE,FALSE
"2493405020","Virgin Media Inc","VMED",2013-02-05,NA,NA,NA,NA,FALSE,TRUE
"2492905020","Acme Packet Inc","APKT",2013-02-04,NA,NA,NA,NA,FALSE,TRUE
"2492537020","Velcera Inc","VLCR",2013-02-01,NA,NA,NA,NA,FALSE,TRUE
"2492010020","Online Resources Corp","ORCC",2013-01-31,NA,NA,NA,NA,FALSE,TRUE
"2492128020","WMS Industries Inc","WMS",2013-01-31,"   1604028","sec_bulk","high","ADVANCED DRAINAGE SYSTEMS, INC.",TRUE,FALSE
"2486598020","Virginia Commerce Bancorp Inc","VCBI",2013-01-30,NA,NA,NA,NA,FALSE,TRUE
"2491644020","BioClinica Inc","BIOC",2013-01-30,NA,NA,NA,NA,FALSE,TRUE
"2497147020","Rimrock Mining Inc",NA,2013-01-30,NA,NA,NA,NA,FALSE,TRUE
"2491212020","Somerset Hills Bancorp","SOMH",2013-01-29,NA,NA,NA,NA,FALSE,TRUE
"2491358020","Copano Energy LLC","CPNO",2013-01-29,NA,NA,NA,NA,FALSE,TRUE
"2490490020","Covisint Corp","COVS",2013-01-25,NA,NA,NA,NA,FALSE,TRUE
"2490242020","First National Bank,Shelby,NC","FNSE",2013-01-24,NA,NA,NA,NA,FALSE,TRUE
"2489388020","MAP Pharmaceuticals Inc","MAPP",2013-01-22,NA,NA,NA,NA,FALSE,TRUE
"2489421020","Education Holdings 1 Inc","REVU",2013-01-22,NA,NA,NA,NA,FALSE,TRUE
"2488748020","SeaCube Container Leasing Ltd","BOX",2013-01-18,"   1372612","sec_bulk","high","BOX INC",TRUE,FALSE
"2489284020","Telanetix Inc","TNXI",2013-01-18,NA,NA,NA,NA,FALSE,TRUE
"2487771020","K-Swiss Inc","KSWS",2013-01-16,NA,NA,NA,NA,FALSE,TRUE
"2487989020","Southern Connecticut Bancorp Inc,New Haven,Connecticut","SSE",2013-01-16,NA,NA,NA,NA,FALSE,TRUE
"2494342020","Greater China Fund Inc","GCH",2013-01-08,NA,NA,NA,NA,FALSE,TRUE
"2484499020","Epocrates Inc","EPOC",2013-01-07,NA,NA,NA,NA,FALSE,TRUE
"2484535020","EnergySolutions Inc","ES",2013-01-07,"     72741","sec_bulk","high","EVERSOURCE ENERGY",TRUE,FALSE
"2483341020","Zipcar Inc","ZIP",2013-01-02,"   1617553","sec_bulk","high","ZIPRECRUITER, INC.",TRUE,FALSE
"2487227020","Bassline Productions Inc","BSSP",2013-01-02,"0001495028","browse_edgar","high","BASELINE PRODUCTIONS, INC.",TRUE,FALSE
"2482704020","Duff & Phelps Corp","DUF",2012-12-30,NA,NA,NA,NA,FALSE,TRUE
"2483553020","LodgeNet Interactive Corp","LNET",2012-12-30,NA,NA,NA,NA,FALSE,TRUE
"2482940020","Roebling Financial Corp Inc","RBLG",2012-12-28,NA,NA,NA,NA,FALSE,TRUE
"2480227020","Ameristar Casinos Inc","ASCA",2012-12-21,NA,NA,NA,NA,FALSE,TRUE
"2480326020","FirstCity Financial Corp","FCFC",2012-12-21,NA,NA,NA,NA,FALSE,TRUE
"2461621020","HMX LLC","HTMXQ",2012-12-20,NA,NA,NA,NA,FALSE,TRUE
"2479748020","NYSE Euronext","NYX",2012-12-20,NA,NA,NA,NA,FALSE,TRUE
"2479774020","Eloqua Inc","ELOQ",2012-12-20,NA,NA,NA,NA,FALSE,TRUE
"2480332020","Westway Group Inc","WWAY",2012-12-20,NA,NA,NA,NA,FALSE,TRUE
"2479555020","THQ Inc","THQI",2012-12-19,NA,NA,NA,NA,FALSE,TRUE
"2480756020","Visalia Community Bank,Visalia ,CA","VSMU",2012-12-19,NA,NA,NA,NA,FALSE,TRUE
"2478767020","Arbitron Inc","ARB",2012-12-18,NA,NA,NA,NA,FALSE,TRUE
"2479949020","Titanium Asset Management Corp","TAM",2012-12-18,NA,NA,NA,NA,FALSE,TRUE
"2337036020","Caribou Coffee Co Inc","CBOU",2012-12-16,NA,NA,NA,NA,FALSE,TRUE
"2476228020","TNS Inc","TNS",2012-12-11,NA,NA,NA,NA,FALSE,TRUE
"2476287020","Systems America Inc","SYAI",2012-12-11,NA,NA,NA,NA,FALSE,TRUE
"2476306020","Somaxon Pharmaceuticals Inc","SOMX",2012-12-11,NA,NA,NA,NA,FALSE,TRUE
"2475946020","Heelys Inc","HLYS",2012-12-10,NA,NA,NA,NA,FALSE,TRUE
"2475617020","Intermec Inc","IN",2012-12-09,NA,NA,NA,NA,FALSE,TRUE
"2474706020","Epoch Holding Corp","EPHC",2012-12-06,NA,NA,NA,NA,FALSE,TRUE
"2474162020","Plains Exploration & Production Co","PXP",2012-12-05,NA,NA,NA,NA,FALSE,TRUE
"2474194020","McMoRan Exploration Co","MMR",2012-12-05,NA,NA,NA,NA,FALSE,TRUE
"2474605020","Omnicity Corp","OMCYE",2012-12-05,NA,NA,NA,NA,FALSE,TRUE
"2473757020","Young Innovations Inc","YDNT",2012-12-04,NA,NA,NA,NA,FALSE,TRUE
"2473977020","Aldila Inc","ALDA",2012-12-04,"   1062506","sec_bulk","high","ATLANTICA INC",TRUE,FALSE
"2471497020","Ralcorp Holdings Inc","RAH",2012-11-27,NA,NA,NA,NA,FALSE,TRUE
"2470514020","Versant Corp","VSNT",2012-11-21,"   2067876","sec_bulk","high","Versant Media Group, Inc.",TRUE,FALSE
"2469825020","MEMSIC Inc","MEMS",2012-11-20,NA,NA,NA,NA,FALSE,TRUE
"2469126020","BioMimetic Therapeutics Inc","BMTI",2012-11-19,NA,NA,NA,NA,FALSE,TRUE
"2490724020","ALJ Regional Holdings Inc","ALJJ",2012-11-19,"0001438731","browse_edgar","high","ALJ REGIONAL HOLDINGS INC",TRUE,FALSE
"2468450020","Schiff Nutrition International Inc","SHF",2012-11-15,NA,NA,NA,NA,FALSE,TRUE
"2468609020","White River Capital Inc","RVR",2012-11-15,NA,NA,NA,NA,FALSE,TRUE
"2511142020","Fidelity Bancorp Inc, Pittsburgh,Pennsylvania",NA,2012-11-15,NA,NA,NA,NA,FALSE,TRUE
"2468096020","Teavana Holdings Inc","TEA",2012-11-14,NA,NA,NA,NA,FALSE,TRUE
"2467230020","Jefferies Group Inc","JEF",2012-11-12,"     96223","sec_bulk","high","Jefferies Financial Group Inc.",TRUE,FALSE
"2467253020","CreXus Investment Corp","CXS",2012-11-12,NA,NA,NA,NA,FALSE,TRUE
"2467110020","Titanium Metals Corp","TIE",2012-11-09,NA,NA,NA,NA,FALSE,TRUE
"2466410020","DUSA Pharmaceuticals Inc","DUSA",2012-11-08,NA,NA,NA,NA,FALSE,TRUE
"2466570020","KAYAK Software Corp","KYAK",2012-11-08,NA,NA,NA,NA,FALSE,TRUE
"2466627020","EpiCept Corp","EPCT",2012-11-08,NA,NA,NA,NA,FALSE,TRUE
"2465807020","nFinanSe Inc","NFSE",2012-11-06,NA,NA,NA,NA,FALSE,TRUE
"2405493020","MIPS Technologies Inc","MIPS",2012-11-05,NA,NA,NA,NA,FALSE,TRUE
"2465162020","Metropolitan Health Networks Inc","MDF",2012-11-05,NA,NA,NA,NA,FALSE,TRUE
"2465204020","KBW Inc","KBW",2012-11-05,NA,NA,NA,NA,FALSE,TRUE
"2463547020","JDA Software Group Inc","JDAS",2012-11-01,NA,NA,NA,NA,FALSE,TRUE
"2464230020","Williams Controls Inc","WMCO",2012-11-01,NA,NA,NA,NA,FALSE,TRUE
"2463860020","Warnaco Group Inc","WRC",2012-10-31,NA,NA,NA,NA,FALSE,TRUE
"2463708020","PremierWest Bancorp,Medford, Oregon","PRWT",2012-10-30,NA,NA,NA,NA,FALSE,TRUE
"2463389020","OPNET Technologies Inc","OPNT",2012-10-29,NA,NA,NA,NA,FALSE,TRUE
"2463439020","MOD-PAC Corp","MPAC",2012-10-29,NA,NA,NA,NA,FALSE,TRUE
"2462619020","PSS World Medical Inc","PSSI",2012-10-25,NA,NA,NA,NA,FALSE,TRUE
"2461958020","Century Bank,Eugene,Oregon","CBAO",2012-10-24,NA,NA,NA,NA,FALSE,TRUE
"2462157020","Spartech Corp","SEH",2012-10-24,NA,NA,NA,NA,FALSE,TRUE
"2422194020","Ancestry.com Inc","ACOM",2012-10-22,NA,NA,NA,NA,FALSE,TRUE
"2461418020","Cascade Corp","CASC",2012-10-22,NA,NA,NA,NA,FALSE,TRUE
"2461556020","Pacific International Bancorp Inc","PIBW",2012-10-22,NA,NA,NA,NA,FALSE,TRUE
"2461565020","Annapolis Bancorp Inc","ANNB",2012-10-22,NA,NA,NA,NA,FALSE,TRUE
"2461706020","Bright Mountain Holdings Inc","BMTM",2012-10-22,"   1568385","sec_bulk","high","Bright Mountain Media, Inc.",TRUE,FALSE
"2461366020","Empeiria Acquisition Corp","EPAQU",2012-10-19,NA,NA,NA,NA,FALSE,TRUE
"2461016020","Luzerne National Bank Corp","LUZR",2012-10-18,NA,NA,NA,NA,FALSE,TRUE
"2461814020","Surge Global Energy Inc","SRGG",2012-10-18,NA,NA,NA,NA,FALSE,TRUE
"2459948020","Cymer Inc","CYMI",2012-10-17,NA,NA,NA,NA,FALSE,TRUE
"2460586020","CYBEX International Inc","CYBI",2012-10-17,NA,NA,NA,NA,FALSE,TRUE
"2496251020","The WhiteWave Foods Co","WWAV",2012-10-17,NA,NA,NA,NA,FALSE,TRUE
"2458747020","Sprint Nextel Corp","S",2012-10-15,"   1583708","sec_bulk","high","SentinelOne, Inc.",TRUE,FALSE
"2459488020","Shona Energy Co Inc","SHO",2012-10-15,"   1295810","sec_bulk","high","Sunstone Hotel Investors, Inc.",TRUE,FALSE
"2459611020","New Frontier Media Inc","NOOF",2012-10-15,NA,NA,NA,NA,FALSE,TRUE
"2458237020","First Capital Bancshares Inc","FCPB",2012-10-09,NA,NA,NA,NA,FALSE,TRUE
"2457912020","Alliance Financial Corp","ALNC",2012-10-08,NA,NA,NA,NA,FALSE,TRUE
"2463625020","Gold American Mining Corp","SILA",2012-10-05,"   1567925","sec_bulk","high","Sila Realty Trust, Inc.",TRUE,FALSE
"2456688020","Mesa Energy Holdings Inc","MSE.OB",2012-10-03,NA,NA,NA,NA,FALSE,TRUE
"2455742020","Ceradyne Inc","CRDN",2012-10-01,NA,NA,NA,NA,FALSE,TRUE
"2454643020","Sealy Corp","ZZ",2012-09-27,NA,NA,NA,NA,FALSE,TRUE
"2454650020","Physicians Formula Holdings Inc","FACE",2012-09-27,NA,NA,NA,NA,FALSE,TRUE
"2454177020","American Greetings Corp","AM",2012-09-26,"   1623925","sec_bulk","high","Antero Midstream Corp",TRUE,FALSE
"2454194020","First Investors Financial Services Group Inc","FIFS",2012-09-26,NA,NA,NA,NA,FALSE,TRUE
"2454217020","West Coast Bancorp","WCBO",2012-09-26,NA,NA,NA,NA,FALSE,TRUE
"2453655020","Union Drilling Inc","UDRL",2012-09-25,NA,NA,NA,NA,FALSE,TRUE
"2453679020","ECB Bancorp Inc,Engelhard, North Carolina","ECBE",2012-09-25,NA,NA,NA,NA,FALSE,TRUE
"2455467020","Movie Trailer Galaxy Inc","MOTG",2012-09-24,NA,NA,NA,NA,FALSE,TRUE
"2452981020","Patriot State Bank,Fuquay- Varina,North Carolina","PTOK",2012-09-21,NA,NA,NA,NA,FALSE,TRUE
"2451391020","Ditech Networks Inc","DITC",2012-09-18,NA,NA,NA,NA,FALSE,TRUE
"2450878020","Complete Genomics Inc","GNOM",2012-09-17,NA,NA,NA,NA,FALSE,TRUE
"2450880020","IRIS International Inc","IRIS",2012-09-17,NA,NA,NA,NA,FALSE,TRUE
"2450082020","Citizens Republic Bancorp Inc, Flint,Michigan","CRBC",2012-09-13,NA,NA,NA,NA,FALSE,TRUE
"2449695020","Mediware Information Systems Inc","MEDW",2012-09-12,NA,NA,NA,NA,FALSE,TRUE
"2449196020","WSB Holdings Inc","WSB",2012-09-10,NA,NA,NA,NA,FALSE,TRUE
"2448762020","KSW Inc","KSW",2012-09-07,NA,NA,NA,NA,FALSE,TRUE
"2447925020","American Realty Capital Trust Inc","ARCT",2012-09-06,"   1768224","sec_bulk","high","Arcturus Therapeutics Holdings Inc.",TRUE,FALSE
"2448276020","ANTs Software Inc","ANTS",2012-09-06,NA,NA,NA,NA,FALSE,TRUE
"2335721020","Medicis Pharmaceutical Corp","MRX",2012-09-03,"   1997464","sec_bulk","high","Marex Group plc",TRUE,FALSE
"2379404020","US Airways Group Inc","LCC",2012-08-31,NA,NA,NA,NA,FALSE,TRUE
"2447601020","2-Track Global Inc","TOTG",2012-08-29,NA,NA,NA,NA,FALSE,TRUE
"2445345020","SeaBright Holdings Inc","SEAB",2012-08-28,NA,NA,NA,NA,FALSE,TRUE
"2434802020","Deltek Inc","PROJ",2012-08-27,NA,NA,NA,NA,FALSE,TRUE
"2442716020","TPC Group Inc","TPCG",2012-08-27,NA,NA,NA,NA,FALSE,TRUE
"2444725020","Dollar Thrifty Automotive Group Inc","DTG",2012-08-27,"    936340","sec_bulk","high","DTE ENERGY CO",TRUE,FALSE
"2444904020","Kenexa Corp","KNXA",2012-08-27,NA,NA,NA,NA,FALSE,TRUE
"2444907020","Hudson City Bancorp Inc","HCBK",2012-08-27,NA,NA,NA,NA,FALSE,TRUE
"2444291020","Presstek LLC","PRST",2012-08-23,NA,NA,NA,NA,FALSE,TRUE
"2444025020","Sunrise Senior Living Inc","SRZ",2012-08-22,NA,NA,NA,NA,FALSE,TRUE
"2444043020","The Private Bank of California ,Los Angeles,California","PBCA",2012-08-22,NA,NA,NA,NA,FALSE,TRUE
"2443677020","SuperMedia Inc","SPMD",2012-08-21,NA,NA,NA,NA,FALSE,TRUE
"2443150020","Coventry Health Care Inc","CVH",2012-08-20,NA,NA,NA,NA,FALSE,TRUE
"2443308020","Western Liberty Bancorp,Las Vegas,Nevada","WLBC",2012-08-17,NA,NA,NA,NA,FALSE,TRUE
"2443653020","Aventine Renewable Energy Holdings Inc","AVR",2012-08-17,"   2011514","sec_bulk","high","Anteris Technologies Global Corp.",TRUE,FALSE
"2442207020","Viking Systems Inc","VKNG",2012-08-14,NA,NA,NA,NA,FALSE,TRUE
"2441654020","Comverse Technology Inc","CMVTPK",2012-08-13,NA,NA,NA,NA,FALSE,TRUE
"2441693020","Pervasive Software Inc","PVSW",2012-08-13,NA,NA,NA,NA,FALSE,TRUE
"2441698020","FSI International Inc","FSII",2012-08-13,NA,NA,NA,NA,FALSE,TRUE
"2441953020","New Horizons Worldwide Inc","NEWH",2012-08-13,"   1371128","sec_bulk","high","NewHydrogen, Inc.",TRUE,FALSE
"2441281020","CMS Bancorp Inc","CMSB",2012-08-10,NA,NA,NA,NA,FALSE,TRUE
"2441300020","eDiets.com Inc","DIETD",2012-08-10,NA,NA,NA,NA,FALSE,TRUE
"2460744020","Franklin Credit Management Corp","FCMC",2012-08-10,NA,NA,NA,NA,FALSE,TRUE
"2440795020","Robbins & Myers Inc","RBN",2012-08-09,NA,NA,NA,NA,FALSE,TRUE
"2440479020","Savannah Bancorp Inc,Savannah, Georgia","SAVB",2012-08-08,NA,NA,NA,NA,FALSE,TRUE
"2482307020","Liberty Media Corp","STRZ",2012-08-08,"    929351","sec_bulk","high","STARZ ENTERTAINMENT CORP /CN/",TRUE,FALSE
"2440105020","US Home Systems Inc","USHS",2012-08-07,NA,NA,NA,NA,FALSE,TRUE
"2439906020","Knight Capital Group Inc","KCG",2012-08-06,"   2067719","sec_bulk","high","Keystone Global Financial Group",TRUE,FALSE
"2439169020","NextWave Wireless Inc","WAVE",2012-08-02,"   1846715","sec_bulk","high","Eco Wave Power Global AB (publ)",TRUE,FALSE
"2439262020","Community Financial Corp, Stauton,Virginia","CFFC",2012-08-02,NA,NA,NA,NA,FALSE,TRUE
"2437828020","The Shaw Group Inc","SHAW",2012-07-30,NA,NA,NA,NA,FALSE,TRUE
"2438946020","Osage Bancshares Inc","OSBK",2012-07-29,"   1076691","sec_bulk","high","OCONEE FINANCIAL CORP",TRUE,FALSE
"2437465020","AuthenTec Inc","AUTH",2012-07-27,NA,NA,NA,NA,FALSE,TRUE
"2435722020","RailAmerica Inc","RA",2012-07-23,"   1655099","sec_bulk","high","Brookfield Real Assets Income Fund Inc.",TRUE,FALSE
"2435729020","GeoEye Inc","GEOY",2012-07-23,NA,NA,NA,NA,FALSE,TRUE
"2435861020","Peet's Coffee & Tea Inc","PEET",2012-07-23,NA,NA,NA,NA,FALSE,TRUE
"2435616020","GenOn Energy Inc","GEN",2012-07-22,"    849399","sec_bulk","high","Gen Digital Inc.",TRUE,FALSE
"2435560020","Callisto Pharmaceuticals Inc","CLSP",2012-07-20,NA,NA,NA,NA,FALSE,TRUE
"2436401020","Health Directory Inc","HLTD",2012-07-20,NA,NA,NA,NA,FALSE,TRUE
"2435490020","Fidelity Bancorp Inc, Pittsburgh,Pennsylvania",NA,2012-07-19,NA,NA,NA,NA,FALSE,TRUE
"2434572020","FiberTower Corp","FTWR",2012-07-17,NA,NA,NA,NA,FALSE,TRUE
"1906508020","Par Pharmaceutical Cos Inc","PRX",2012-07-16,NA,NA,NA,NA,FALSE,TRUE
"2313722020","Syms Corp","SYMS",2012-07-16,NA,NA,NA,NA,FALSE,TRUE
"2433903020","Conmed Healthcare Management Inc","CMHM",2012-07-16,NA,NA,NA,NA,FALSE,TRUE
"2433945020","MakeMusic Inc","MMUS",2012-07-16,NA,NA,NA,NA,FALSE,TRUE
"2433479020","Presidential Life Corp","PLFE",2012-07-13,NA,NA,NA,NA,FALSE,TRUE
"2433505020","WGI Heavy Minerals Inc","WG",2012-07-13,NA,NA,NA,NA,FALSE,TRUE
"2431881020","FX Alliance Inc","FX",2012-07-09,NA,NA,NA,NA,FALSE,TRUE
"2431961020","Amerigroup Corp","AGP",2012-07-09,NA,NA,NA,NA,FALSE,TRUE
"2431509020","LaCrosse Footwear Inc","BOOT",2012-07-05,"   1610250","sec_bulk","high","Boot Barn Holdings, Inc.",TRUE,FALSE
"2430484020","MModal Inc","MODL",2012-07-03,NA,NA,NA,NA,FALSE,TRUE
"2418554020","Quest Software Inc","QSFT",2012-07-02,NA,NA,NA,NA,FALSE,TRUE
"2430074020","Brightpoint Inc","CELL",2012-07-02,NA,NA,NA,NA,FALSE,TRUE
"2433011020","GameTech International Inc","GMTC",2012-07-02,NA,NA,NA,NA,FALSE,TRUE
"2428757020","Lincare Holdings Inc","LNCR",2012-07-01,NA,NA,NA,NA,FALSE,TRUE
"2400893020","Amylin Pharmaceuticals Inc","AMLN",2012-06-29,NA,NA,NA,NA,FALSE,TRUE
"2429842020","Blackwater Midstream Corp","BWMS",2012-06-29,NA,NA,NA,NA,FALSE,TRUE
"2427645020","J Alexander's Corp","JAX",2012-06-25,NA,NA,NA,NA,FALSE,TRUE
"2427751020","The European Equity Fund Inc","EEA",2012-06-25,"    791718","sec_bulk","high","EUROPEAN EQUITY FUND, INC / MD",TRUE,FALSE
"2426543020","Sun Healthcare Group Inc","SUNH",2012-06-20,NA,NA,NA,NA,FALSE,TRUE
"2433477020","Imperial Industries Inc","IPII",2012-06-20,NA,NA,NA,NA,FALSE,TRUE
"2426091020","Network Equipment Technologies Inc","NWK",2012-06-19,NA,NA,NA,NA,FALSE,TRUE
"2426124020","Network Engines Inc","NEI",2012-06-19,NA,NA,NA,NA,FALSE,TRUE
"2426934020","Sunoco Inc","SUN",2012-06-18,"   1552275","sec_bulk","high","Sunoco LP",TRUE,FALSE
"2436438020","Princeton Security Technologies Inc","PSGY",2012-06-13,NA,NA,NA,NA,FALSE,TRUE
"2424013020","Ramtron International Corp","RMTR",2012-06-12,NA,NA,NA,NA,FALSE,TRUE
"2424026020","Net Element Inc","NETE",2012-06-12,NA,NA,NA,NA,FALSE,TRUE
"2423472020","Micronetics Inc","NOIZ",2012-06-11,NA,NA,NA,NA,FALSE,TRUE
"2423594020","IntegraMed America Inc","INMD",2012-06-11,"   1742692","sec_bulk","high","InMode Ltd.",TRUE,FALSE
"2422724020","SRI/Surgical Express Inc","STRC",2012-06-07,"   1050446","sec_bulk","high","Strategy Inc",TRUE,FALSE
"2422513020","Western Reserve Bancorp Inc","WRBO",2012-06-05,NA,NA,NA,NA,FALSE,TRUE
"2421419020","MEDTOX Scientific Inc","TOX",2012-06-04,NA,NA,NA,NA,FALSE,TRUE
"2421499020","Credo Petroleum Corp","CRED",2012-06-04,NA,NA,NA,NA,FALSE,TRUE
"2421877020","First Trust Bank,Charlotte, North Carolina","NCFT",2012-06-04,NA,NA,NA,NA,FALSE,TRUE
"2441364020","Phibro Animal Health Corp","PAHC",2012-06-04,"   1069899","sec_bulk","high","PHIBRO ANIMAL HEALTH CORP",TRUE,FALSE
"2421064020","Hughes Telematics Inc","HUTC",2012-06-01,NA,NA,NA,NA,FALSE,TRUE
"2420687020","New England Bancshares Inc, Enfield,Connecticut","NEBS",2012-05-31,NA,NA,NA,NA,FALSE,TRUE
"2420962020","Beacon Federal Bancorp Inc, East Syracuse,New York","BFED",2012-05-31,NA,NA,NA,NA,FALSE,TRUE
"2421116020","O'Charley's Inc","CHUX",2012-05-31,NA,NA,NA,NA,FALSE,TRUE
"2399507020","BancTrust Financial Group Inc","BTFG",2012-05-29,NA,NA,NA,NA,FALSE,TRUE
"2419745020","Interline Brands Inc","IBI",2012-05-29,NA,NA,NA,NA,FALSE,TRUE
"2419794020","LeCroy Corp","LCRY",2012-05-29,NA,NA,NA,NA,FALSE,TRUE
"2419908020","US Gold Canadian Acquisition Corp","UXE",2012-05-29,NA,NA,NA,NA,FALSE,TRUE
"2419534020","Alternative Energy & Environmental Solutions Inc","ALNE",2012-05-25,NA,NA,NA,NA,FALSE,TRUE
"2417514020","Edgar Online Inc","EDGR",2012-05-22,NA,NA,NA,NA,FALSE,TRUE
"2417517020","Benihana Inc","BNHNA",2012-05-22,NA,NA,NA,NA,FALSE,TRUE
"2417538020","Ariba Inc","ARBA",2012-05-22,NA,NA,NA,NA,FALSE,TRUE
"2416098020","BIDZ.com Inc","BIDZ",2012-05-17,NA,NA,NA,NA,FALSE,TRUE
"2415027020","The Taiwan Fund Inc","TWN",2012-05-15,"    804123","sec_bulk","high","TAIWAN FUND INC",TRUE,FALSE
"2415227020","National Healthcare Exchange Services Inc","NHXS",2012-05-15,NA,NA,NA,NA,FALSE,TRUE
"2413848020","Golfsmith International Holdings Inc","GOLF",2012-05-14,"   1672013","sec_bulk","high","Acushnet Holdings Corp.",TRUE,FALSE
"2414600020","Citizens South Banking Corp, Gastonia,North Carolina","CSBC",2012-05-14,NA,NA,NA,NA,FALSE,TRUE
"2414612020","TII Network Technologies Inc","TIII",2012-05-14,NA,NA,NA,NA,FALSE,TRUE
"2413729020","XeDAR Corp","XDRC",2012-05-11,NA,NA,NA,NA,FALSE,TRUE
"2412888020","Cost Plus Inc","CPWM",2012-05-09,NA,NA,NA,NA,FALSE,TRUE
"2412646020","First California Financial Group Inc","FCAL",2012-05-08,NA,NA,NA,NA,FALSE,TRUE
"2411874020","GTSI Corp","GTSI",2012-05-07,NA,NA,NA,NA,FALSE,TRUE
"2417636020","Cloud Star Corp","CLDS",2012-05-07,NA,NA,NA,NA,FALSE,TRUE
"2411150020","Kensey Nash Corp","KNSY",2012-05-03,NA,NA,NA,NA,FALSE,TRUE
"2411465020","Alliance Bankshares Corp, Chantilly,Virginia","ABVA",2012-05-03,NA,NA,NA,NA,FALSE,TRUE
"2410711020","Charming Shoppes Inc","CHRS",2012-05-02,"   1512762","sec_bulk","high","Coherus Oncology, Inc.",TRUE,FALSE
"2410769020","Standard Microsystems Corp","SMSC",2012-05-02,NA,NA,NA,NA,FALSE,TRUE
"2382542020","Collective Brands Inc","PSS",2012-05-01,NA,NA,NA,NA,FALSE,TRUE
"2410361020","PF Chang's China Bistro Inc","PFCB",2012-05-01,NA,NA,NA,NA,FALSE,TRUE
"2410370020","Imperial Sugar Co","IPSU",2012-05-01,NA,NA,NA,NA,FALSE,TRUE
"2410630020","EasyLink Services International Corp","ESIC",2012-05-01,NA,NA,NA,NA,FALSE,TRUE
"2316627020","Gen-Probe Inc","GPRO",2012-04-30,"   1500435","sec_bulk","high","GoPro, Inc.",TRUE,FALSE
"2410088020","Sunoco Inc","SUN",2012-04-30,"   1552275","sec_bulk","high","Sunoco LP",TRUE,FALSE
"2410465020","American Perspective Bank,San Luis Obispo,California","APBA",2012-04-30,NA,NA,NA,NA,FALSE,TRUE
"2410519020","Central Bancorp Inc, Somerville,Massachusetts","CEBK",2012-04-30,NA,NA,NA,NA,FALSE,TRUE
"2408837020","GeoResources Inc","GEOI",2012-04-25,NA,NA,NA,NA,FALSE,TRUE
"2420939020","Galena Biopharma Inc","GALE",2012-04-24,NA,NA,NA,NA,FALSE,TRUE
"2407908020","Ardea Biosciences Inc","RDEA",2012-04-23,NA,NA,NA,NA,FALSE,TRUE
"2408870020","Accelr8 Technology Corp","AXK",2012-04-23,NA,NA,NA,NA,FALSE,TRUE
"2407237020","Human Genome Sciences Inc","HGSI",2012-04-19,NA,NA,NA,NA,FALSE,TRUE
"2392580020","Knology Inc","KNOL",2012-04-18,NA,NA,NA,NA,FALSE,TRUE
"2406806020","Catalyst Health Solutions Inc","CHSI",2012-04-18,NA,NA,NA,NA,FALSE,TRUE
"2406523020","SRS Labs Inc","SRSL",2012-04-17,NA,NA,NA,NA,FALSE,TRUE
"2406133020","Dreams Inc","DRJ",2012-04-16,NA,NA,NA,NA,FALSE,TRUE
"2406144020","The Edelman Financial Group Inc","EF",2012-04-16,NA,NA,NA,NA,FALSE,TRUE
"2405728020","RF Monolithics Inc","RFMI",2012-04-13,NA,NA,NA,NA,FALSE,TRUE
"2404495020","X-Rite Inc","XRIT",2012-04-10,NA,NA,NA,NA,FALSE,TRUE
"2404497020","eResearchTechnology Inc","ERT",2012-04-10,NA,NA,NA,NA,FALSE,TRUE
"2404121020","Carrollton Bancorp","CRRB",2012-04-09,NA,NA,NA,NA,FALSE,TRUE
"2404396020","Phyhealth Corp","PYHH",2012-04-09,NA,NA,NA,NA,FALSE,TRUE
"2403781020","Allos Therapeutics Inc","ALTH",2012-04-05,NA,NA,NA,NA,FALSE,TRUE
"2400027020","DRI Corp","TBUS",2012-04-04,NA,NA,NA,NA,FALSE,TRUE
"2403371020","DDi Corp","DDIC",2012-04-04,NA,NA,NA,NA,FALSE,TRUE
"2403520020","Webdigs Inc","WBDG",2012-04-04,NA,NA,NA,NA,FALSE,TRUE
"2408980020","Applied Extrusion Technologies Inc","AETC",2012-04-04,NA,NA,NA,NA,FALSE,TRUE
"2402632020","Image Entertainment Inc","DISK",2012-04-02,NA,NA,NA,NA,FALSE,TRUE
"2402644020","APAC Customer Services Inc","APAC",2012-04-02,"   2043630","sec_bulk","high","StoneBridge Acquisition II Corp",TRUE,FALSE
"2406679020","Pinnacle Airlines Corp","PNCLQ",2012-04-01,NA,NA,NA,NA,FALSE,TRUE
"2402181020","Computer Software Innovations Inc","CSWI",2012-03-30,NA,NA,NA,NA,FALSE,TRUE
"2401782020","World Heart Corp","WHRT",2012-03-29,NA,NA,NA,NA,FALSE,TRUE
"2402663020","Cellynx Group Inc","CYNXE",2012-03-28,NA,NA,NA,NA,FALSE,TRUE
"2400488020","Southern Community Financial Corp,Winston-Salem,North Carolina","SCMF",2012-03-27,NA,NA,NA,NA,FALSE,TRUE
"2400028020","Comverge Inc","COMV",2012-03-26,NA,NA,NA,NA,FALSE,TRUE
"2400073020","Fortune Industries Inc","FFI",2012-03-26,NA,NA,NA,NA,FALSE,TRUE
"2400201020","Opnext Inc","OPXT",2012-03-26,NA,NA,NA,NA,FALSE,TRUE
"2400222020","ISTA Pharmaceuticals Inc","ISTA",2012-03-26,NA,NA,NA,NA,FALSE,TRUE
"2400908020","National Asset Recovery Corp","NSUS",2012-03-23,NA,NA,NA,NA,FALSE,TRUE
"2398523020","MD Technologies Inc","MDTO",2012-03-20,NA,NA,NA,NA,FALSE,TRUE
"2397925020","Adams Golf Inc","ADGF",2012-03-19,NA,NA,NA,NA,FALSE,TRUE
"2397981020","AboveNet Inc","ABVT",2012-03-19,NA,NA,NA,NA,FALSE,TRUE
"2398215020","Flanders Corp","FLDR",2012-03-19,NA,NA,NA,NA,FALSE,TRUE
"2413547020","Epolin Inc","EPLN",2012-03-16,NA,NA,NA,NA,FALSE,TRUE
"2396362020","Great Wolf Resorts Inc","WOLF",2012-03-13,"    895419","sec_bulk","high","WOLFSPEED, INC.",TRUE,FALSE
"2396501020","Flatbush Federal Bancorp Inc","FLTB",2012-03-13,NA,NA,NA,NA,FALSE,TRUE
"2395778020","ZOLL Medical Corp","ZOLL",2012-03-12,NA,NA,NA,NA,FALSE,TRUE
"2395921020","Pacific Capital Bancorp,Santa Barbara,California","PCBC",2012-03-12,NA,NA,NA,NA,FALSE,TRUE
"2396386020","North Central Bancshares Inc, Fort Dodge,Iowa","FFFD",2012-03-12,NA,NA,NA,NA,FALSE,TRUE
"2398348020","AAA Public Adjusting Group Inc","AAAA",2012-03-12,NA,NA,NA,NA,FALSE,TRUE
"2394814020","Transcend Services Inc","TRCR",2012-03-07,NA,NA,NA,NA,FALSE,TRUE
"2394007020","Archipelago Learning Inc","ARCL",2012-03-05,NA,NA,NA,NA,FALSE,TRUE
"2394459020","Encore Bancshares Inc","EBTX",2012-03-05,NA,NA,NA,NA,FALSE,TRUE
"2392173020","Banks.Com Inc","BNNX",2012-02-28,NA,NA,NA,NA,FALSE,TRUE
"2391203020","Kenneth Cole Productions Inc","KCP",2012-02-24,NA,NA,NA,NA,FALSE,TRUE
"2390804020","CyberDefender Corp","CYDE",2012-02-23,NA,NA,NA,NA,FALSE,TRUE
"2390683020","Onvia Inc","ONVI",2012-02-22,NA,NA,NA,NA,FALSE,TRUE
"2293786020","Grubb & Ellis Co","GBE",2012-02-21,NA,NA,NA,NA,FALSE,TRUE
"2389952020","CH Energy Group Inc","CHG",2012-02-21,NA,NA,NA,NA,FALSE,TRUE
"2390076020","ATS Corp","ATCT",2012-02-21,NA,NA,NA,NA,FALSE,TRUE
"2513739020","Golden Fork Corp","GDNF",2012-02-17,NA,NA,NA,NA,FALSE,TRUE
"2389397020","CVR Energy Inc","CVI",2012-02-16,"   1376139","sec_bulk","high","CVR ENERGY INC",TRUE,FALSE
"2388742020","Advance America Cash Advance Centers Inc","AEA",2012-02-15,NA,NA,NA,NA,FALSE,TRUE
"2333751020","SeraCare Life Sciences Inc","SRLS",2012-02-13,NA,NA,NA,NA,FALSE,TRUE
"2388991020","BNS Holding Inc","BNSSA",2012-02-13,NA,NA,NA,NA,FALSE,TRUE
"2387471020","Heartland Bancshares Inc, Franklin,Indiana","HRTB",2012-02-10,NA,NA,NA,NA,FALSE,TRUE
"2387094020","Taleo Corp","TLEO",2012-02-09,NA,NA,NA,NA,FALSE,TRUE
"2387163020","Bio Multimin Inc",NA,2012-02-09,NA,NA,NA,NA,FALSE,TRUE
"2386688020","Bullion Monarch Mining Inc","BULM",2012-02-07,NA,NA,NA,NA,FALSE,TRUE
"2385965020","SureWest Communications Inc","SURW",2012-02-06,NA,NA,NA,NA,FALSE,TRUE
"2385983020","O'Charley's Inc","CHUX",2012-02-06,NA,NA,NA,NA,FALSE,TRUE
"2385785020","Swank Inc","SNKI",2012-02-03,NA,NA,NA,NA,FALSE,TRUE
"2383719020","Thomas & Betts Corp","TNB",2012-01-30,NA,NA,NA,NA,FALSE,TRUE
"2383403020","Solutia Inc","SOA",2012-01-27,NA,NA,NA,NA,FALSE,TRUE
"2383605020","Conversion Services International Inc","CVNS",2012-01-27,NA,NA,NA,NA,FALSE,TRUE
"2385767020","First Guaranty Bank & Trust Co of Jacksonville,Florida",NA,2012-01-27,NA,NA,NA,NA,FALSE,TRUE
"2382994020","Micromet Inc","MITI",2012-01-26,"    802257","sec_bulk","high","Mitesco, Inc.",TRUE,FALSE
"2383031020","VIST Financial Corp","VIST",2012-01-26,"   1762506","sec_bulk","high","Vista Energy, S.A.B. de C.V.",TRUE,FALSE
"2386045020","Central Florida State Bank, Belleview,FL","CEFB",2012-01-20,NA,NA,NA,NA,FALSE,TRUE
"2368519020","Eastman Kodak Co","EKDKQ",2012-01-19,NA,NA,NA,NA,FALSE,TRUE
"2381307020","California Community Bank, Escondido,CA","CABK",2012-01-19,NA,NA,NA,NA,FALSE,TRUE
"2380632020","Gotham Bank of New York,NY","GOBN",2012-01-18,NA,NA,NA,NA,FALSE,TRUE
"2380236020","Convio Inc","CNVO",2012-01-17,NA,NA,NA,NA,FALSE,TRUE
"2377834020","Inhibitex Inc","INHX",2012-01-07,NA,NA,NA,NA,FALSE,TRUE
"2375587020","ILX Lightwave Corp",NA,2011-12-28,NA,NA,NA,NA,FALSE,TRUE
"2375042020","Cogdell Spencer Inc","CSA",2011-12-27,NA,NA,NA,NA,FALSE,TRUE
"2374395020","Baldwin Technology Co Inc","BLD",2011-12-23,"   1633931","sec_bulk","high","TopBuild Corp",TRUE,FALSE
"2374734020","Parlux Fragrances Inc","PARL",2011-12-23,NA,NA,NA,NA,FALSE,TRUE
"2373963020","RAM Energy Resources Inc","RAME",2011-12-22,NA,NA,NA,NA,FALSE,TRUE
"2373967020","First Star Bancorp Inc, Bethlehem,Pennsylvania","FSSB",2011-12-22,NA,NA,NA,NA,FALSE,TRUE
"2373277020","Delphi Financial Group Inc","DFG",2011-12-21,NA,NA,NA,NA,FALSE,TRUE
"2373085020","Peoples Bancorp Inc,Easley, South Carolina","PBCE",2011-12-20,NA,NA,NA,NA,FALSE,TRUE
"2373264020","CommerceFirst Bancorp Inc","CMFB",2011-12-20,NA,NA,NA,NA,FALSE,TRUE
"2372537020","Winn-Dixie Stores Inc","WINN",2011-12-19,NA,NA,NA,NA,FALSE,TRUE
"2290506020","Morton's Restaurant Group Inc","MRT",2011-12-16,"   1852767","sec_bulk","high","Marti Technologies, Inc.",TRUE,FALSE
"2372088020","RSC Holdings Inc","RRR",2011-12-16,"   1653653","sec_bulk","high","Red Rock Resorts, Inc.",TRUE,FALSE
"2359399020","SonoSite Inc","SONO",2011-12-15,"   1314727","sec_bulk","high","Sonos Inc",TRUE,FALSE
"2371372020","Novellus Systems Inc","NVLS",2011-12-14,NA,NA,NA,NA,FALSE,TRUE
"2370760020","Synovis Life Technologies Inc","SYNO",2011-12-13,NA,NA,NA,NA,FALSE,TRUE
"2369899020","Blue Coat Systems Inc","BCSI",2011-12-09,NA,NA,NA,NA,FALSE,TRUE
"2369937020","East Texas Financial Services Inc,Tyler,Texas","FFBT",2011-12-09,NA,NA,NA,NA,FALSE,TRUE
"2369948020","Premier Commercial Bancorp, Anaheim,California","PCBP",2011-12-09,NA,NA,NA,NA,FALSE,TRUE
"2369546020","DemandTec Inc","DMAN",2011-12-08,NA,NA,NA,NA,FALSE,TRUE
"2369220020","Raptor Networks Technology Inc","RPTN",2011-12-07,NA,NA,NA,NA,FALSE,TRUE
"2368855020","Talbots Inc","TLB",2011-12-06,NA,NA,NA,NA,FALSE,TRUE
"2368262020","SE Financial Corp","SEFL",2011-12-05,NA,NA,NA,NA,FALSE,TRUE
"2367857020","SuccessFactors Inc","SFSF",2011-12-03,NA,NA,NA,NA,FALSE,TRUE
"2367106020","Magma Design Automation Inc","LAVA",2011-11-30,NA,NA,NA,NA,FALSE,TRUE
"2366609020","AMR Corp","AMR",2011-11-29,"   1704715","sec_bulk","high","Alpha Metallurgical Resources, Inc.",TRUE,FALSE
"2341477020","Nutrition 21 Inc","NXXQE",2011-11-28,NA,NA,NA,NA,FALSE,TRUE
"2365453020","Lexon Technologies Inc","LEXO",2011-11-23,NA,NA,NA,NA,FALSE,TRUE
"2364013020","Pharmasset Inc","VRUS",2011-11-21,NA,NA,NA,NA,FALSE,TRUE
"2364032020","Transatlantic Holdings Inc","TRH",2011-11-21,NA,NA,NA,NA,FALSE,TRUE
"2364393020","Stratton Holdings Inc","STGH",2011-11-18,NA,NA,NA,NA,FALSE,TRUE
"2363490020","Valpey-Fisher Corp","VPF",2011-11-17,NA,NA,NA,NA,FALSE,TRUE
"2363593020","General Maritime Corp","GMRRQ",2011-11-17,NA,NA,NA,NA,FALSE,TRUE
"2363289020","Hampshire First Bank, Manchester,New Hampshire","HFBN",2011-11-16,NA,NA,NA,NA,FALSE,TRUE
"2361383020","Pinnacle Data Systems Inc","PNS",2011-11-10,NA,NA,NA,NA,FALSE,TRUE
"2360365020","McCormick & Schmicks Seafood Restaurants Inc","MSSR",2011-11-08,NA,NA,NA,NA,FALSE,TRUE
"2359907020","Tekelec","TKLC",2011-11-07,NA,NA,NA,NA,FALSE,TRUE
"2359939020","Force Protection Inc","FRPT",2011-11-07,"   1611647","sec_bulk","high","Freshpet, Inc.",TRUE,FALSE
"2359960020","American Dental Partners Inc","ADPI",2011-11-07,NA,NA,NA,NA,FALSE,TRUE
"2359968020","CKF Bancorp Inc,Danville, Kentucky","CKFB",2011-11-04,NA,NA,NA,NA,FALSE,TRUE
"2359288020","Sonesta International Hotels Corp","SNSTA",2011-11-03,NA,NA,NA,NA,FALSE,TRUE
"2358934020","Oneida Ltd",NA,2011-11-02,NA,NA,NA,NA,FALSE,TRUE
"2358554020","Interclick Inc","ICLK",2011-11-01,NA,NA,NA,NA,FALSE,TRUE
"2358557020","INX Inc","INXI",2011-11-01,NA,NA,NA,NA,FALSE,TRUE
"2363271020","Wired Associates Solutions Inc","WRDS",2011-11-01,NA,NA,NA,NA,FALSE,TRUE
"2356519020","The Connecticut Bank & Trust Co","CTBC",2011-10-25,NA,NA,NA,NA,FALSE,TRUE
"2355895020","HealthSpring Inc","HS",2011-10-24,NA,NA,NA,NA,FALSE,TRUE
"2355904020","RightNow Technologies Inc","RNOW",2011-10-24,NA,NA,NA,NA,FALSE,TRUE
"2355975020","Adolor Corp","ADLR",2011-10-24,NA,NA,NA,NA,FALSE,TRUE
"2355536020","IFLI Acquisition Corp","IFLI",2011-10-20,NA,NA,NA,NA,FALSE,TRUE
"2354802020","NMT Medical Inc","NMTI",2011-10-19,NA,NA,NA,NA,FALSE,TRUE
"2353980020","Brigham Exploration Co","BEXP",2011-10-17,NA,NA,NA,NA,FALSE,TRUE
"2353995020","Anadys Pharmaceuticals Inc","ANDS",2011-10-17,NA,NA,NA,NA,FALSE,TRUE
"2354105020","Vertro Inc","VTRO",2011-10-17,NA,NA,NA,NA,FALSE,TRUE
"2353699020","El Paso Corp","EP",2011-10-16,"    887396","sec_bulk","high","EMPIRE PETROLEUM CORP",TRUE,FALSE
"2354024020","First State Bank,Cranford,NJ","FSNJ",2011-10-14,NA,NA,NA,NA,FALSE,TRUE
"2351701020","99 Cents Only Stores","NDN",2011-10-11,NA,NA,NA,NA,FALSE,TRUE
"2352493020","Bigband Networks Inc","BBND",2011-10-11,NA,NA,NA,NA,FALSE,TRUE
"2280645020","Prime Group Realty Trust","PMGEP",2011-10-10,NA,NA,NA,NA,FALSE,TRUE
"2352116020","Complete Production Services Inc","CPX",2011-10-10,NA,NA,NA,NA,FALSE,TRUE
"2353854020","Todays Alternative Energy Corp","TAEC",2011-10-10,NA,NA,NA,NA,FALSE,TRUE
"2352049020","Craftmade International Inc","CRFT",2011-10-07,NA,NA,NA,NA,FALSE,TRUE
"2352087020","Southwall Technologies Inc","SWTX",2011-10-07,NA,NA,NA,NA,FALSE,TRUE
"2351275020","Hayes Lemmerz International Inc","HAYZ",2011-10-05,NA,NA,NA,NA,FALSE,TRUE
"2281251020","A C Moore Arts & Crafts Inc","ACMR",2011-10-04,"   1680062","sec_bulk","high","ACM Research, Inc.",TRUE,FALSE
"2460578020","LocatePLUS Holdings Corp","LPHC",2011-10-04,NA,NA,NA,NA,FALSE,TRUE
"2337062020","Pharmaceutical Product Development Inc","PPDI",2011-10-03,NA,NA,NA,NA,FALSE,TRUE
"2405803020","Smack Sportswear","RSPO",2011-09-30,NA,NA,NA,NA,FALSE,TRUE
"2347962020","Harleysville Group Inc","HGIC",2011-09-29,NA,NA,NA,NA,FALSE,TRUE
"2347384020","American Medical Alert Corp","AMAC",2011-09-22,NA,NA,NA,NA,FALSE,TRUE
"2345907020","Goodrich Corp","GR",2011-09-21,NA,NA,NA,NA,FALSE,TRUE
"2346367020","GreenHouse Holdings Inc","GRHU",2011-09-20,NA,NA,NA,NA,FALSE,TRUE
"2347729020","Piranha Interactive Publishing Inc (NOW 72426C)","PRAN",2011-09-19,NA,NA,NA,NA,FALSE,TRUE
"2345035020","Fundtech Ltd","FNDT",2011-09-15,NA,NA,NA,NA,FALSE,TRUE
"2345442020","CHS Inc","CHSCP",2011-09-15,"    823277","sec_bulk","high","CHS INC",TRUE,FALSE
"2345042020","Stellar Business Bank","SLRB",2011-09-14,NA,NA,NA,NA,FALSE,TRUE
"2343868020","Global Industries Ltd","GLBL",2011-09-12,NA,NA,NA,NA,FALSE,TRUE
"2343992020","NetLogic Microsystems Inc","NETL",2011-09-12,NA,NA,NA,NA,FALSE,TRUE
"2343194020","Caliper Life Sciences Inc","CALP",2011-09-08,NA,NA,NA,NA,FALSE,TRUE
"2343188020","Penn Millers Holding Corp","PMIC",2011-09-07,NA,NA,NA,NA,FALSE,TRUE
"2343222020","iLinc Communications Inc","ILNC",2011-09-07,NA,NA,NA,NA,FALSE,TRUE
"2341680020","Clark Holdings Inc","GLA",2011-09-01,NA,NA,NA,NA,FALSE,TRUE
"2341200020","Beach Business Bank,Manhattan Beach,California","BBBC",2011-08-31,NA,NA,NA,NA,FALSE,TRUE
"2340846020","B2 Digital Inc","BTDG",2011-08-30,"0000725929","browse_edgar","high","B2Digital, Inc.",TRUE,FALSE
"2340793020","Genie Energy Ltd","GNE",2011-08-29,"   1528356","sec_bulk","high","Genie Energy Ltd.",TRUE,FALSE
"2350087020","Hazlo! Technologies Inc","HAZN",2011-08-29,NA,NA,NA,NA,FALSE,TRUE
"2337670020","Brooklyn Federal Bancorp Inc, Brooklyn,New York","BFSB",2011-08-17,NA,NA,NA,NA,FALSE,TRUE
"2337312020","Renaissance Learning Inc","RLRN",2011-08-16,NA,NA,NA,NA,FALSE,TRUE
"2336895020","Motorola Mobility Holdings Inc","MMI",2011-08-15,"   1578732","sec_bulk","high","Marcus & Millichap, Inc.",TRUE,FALSE
"2337159020","Openlane Inc","OPNN",2011-08-15,NA,NA,NA,NA,FALSE,TRUE
"2337249020","Access to Money Inc","AEMI",2011-08-15,NA,NA,NA,NA,FALSE,TRUE
"2347482020","Stakool Inc","STKO",2011-08-15,NA,NA,NA,NA,FALSE,TRUE
"2332665020","Emdeon Inc","EM",2011-08-04,"   1834253","sec_bulk","high","Smart Share Global Ltd",TRUE,FALSE
"2334715020","The Sports Club Co Inc","SCYL",2011-08-04,NA,NA,NA,NA,FALSE,TRUE
"2334545020","Global Traffic Network Inc","GNET",2011-08-03,NA,NA,NA,NA,FALSE,TRUE
"2309629020","HearUSA Inc","HEAR",2011-08-01,NA,NA,NA,NA,FALSE,TRUE
"2333741020","PAETEC Holding Corp","PAET",2011-08-01,NA,NA,NA,NA,FALSE,TRUE
"2333618020","Allied Healthcare International Inc","AHCI",2011-07-29,NA,NA,NA,NA,FALSE,TRUE
"2383760020","Angeles Partners XII LP","XXBVF",2011-07-28,NA,NA,NA,NA,FALSE,TRUE
"2332115020","S1 Corp","SONE",2011-07-26,NA,NA,NA,NA,FALSE,TRUE
"2331837020","Paradigm Holdings Inc","PDHO",2011-07-25,NA,NA,NA,NA,FALSE,TRUE
"2333382020","Continental Resources Group Inc","CRGCE",2011-07-22,NA,NA,NA,NA,FALSE,TRUE
"2330697020","Medco Health Solutions Inc","MHS",2011-07-21,NA,NA,NA,NA,FALSE,TRUE
"2330401020","Nalco Holding Co","NLC",2011-07-20,NA,NA,NA,NA,FALSE,TRUE
"2330464020","Icagen Inc","ICGN",2011-07-20,NA,NA,NA,NA,FALSE,TRUE
"2330648020","SFN Group Inc","SFN",2011-07-20,NA,NA,NA,NA,FALSE,TRUE
"2328815020","Petrohawk Energy Corp","HK",2011-07-14,NA,NA,NA,NA,FALSE,TRUE
"2329079020","Journal Register Co","JRCOQ",2011-07-14,NA,NA,NA,NA,FALSE,TRUE
"2328303020","Kinetic Concepts Inc","KCI",2011-07-13,NA,NA,NA,NA,FALSE,TRUE
"2327453020","Arch Chemicals Inc","ARJ",2011-07-11,NA,NA,NA,NA,FALSE,TRUE
"2327605020","Radiant Systems Inc","RADS",2011-07-11,NA,NA,NA,NA,FALSE,TRUE
"2327556020","American Atlantic Co","AMRL",2011-07-09,NA,NA,NA,NA,FALSE,TRUE
"2326656020","APAC Customer Services Inc","APAC",2011-07-07,"   2043630","sec_bulk","high","StoneBridge Acquisition II Corp",TRUE,FALSE
"2326569020","Vaughan Foods Inc","FOODU",2011-07-06,NA,NA,NA,NA,FALSE,TRUE
"2325924020","Immucor Inc","BLUD",2011-07-05,NA,NA,NA,NA,FALSE,TRUE
"2325946020","Ameron International Corp","AMN",2011-07-05,"   1142750","sec_bulk","high","AMN HEALTHCARE SERVICES INC",TRUE,FALSE
"2325147020","Blackboard Inc","BBBB",2011-07-01,NA,NA,NA,NA,FALSE,TRUE
"2325021020","Strategic Distribution Inc","STRD",2011-06-30,"   1050446","sec_bulk","high","Strategy Inc",TRUE,FALSE
"2324506020","Desert Commercial Bank","DCBC",2011-06-29,NA,NA,NA,NA,FALSE,TRUE
"2329960020","World Poker Fund Holdings Inc","WPFH",2011-06-29,NA,NA,NA,NA,FALSE,TRUE
"2362316020","Frontera Resources Corp","FRR",2011-06-28,NA,NA,NA,NA,FALSE,TRUE
"2322903020","Continucare Corp","CNU",2011-06-27,NA,NA,NA,NA,FALSE,TRUE
"2323124020","Servidyne Inc","SERV",2011-06-27,"   1832483","sec_bulk","high","Serve Robotics Inc. /DE/",TRUE,FALSE
"2324230020","Santa Lucia Bancorp","SLNB",2011-06-27,NA,NA,NA,NA,FALSE,TRUE
"2321860020","Central Vermont Public Service Corp","CV",2011-06-23,"   1378325","sec_bulk","high","CapsoVision, Inc",TRUE,FALSE
"2325537020","Trans-Lux Corp","TNLX",2011-06-23,"0000099106","browse_edgar","high","TRANS LUX Corp",TRUE,FALSE
"2321494020","Sterling Chemicals Inc","SCHI",2011-06-22,NA,NA,NA,NA,FALSE,TRUE
"2320679020","Tower Bancorp Inc","TOBC",2011-06-20,NA,NA,NA,NA,FALSE,TRUE
"2418563020","BJ's Wholesale Club Inc","BJ",2011-06-17,"   1531152","sec_bulk","high","BJ's Wholesale Club Holdings, Inc.",TRUE,FALSE
"2319582020","Southern Union Co","SUG",2011-06-16,NA,NA,NA,NA,FALSE,TRUE
"2319713020","MediaMind Technologies Inc","MDMD",2011-06-16,NA,NA,NA,NA,FALSE,TRUE
"2319641020","Parkvale Financial Corp","PVSA",2011-06-15,NA,NA,NA,NA,FALSE,TRUE
"2318494020","Graham Packaging Co Inc","GRM",2011-06-14,NA,NA,NA,NA,FALSE,TRUE
"2313321020","EMS Technologies Inc","ELMG",2011-06-13,NA,NA,NA,NA,FALSE,TRUE
"2318317020","The Timberland Co","TBL",2011-06-13,NA,NA,NA,NA,FALSE,TRUE
"2318489020","M&F Worldwide Corp","MFW",2011-06-13,NA,NA,NA,NA,FALSE,TRUE
"2318582020","Gerber Scientific Inc","GRB",2011-06-13,NA,NA,NA,NA,FALSE,TRUE
"2318388020","Ness Technologies Inc","NSTC",2011-06-10,NA,NA,NA,NA,FALSE,TRUE
"2379043020","Your Event Inc","YEVN",2011-06-10,NA,NA,NA,NA,FALSE,TRUE
"2316305020","Ophthalmic Imaging Systems Inc","OISI",2011-06-06,NA,NA,NA,NA,FALSE,TRUE
"2316318020","Temple-Inland Inc","TIN",2011-06-06,NA,NA,NA,NA,FALSE,TRUE
"2316546020","RMG Capital Corp","RMGC",2011-06-06,NA,NA,NA,NA,FALSE,TRUE
"2315742020","Herald National Bank","HNB",2011-06-01,NA,NA,NA,NA,FALSE,TRUE
"2317833020","H&Q Life Sciences Investors","HQL",2011-05-31,"    884121","sec_bulk","high","abrdn Life Sciences Investors",TRUE,FALSE
"2313537020","Advanced Analogic Technologies Inc","AATI",2011-05-26,NA,NA,NA,NA,FALSE,TRUE
"2172924020","California Pizza Kitchen Inc","CPKI",2011-05-25,NA,NA,NA,NA,FALSE,TRUE
"2312232020","FPIC Insurance Group Inc","FPIC",2011-05-24,NA,NA,NA,NA,FALSE,TRUE
"2312374020","PHC Inc","PHC",2011-05-24,NA,NA,NA,NA,FALSE,TRUE
"2313176020","Jackson Hewitt Tax Service Inc","JTX",2011-05-24,NA,NA,NA,NA,FALSE,TRUE
"2311966020","Dynatem Inc","DYTM",2011-05-23,NA,NA,NA,NA,FALSE,TRUE
"2312178020","Medpace Holdings Inc","MEDP",2011-05-23,"   1668397","sec_bulk","high","Medpace Holdings, Inc.",TRUE,FALSE
"2311057020","Encompass Group Affiliates Inc","ECGA",2011-05-19,NA,NA,NA,NA,FALSE,TRUE
"2310263020","Nobel Learning Communities Inc","NLCI",2011-05-18,NA,NA,NA,NA,FALSE,TRUE
"2313653020","5To1 Holding Corp","FTOH",2011-05-18,NA,NA,NA,NA,FALSE,TRUE
"2309418020","PRIMEDIA Inc","PRM",2011-05-16,"   1880319","sec_bulk","high","Perimeter Solutions, Inc.",TRUE,FALSE
"2309444020","Orthovita Inc","VITA",2011-05-16,NA,NA,NA,NA,FALSE,TRUE
"2309478020","Integral Systems Inc","ISYS",2011-05-16,NA,NA,NA,NA,FALSE,TRUE
"2309050020","DEI Holdings Inc","DEIX",2011-05-12,NA,NA,NA,NA,FALSE,TRUE
"2316794020","Broadcast Marketing Group Inc","BDCM",2011-05-11,NA,NA,NA,NA,FALSE,TRUE
"2307767020","CKx Inc","CKXE",2011-05-10,NA,NA,NA,NA,FALSE,TRUE
"2272856020","Warner Music Group Corp","WMG",2011-05-06,"   1319161","sec_bulk","high","Warner Music Group Corp.",TRUE,FALSE
"2306832020","Green Bankshares Inc, Greenville,Tennessee","GRNB",2011-05-05,NA,NA,NA,NA,FALSE,TRUE
"2306109020","Varian Semiconductor Equipment Associates Inc","VSEA",2011-05-04,NA,NA,NA,NA,FALSE,TRUE
"2306429020","Kendle International Inc","KNDL",2011-05-04,NA,NA,NA,NA,FALSE,TRUE
"2305206020","International Coal Group Inc","ICO",2011-05-02,NA,NA,NA,NA,FALSE,TRUE
"2305216020","Cephalon Inc","CEPH",2011-05-02,NA,NA,NA,NA,FALSE,TRUE
"2305255020","Volcom Inc","VLCM",2011-05-02,NA,NA,NA,NA,FALSE,TRUE
"2308441020","Cortez Community Bank, Brooksville,Florida","COTZ",2011-04-29,NA,NA,NA,NA,FALSE,TRUE
"2229022020","Constellation Energy Group Inc","CEG",2011-04-28,"   1868275","sec_bulk","high","Constellation Energy Corp",TRUE,FALSE
"2304545020","SunPower Corp","SPWRA",2011-04-28,NA,NA,NA,NA,FALSE,TRUE
"2304827020","State Bancorp Inc,New Hyde Park,New York","STBC",2011-04-28,NA,NA,NA,NA,FALSE,TRUE
"2304069020","SAVVIS Inc","SVVS",2011-04-27,NA,NA,NA,NA,FALSE,TRUE
"2304134020","Vital Images Inc","VTAL",2011-04-27,NA,NA,NA,NA,FALSE,TRUE
"2304137020","LoopNet Inc","LOOP",2011-04-27,"   1504678","sec_bulk","high","Loop Industries, Inc.",TRUE,FALSE
"2304201020","Bank of Granite Corp","GRAN",2011-04-27,"   2027722","sec_bulk","high","Grande Group Ltd/HK",TRUE,FALSE
"2303675020","Smart Modular Technologies (WWH)Inc","SMOD",2011-04-26,NA,NA,NA,NA,FALSE,TRUE
"2214915020","Trico Marine Services Inc","TRMAQ",2011-04-21,NA,NA,NA,NA,FALSE,TRUE
"2302205020","DPL Inc","DPL",2011-04-20,NA,NA,NA,NA,FALSE,TRUE
"2302363020","Bancorp Rhode Island Inc","BARI",2011-04-20,NA,NA,NA,NA,FALSE,TRUE
"2302698020","TradeStation Group Inc","TRAD",2011-04-20,"   2085485","sec_bulk","high","APEX Tech Acquisition Inc.",TRUE,FALSE
"2301567020","Fremont Michigan InsuraCorp Inc","FMMH",2011-04-18,NA,NA,NA,NA,FALSE,TRUE
"2301120020","Synthes Inc","SYST",2011-04-18,NA,NA,NA,NA,FALSE,TRUE
"2300978020","Bronco Drilling Co Inc","BRNC",2011-04-15,NA,NA,NA,NA,FALSE,TRUE
"2300557020","American Wagering Inc","BETMQ",2011-04-14,NA,NA,NA,NA,FALSE,TRUE
"2300562020","Market Planning Solutions Inc","MPSI",2011-04-14,NA,NA,NA,NA,FALSE,TRUE
"2299065020","American Medical Systems Holdings Inc","AMMD",2011-04-11,NA,NA,NA,NA,FALSE,TRUE
"2299073020","Tasty Baking Co","TSTY",2011-04-11,NA,NA,NA,NA,FALSE,TRUE
"2298720020","Burst Media Corp","BRST",2011-04-08,"    764897","sec_bulk","high","Broad Street Realty, Inc.",TRUE,FALSE
"2370046020","Timberland Bancorp Inc","TSBK",2011-04-08,"   1046050","sec_bulk","high","TIMBERLAND BANCORP INC",TRUE,FALSE
"2298723020","FBC Financial Corp",NA,2011-04-07,NA,NA,NA,NA,FALSE,TRUE
"2197173020","Blockbuster Inc","BBI",2011-04-06,NA,NA,NA,NA,FALSE,TRUE
"2297768020","AML Communications Inc","AMLJ",2011-04-06,NA,NA,NA,NA,FALSE,TRUE
"2297787020","Orchid Cellmark Inc","ORCH",2011-04-06,NA,NA,NA,NA,FALSE,TRUE
"2297325020","Inspire Pharmaceuticals Inc","ISPH",2011-04-05,NA,NA,NA,NA,FALSE,TRUE
"2296896020","Epicor Software Corp","EPIC",2011-04-04,NA,NA,NA,NA,FALSE,TRUE
"2296901020","LaBarge Inc","LB",2011-04-04,"   1995807","sec_bulk","high","LandBridge Co LLC",TRUE,FALSE
"2296914020","National Semiconductor Corp","NSM",2011-04-04,NA,NA,NA,NA,FALSE,TRUE
"2274152020","SRA International Inc","SRX",2011-04-01,NA,NA,NA,NA,FALSE,TRUE
"2296024020","Community Capital Corp, Greenwood,South Carolina","CPBK",2011-03-31,NA,NA,NA,NA,FALSE,TRUE
"2295553020","GS Financial Corp,Metairie, Louisiana","GSLA",2011-03-30,NA,NA,NA,NA,FALSE,TRUE
"2294228020","Spectrum Control Inc","SPEC",2011-03-28,NA,NA,NA,NA,FALSE,TRUE
"2294250020","Rural/Metro Corp","RURL",2011-03-28,NA,NA,NA,NA,FALSE,TRUE
"2294183020","Gsi Commerce Inc","GSIC",2011-03-27,NA,NA,NA,NA,FALSE,TRUE
"2293736020","Encore Energy Partners LP","ENP",2011-03-25,NA,NA,NA,NA,FALSE,TRUE
"2293198020","drugstore.com Inc","DSCM",2011-03-24,NA,NA,NA,NA,FALSE,TRUE
"2307006020","Recovery Enterprises Inc","RCVY",2011-03-23,NA,NA,NA,NA,FALSE,TRUE
"2291770020","optionsXpress Holdings Inc","OXPS",2011-03-21,NA,NA,NA,NA,FALSE,TRUE
"2291302020","Celera Corp","CRA",2011-03-18,NA,NA,NA,NA,FALSE,TRUE
"2291821020","Natural Resources USA Corp","NTRCE",2011-03-15,NA,NA,NA,NA,FALSE,TRUE
"2289520020","Lubrizol Corp","LZ",2011-03-14,"   1286139","sec_bulk","high","LEGALZOOM.COM, INC.",TRUE,FALSE
"2289612020","Animal Health International Inc","AHII",2011-03-14,"   1545236","sec_bulk","high","American Heritage International Inc.",TRUE,FALSE
"2289646020","Century Mining Corp","CMM",2011-03-14,NA,NA,NA,NA,FALSE,TRUE
"2289431020","K-Sea Transportation Partners LP","KSP",2011-03-13,NA,NA,NA,NA,FALSE,TRUE
"2288311020","Lawson Software Inc","LWSN",2011-03-12,NA,NA,NA,NA,FALSE,TRUE
"2288819020","RC2 Corp","RCRC",2011-03-10,NA,NA,NA,NA,FALSE,TRUE
"2289270020","Orange Community Bancorp, Orange,California","OCBN",2011-03-10,NA,NA,NA,NA,FALSE,TRUE
"2288749020","Good Earth Land Sales Co","GDEH",2011-03-09,NA,NA,NA,NA,FALSE,TRUE
"2307716020","Molecular Insight Pharmaceuticals Inc","MIPIQ",2011-03-08,NA,NA,NA,NA,FALSE,TRUE
"2287286020","Tomotherapy Inc","TOMO",2011-03-07,NA,NA,NA,NA,FALSE,TRUE
"2297392020","ICOP Digital Inc","ICOP",2011-03-07,NA,NA,NA,NA,FALSE,TRUE
"2286905020","Cascade Financial Corp","CASB",2011-03-04,NA,NA,NA,NA,FALSE,TRUE
"2286225020","Global Defense Technology & Systems Inc","GTEC",2011-03-03,"   1735041","sec_bulk","high","Greenland Technologies Holding Corp.",TRUE,FALSE
"2286245020","EnergyConnect Group Inc","ECNG",2011-03-03,NA,NA,NA,NA,FALSE,TRUE
"2286258020","America Service Group Inc","ASGR",2011-03-03,NA,NA,NA,NA,FALSE,TRUE
"2284384020","Nationwide Health Properties Inc","NHP",2011-02-28,NA,NA,NA,NA,FALSE,TRUE
"2283490020","American Eagle Energy Inc","AMZG",2011-02-23,NA,NA,NA,NA,FALSE,TRUE
"2283901020","Crescent Financial Corp","CRFN",2011-02-23,NA,NA,NA,NA,FALSE,TRUE
"2282626020","Frontier Oil Corp","FTO",2011-02-22,NA,NA,NA,NA,FALSE,TRUE
"2282703020","Clinical Data Inc","CLDA",2011-02-22,NA,NA,NA,NA,FALSE,TRUE
"2283147020","Tollgrade Communications Inc","TLGD",2011-02-22,NA,NA,NA,NA,FALSE,TRUE
"2282143020","Zoran Corp","ZRAN",2011-02-21,NA,NA,NA,NA,FALSE,TRUE
"2385461020","Merisel Inc","MSEL",2011-02-21,NA,NA,NA,NA,FALSE,TRUE
"2282119020","US 1 Industries Inc","USOO",2011-02-18,NA,NA,NA,NA,FALSE,TRUE
"2282231020","Hahl Inc","GLMA",2011-02-18,NA,NA,NA,NA,FALSE,TRUE
"2282499020","San Luis Trust Bank FSB,San Luis Obispo,California","SNLS",2011-02-18,NA,NA,NA,NA,FALSE,TRUE
"2296577020","SonomaWest Holdings Inc","SWHI",2011-02-18,NA,NA,NA,NA,FALSE,TRUE
"2655272020","Charter Oak Bank,Napa, California","CHOB",2011-02-18,NA,NA,NA,NA,FALSE,TRUE
"2281817020","LaBranche & Co Inc","LAB",2011-02-17,"   1162194","sec_bulk","high","STANDARD BIOTOOLS INC.",TRUE,FALSE
"2281165020","WPX Energy Inc","WPX",2011-02-16,NA,NA,NA,NA,FALSE,TRUE
"2272890020","Hughes Communications Inc","HUGH",2011-02-14,NA,NA,NA,NA,FALSE,TRUE
"2280171020","Emergency Medical Services Corp","EMS",2011-02-14,"   2047036","sec_bulk","high","Leoch Energy Inc",TRUE,FALSE
"2281180020","Waste2Energy Holdings Inc","WTEZE",2011-02-14,NA,NA,NA,NA,FALSE,TRUE
"2279246020","XETA Technologies Inc","XETA",2011-02-09,NA,NA,NA,NA,FALSE,TRUE
"2278471020","RehabCare Group Inc","RHB",2011-02-08,NA,NA,NA,NA,FALSE,TRUE
"2278566020","Gateway Industries Inc","GWAY",2011-02-08,NA,NA,NA,NA,FALSE,TRUE
"2278798020","Retail Ventures Inc","RVI",2011-02-08,"   2085091","sec_bulk","high","Robinhood Ventures Fund I",TRUE,FALSE
"2009905020","Herley Industries Inc","HRY",2011-02-07,NA,NA,NA,NA,FALSE,TRUE
"2235726020","Pride International Inc","PDE",2011-02-07,NA,NA,NA,NA,FALSE,TRUE
"2248553020","Beckman Coulter Inc","BEC",2011-02-07,NA,NA,NA,NA,FALSE,TRUE
"2278268020","Endwave Corp","ENWV",2011-02-07,NA,NA,NA,NA,FALSE,TRUE
"2278280020","Emergent Group Inc","LZR",2011-02-07,NA,NA,NA,NA,FALSE,TRUE
"2278764020","Conexant Systems Inc","CNXT",2011-02-07,NA,NA,NA,NA,FALSE,TRUE
"2312607020","Javo Beverage Co Inc","JAVO",2011-02-07,NA,NA,NA,NA,FALSE,TRUE
"2379017020","Your Event Inc","YEVN",2011-02-04,NA,NA,NA,NA,FALSE,TRUE
"2277358020","Answers Corp","ANSW",2011-02-03,NA,NA,NA,NA,FALSE,TRUE
"2277585020","Silverleaf Resorts Inc","SVLF",2011-02-03,NA,NA,NA,NA,FALSE,TRUE
"2227146020","Capital Growth Systems Inc","CGSYQ",2011-02-01,NA,NA,NA,NA,FALSE,TRUE
"2276667020","NaviSite Inc","NAVI",2011-02-01,"   1593538","sec_bulk","high","NAVIENT CORP",TRUE,FALSE
"2276124020","Pre-Paid Legal Services Inc","PPD",2011-01-31,NA,NA,NA,NA,FALSE,TRUE
"2230996020","Massey Energy Co","MEE",2011-01-29,NA,NA,NA,NA,FALSE,TRUE
"2275311020","Terremark Worldwide Inc","TMRK",2011-01-27,NA,NA,NA,NA,FALSE,TRUE
"2274838020","Abington Bancorp Inc, Jenkintown,PA","ABBC",2011-01-26,NA,NA,NA,NA,FALSE,TRUE
"2274917020","ProLogis","PLD",2011-01-26,"   1045609","sec_bulk","high","Prologis, Inc.",TRUE,FALSE
"2250243020","Genoptix Inc","GXDX",2011-01-24,NA,NA,NA,NA,FALSE,TRUE
"2273767020","Empire American Realty Trust Inc","IRT",2011-01-24,"   1466085","sec_bulk","high","INDEPENDENCE REALTY TRUST, INC.",TRUE,FALSE
"2273246020","Smurfit-Stone Container Corp","SSCC",2011-01-23,NA,NA,NA,NA,FALSE,TRUE
"2273031020","NovaMed Inc","NOVA",2011-01-21,NA,NA,NA,NA,FALSE,TRUE
"2272754020","Danvers Bancorp Inc,Danvers, Massachusetts","DNBK",2011-01-20,NA,NA,NA,NA,FALSE,TRUE
"2272124020","RAE Systems Inc","RAE",2011-01-18,NA,NA,NA,NA,FALSE,TRUE
"2276710020","Technology Research Corp","TRCI",2011-01-18,NA,NA,NA,NA,FALSE,TRUE
"2269527020","Microfluidics International Corp","MFLU",2011-01-11,NA,NA,NA,NA,FALSE,TRUE
"2271838020","Gulfstream International Group Inc","GIGIQ",2011-01-11,NA,NA,NA,NA,FALSE,TRUE
"2268963020","Progress Energy Inc","PGN",2011-01-10,NA,NA,NA,NA,FALSE,TRUE
"2280312020","VGTel Inc","VGTL",2011-01-10,NA,NA,NA,NA,FALSE,TRUE
"2268809020","Solar Power Inc","SOPW",2011-01-06,NA,NA,NA,NA,FALSE,TRUE
"2256571020","Atheros Communications Inc","ATHR",2011-01-05,"   2026353","sec_bulk","high","Aether Holdings, Inc.",TRUE,FALSE
"2256760020","Hudson Holding Corp","HDHL",2011-01-05,NA,NA,NA,NA,FALSE,TRUE
"2256329020","CPEX Pharmaceuticals Inc","CPEX",2011-01-04,NA,NA,NA,NA,FALSE,TRUE
"2255925020","Universal American Corp","UAM",2010-12-31,NA,NA,NA,NA,FALSE,TRUE
"2254980020","Synbiotics Corp","SYNB",2010-12-29,NA,NA,NA,NA,FALSE,TRUE
"2271642020","Specialized Services Inc","SSRV",2010-12-29,NA,NA,NA,NA,FALSE,TRUE
"2254553020","ReSearch Pharmaceutical Services Inc","RPSE",2010-12-28,NA,NA,NA,NA,FALSE,TRUE
"2281383020","United PanAm Financial Corp","UPFC",2010-12-28,NA,NA,NA,NA,FALSE,TRUE
"2253964020","NGAS Resources Inc","NGAS",2010-12-27,NA,NA,NA,NA,FALSE,TRUE
"2253110020","Jo-Ann Stores Inc","JAS",2010-12-23,NA,NA,NA,NA,FALSE,TRUE
"2253168020","Todd Shipyards Corp","TOD",2010-12-23,NA,NA,NA,NA,FALSE,TRUE
"2252618020","Whitney Holding Corp,New Orleans,Louisiana","WTNY",2010-12-22,NA,NA,NA,NA,FALSE,TRUE
"2252643020","Legacy Bancorp Inc","LEGC",2010-12-22,NA,NA,NA,NA,FALSE,TRUE
"2252948020","American Community Bancorp Inc,Evansville,Indiana","ACBP",2010-12-22,NA,NA,NA,NA,FALSE,TRUE
"2253134020","Sonic Solutions","SNIC",2010-12-22,NA,NA,NA,NA,FALSE,TRUE
"2252056020","Martek Biosciences Corp","MATK",2010-12-21,NA,NA,NA,NA,FALSE,TRUE
"2232777020","Applied Signal Technology Inc","APSG",2010-12-20,NA,NA,NA,NA,FALSE,TRUE
"2252150020","LaserCard Corp","LCRD",2010-12-20,NA,NA,NA,NA,FALSE,TRUE
"2252162020","American Surgical Holdings Inc","ASRG",2010-12-20,NA,NA,NA,NA,FALSE,TRUE
"2252790020","Franconia Minerals Corp","FRA",2010-12-20,"   1259708","sec_bulk","high","BLACKROCK FLOATING RATE INCOME STRATEGIES FUND, INC.",TRUE,FALSE
"2250967020","Marshall & Ilsley Corp, Milwaukee,Wisconsin","MI",2010-12-17,"   1958713","sec_bulk","high","NFT Ltd",TRUE,FALSE
"2251196020","Citadel Broadcasting Corp","CDL",2010-12-17,NA,NA,NA,NA,FALSE,TRUE
"2250533020","Centra Financial Holdings Inc","CFHZ",2010-12-16,NA,NA,NA,NA,FALSE,TRUE
"2250762020","MidCarolina Financial Corp","MCFI",2010-12-16,NA,NA,NA,NA,FALSE,TRUE
"2250159020","InfoLogix Inc","IFLG",2010-12-15,NA,NA,NA,NA,FALSE,TRUE
"2251250020","North Penn Bancorp Inc","NPBP",2010-12-15,NA,NA,NA,NA,FALSE,TRUE
"2249638020","Matrixx Initiatives Inc","MTXX",2010-12-14,NA,NA,NA,NA,FALSE,TRUE
"2249662020","Dynamex Inc","DDMX",2010-12-14,NA,NA,NA,NA,FALSE,TRUE
"2240767020","Compellent Technologies Inc","CML",2010-12-13,NA,NA,NA,NA,FALSE,TRUE
"2248781020","Dionex Corp","DNEX",2010-12-13,NA,NA,NA,NA,FALSE,TRUE
"2253017020","InSight Health Services Holdings Corp","ISGT",2010-12-12,NA,NA,NA,NA,FALSE,TRUE
"2247977020","FinishMaster Inc","FMST",2010-12-09,"   1935418","sec_bulk","high","Foremost Clean Energy Ltd.",TRUE,FALSE
"2248156020","Center Financial Corp,Los Angeles,California","CLFC",2010-12-09,NA,NA,NA,NA,FALSE,TRUE
"2250683020","BassDrill Management Inc","BDRL",2010-12-08,"0001000683","browse_edgar","high","BLONDER TONGUE LABORATORIES INC",TRUE,FALSE
"2254233020","E Global Marketing Inc","EGLO",2010-12-08,NA,NA,NA,NA,FALSE,TRUE
"2123793020","California Coastal Communities Inc","CALC",2010-12-07,"   1534133","sec_bulk","high","CalciMedica, Inc.",TRUE,FALSE
"2246627020","Nicor Inc","GAS",2010-12-07,NA,NA,NA,NA,FALSE,TRUE
"2243927020","Baldor Electric Co","BEZ",2010-11-30,NA,NA,NA,NA,FALSE,TRUE
"2245160020","Mercer Insurance Group Inc","MIGP",2010-11-30,NA,NA,NA,NA,FALSE,TRUE
"2244207020","Palm Harbor Homes Inc","PHHM",2010-11-29,NA,NA,NA,NA,FALSE,TRUE
"2243178020","CPI International Inc","CPII",2010-11-26,NA,NA,NA,NA,FALSE,TRUE
"2240841020","Del Monte Foods Co","DLM",2010-11-25,NA,NA,NA,NA,FALSE,TRUE
"2242078020","J Crew Group Inc","JCG",2010-11-23,NA,NA,NA,NA,FALSE,TRUE
"2241601020","Novell Inc","NOVL",2010-11-22,NA,NA,NA,NA,FALSE,TRUE
"2241636020","Allegiance Bank of North America,Bala Cynwyd, Pennsylvania","ABPA",2010-11-19,NA,NA,NA,NA,FALSE,TRUE
"2240240020","Ladish Co Inc","LDSH",2010-11-17,NA,NA,NA,NA,FALSE,TRUE
"2240897020","Altus Explorations Inc","ALXP",2010-11-17,NA,NA,NA,NA,FALSE,TRUE
"2226246020","Isilon Systems Inc","ISLN",2010-11-15,NA,NA,NA,NA,FALSE,TRUE
"2239300020","Bucyrus International Inc","BUCY",2010-11-15,NA,NA,NA,NA,FALSE,TRUE
"2239966020","National Investment Managers Inc","NIVM",2010-11-15,NA,NA,NA,NA,FALSE,TRUE
"2239042020","Pennichuck Corp","PNNW",2010-11-12,NA,NA,NA,NA,FALSE,TRUE
"2238452020","Optelecom-NKF Inc","OPTC",2010-11-11,NA,NA,NA,NA,FALSE,TRUE
"2238560020","Arbinet Corp","ARBX",2010-11-11,NA,NA,NA,NA,FALSE,TRUE
"2238690020","Caprius Inc","CAPI",2010-11-11,NA,NA,NA,NA,FALSE,TRUE
"2237671020","Atlas Energy Inc","ATLS",2010-11-09,NA,NA,NA,NA,FALSE,TRUE
"2237912020","BakBone Software Inc","BKBO",2010-11-09,NA,NA,NA,NA,FALSE,TRUE
"2237463020","Biotel Inc","BTEL",2010-11-08,NA,NA,NA,NA,FALSE,TRUE
"2242179020","All American Group Inc","COHM",2010-11-08,NA,NA,NA,NA,FALSE,TRUE
"2236508020","Capital Bank Corp,Raleigh, North Carolina","CBKN",2010-11-04,NA,NA,NA,NA,FALSE,TRUE
"2236076020","Digital Yearbook Inc","DYBK",2010-11-03,NA,NA,NA,NA,FALSE,TRUE
"2235458020","Art Technology Group Inc","ARTG",2010-11-02,NA,NA,NA,NA,FALSE,TRUE
"2235646020","COMFORCE Corp","CFS",2010-11-02,NA,NA,NA,NA,FALSE,TRUE
"2235871020","TechTeam Global Inc","TEAM",2010-11-02,"   1650372","sec_bulk","high","Atlassian Corp",TRUE,FALSE
"2232775020","Wilmington Trust Corp, Wilmington,Delaware","WL",2010-11-01,NA,NA,NA,NA,FALSE,TRUE
"2235225020","Charter Oak Bank,Napa, California","CHOB",2010-11-01,NA,NA,NA,NA,FALSE,TRUE
"2235507020","United Western Bancorp Inc","UWBK",2010-10-29,NA,NA,NA,NA,FALSE,TRUE
"2234052020","Syniverse Technologies Inc","SVR",2010-10-28,NA,NA,NA,NA,FALSE,TRUE
"2234352020","BMP Sunstone Corp","BJGP",2010-10-28,NA,NA,NA,NA,FALSE,TRUE
"2234371020","First Mercury Financial Corp","FMR",2010-10-28,NA,NA,NA,NA,FALSE,TRUE
"2232605020","CommScope Inc","CTV",2010-10-25,NA,NA,NA,NA,FALSE,TRUE
"2232961020","Wilber Corp","GIW",2010-10-25,"   2080019","sec_bulk","high","GigCapital8 Corp.",TRUE,FALSE
"2232261020","Clarient Inc","CLRT",2010-10-22,NA,NA,NA,NA,FALSE,TRUE
"2233150020","Comstock Mining Inc","LODE",2010-10-21,"   1120970","sec_bulk","high","Comstock Inc.",TRUE,FALSE
"2242850020","C&D Technologies Inc","CHHP",2010-10-21,NA,NA,NA,NA,FALSE,TRUE
"2231653020","DecisionPoint Systems Inc","CUSA",2010-10-20,NA,NA,NA,NA,FALSE,TRUE
"2232945020","Madison National Bancorp Inc","MNBZ",2010-10-20,NA,NA,NA,NA,FALSE,TRUE
"2231010020","Cardiac Science Corp","CSCX",2010-10-19,NA,NA,NA,NA,FALSE,TRUE
"2231711020","North Coast Life Insurance Co","NCLI",2010-10-19,NA,NA,NA,NA,FALSE,TRUE
"2237392020","GTC Biotherapeutics Inc","GTCB",2010-10-19,NA,NA,NA,NA,FALSE,TRUE
"2230616020","NSTAR Inc","NST",2010-10-18,NA,NA,NA,NA,FALSE,TRUE
"2230664020","American Commercial Lines LLC","ACLI",2010-10-18,NA,NA,NA,NA,FALSE,TRUE
"2230699020","AGA Medical Holdings Inc","AGAM",2010-10-18,NA,NA,NA,NA,FALSE,TRUE
"2198340020","Hawk Corp","HWK",2010-10-15,NA,NA,NA,NA,FALSE,TRUE
"2231490020","Fort Orange Financial Corp","FOFC",2010-10-15,NA,NA,NA,NA,FALSE,TRUE
"2229659020","First Franklin Corp","FFHS",2010-10-13,NA,NA,NA,NA,FALSE,TRUE
"2351745020","Simon Worldwide Inc","SWWI",2010-10-13,NA,NA,NA,NA,FALSE,TRUE
"2228943020","King Pharmaceuticals Inc","KG",2010-10-12,"   2055116","sec_bulk","high","Kestrel Group Ltd",TRUE,FALSE
"2229088020","Rome Bancorp Inc,Rome,New York","ROME",2010-10-12,NA,NA,NA,NA,FALSE,TRUE
"2229248020","Ulticom Inc","ULCM",2010-10-12,NA,NA,NA,NA,FALSE,TRUE
"2228197020","Gymboree Corp","GYMB",2010-10-11,NA,NA,NA,NA,FALSE,TRUE
"2228824020","ActivIdentity Inc","ACTI",2010-10-11,NA,NA,NA,NA,FALSE,TRUE
"2227297020","T-3 Energy Services Inc","TTES",2010-10-06,NA,NA,NA,NA,FALSE,TRUE
"2227460020","Henry Bros Electronics Inc","HBE",2010-10-06,NA,NA,NA,NA,FALSE,TRUE
"2227482020","Monroe Bancorp,Bloomington, Indiana","MROE",2010-10-06,NA,NA,NA,NA,FALSE,TRUE
"2227560020","Center For Wound Healing Inc","CFWH",2010-10-06,NA,NA,NA,NA,FALSE,TRUE
"2227697020","Cadence Financial Corp","CADE",2010-10-06,"   1299939","sec_bulk","high","Cadence Bank",TRUE,FALSE
"2227049020","Thermadyne Holdings Corp","THMD",2010-10-05,NA,NA,NA,NA,FALSE,TRUE
"2227051020","Good Times Restaurants Inc","GTIM",2010-10-05,"    825324","sec_bulk","high","Good Times Restaurants Inc.",TRUE,FALSE
"2171620020","Polymer Group Inc","POLGA",2010-10-04,NA,NA,NA,NA,FALSE,TRUE
"2226436020","Actel Corp","ACTL",2010-10-04,NA,NA,NA,NA,FALSE,TRUE
"2226082020","ITC Deltacom Inc","ITCD",2010-10-01,NA,NA,NA,NA,FALSE,TRUE
"2226305020","Capital Gold Corp","CGC",2010-10-01,"   1737927","sec_bulk","high","Canopy Growth Corp",TRUE,FALSE
"2227904020","American International Group Inc","AIG",2010-09-30,"      5272","sec_bulk","high","AMERICAN INTERNATIONAL GROUP, INC.",TRUE,FALSE
"2225043020","Keithley Instruments Inc","KEINB",2010-09-29,NA,NA,NA,NA,FALSE,TRUE
"2225277020","Hypercom Corp","HYC",2010-09-29,NA,NA,NA,NA,FALSE,TRUE
"2224410020","National Coal Corp","NCOC",2010-09-28,NA,NA,NA,NA,FALSE,TRUE
"2223711020","Alberto-Culver Co","ACV",2010-09-27,"   1636289","sec_bulk","high","Virtus Diversified Income & Convertible Fund",TRUE,FALSE
"2223873020","AirTran Holdings Inc","AAI",2010-09-27,NA,NA,NA,NA,FALSE,TRUE
"2223924020","Chem Rx Corp","CHRX",2010-09-27,NA,NA,NA,NA,FALSE,TRUE
"2223942020","NightHawk Radiology Holdings Inc","NHWK",2010-09-27,NA,NA,NA,NA,FALSE,TRUE
"2222152020","Penn Virginia GP Holdings LP","PVG",2010-09-21,NA,NA,NA,NA,FALSE,TRUE
"2103432020","Netezza Corp","NZ",2010-09-20,NA,NA,NA,NA,FALSE,TRUE
"2212815020","L-1 Identity Solutions Inc","ID",2010-09-20,NA,NA,NA,NA,FALSE,TRUE
"2221676020","Internet Brands Inc","INET",2010-09-20,NA,NA,NA,NA,FALSE,TRUE
"2221781020","Nu Horizons Electronics Corp","NUHC",2010-09-20,NA,NA,NA,NA,FALSE,TRUE
"2221905020","Altair Nanotechnologies Inc","ALTI",2010-09-20,"   1838615","sec_bulk","high","AlTi Global, Inc.",TRUE,FALSE
"2221188020","Student Loan Corp","STU",2010-09-17,NA,NA,NA,NA,FALSE,TRUE
"2220918020","Occam Networks Inc","OCNW",2010-09-16,NA,NA,NA,NA,FALSE,TRUE
"2221049020","Cellu Tissue Holdings Inc","CLU",2010-09-16,NA,NA,NA,NA,FALSE,TRUE
"2219992020","OI Corp","OICO",2010-09-14,NA,NA,NA,NA,FALSE,TRUE
"2215210020","ArcSight Inc","ARST",2010-09-13,NA,NA,NA,NA,FALSE,TRUE
"2219814020","Otix Global Inc","OTIX",2010-09-13,NA,NA,NA,NA,FALSE,TRUE
"2219822020","Synthetech Inc","NZYM",2010-09-13,NA,NA,NA,NA,FALSE,TRUE
"2218465020","Microtune Inc","TUNE",2010-09-08,NA,NA,NA,NA,FALSE,TRUE
"2217854020","Enterprise GP Holdings LP","EPE",2010-09-07,NA,NA,NA,NA,FALSE,TRUE
"2218207020","ZymoGenetics Inc","ZGEN",2010-09-07,NA,NA,NA,NA,FALSE,TRUE
"2217054020","Andean Resources Ltd","AND",2010-09-03,NA,NA,NA,NA,FALSE,TRUE
"2216007020","Burger King Holdings Inc","BKC",2010-09-02,NA,NA,NA,NA,FALSE,TRUE
"2225641020","PostRock Energy Corp","PSTR",2010-09-02,NA,NA,NA,NA,FALSE,TRUE
"2216230020","American Physicians Service Group Inc","AMPH",2010-09-01,"   1297184","sec_bulk","high","Amphastar Pharmaceuticals, Inc.",TRUE,FALSE
"2216242020","Salary.com Inc","SLRY",2010-09-01,NA,NA,NA,NA,FALSE,TRUE
"2216437020","Maryland Bankcorp Inc","MBKP",2010-09-01,NA,NA,NA,NA,FALSE,TRUE
"2216689020","IVAX Diagnostics Inc","IVD",2010-09-01,NA,NA,NA,NA,FALSE,TRUE
"2215357020","Cogent Inc","COGT",2010-08-30,"   1622229","sec_bulk","high","Cogent Biosciences, Inc.",TRUE,FALSE
"2215403020","ADAM Inc","ADAM",2010-08-30,"   1273685","sec_bulk","high","ADAMAS TRUST, INC.",TRUE,FALSE
"2215536020","AuEx Ventures Inc","XAU",2010-08-30,NA,NA,NA,NA,FALSE,TRUE
"2205321020","Genzyme Corp","GENZ",2010-08-29,NA,NA,NA,NA,FALSE,TRUE
"2215110020","Peerless Systems Corp","PRLS",2010-08-27,NA,NA,NA,NA,FALSE,TRUE
"2214343020","California Oaks State Bank, Thousand Oaks,California","COSB",2010-08-25,NA,NA,NA,NA,FALSE,TRUE
"2213852020","Diamond Management & Technology Consultants Inc","DTPI",2010-08-24,NA,NA,NA,NA,FALSE,TRUE
"2213457020","3PAR Inc","PAR",2010-08-23,"    708821","sec_bulk","high","PAR TECHNOLOGY CORP",TRUE,FALSE
"2213413020","Pacific State Bancorp Stockton,California","PSBC",2010-08-20,NA,NA,NA,NA,FALSE,TRUE
"2212613020","McAfee Inc","MFE",2010-08-19,NA,NA,NA,NA,FALSE,TRUE
"2212623020","NewAlliance Bancshares Inc, New Haven,Connecticut","NAL",2010-08-19,NA,NA,NA,NA,FALSE,TRUE
"2212721020","Ulysses Diversified Holdings Corp","UDHC",2010-08-19,NA,NA,NA,NA,FALSE,TRUE
"2185003020","Pactiv Corp","PTV",2010-08-17,NA,NA,NA,NA,FALSE,TRUE
"2211884020","Osteotech Inc","OSTE",2010-08-17,NA,NA,NA,NA,FALSE,TRUE
"2212170020","Phoenix Technologies Ltd","PTEC",2010-08-17,NA,NA,NA,NA,FALSE,TRUE
"2219750020","Spectrum Brands Holdings Inc","SPB",2010-08-17,"    109177","sec_bulk","high","Spectrum Brands Holdings, Inc.",TRUE,FALSE
"2211521020","Prospect Medical Holdings Inc","PZZ",2010-08-16,NA,NA,NA,NA,FALSE,TRUE
"2211532020","ICx Technologies Inc","ICXT",2010-08-16,NA,NA,NA,NA,FALSE,TRUE
"2211635020","ResCare Inc","RSCR",2010-08-16,NA,NA,NA,NA,FALSE,TRUE
"2212061020","Advance Display Technologies Inc","ADTI",2010-08-16,"   1420924","sec_bulk","high","Adapti, Inc.",TRUE,FALSE
"2211131020","Unica Corp","UNCA",2010-08-13,NA,NA,NA,NA,FALSE,TRUE
"2210871020","Trubion Pharmaceuticals Inc","TRBN",2010-08-12,NA,NA,NA,NA,FALSE,TRUE
"2211082020","Allis-Chalmers Energy Inc","ALY",2010-08-12,NA,NA,NA,NA,FALSE,TRUE
"2209609020","Superior Well Services Inc","SWSI",2010-08-09,NA,NA,NA,NA,FALSE,TRUE
"2209636020","Inergy Holdings LP","NRGP",2010-08-09,NA,NA,NA,NA,FALSE,TRUE
"2209643020","Penwest Pharmaceuticals Co","PPCO",2010-08-09,NA,NA,NA,NA,FALSE,TRUE
"2210518020","Comm Bancorp Inc,Clarks Summit,Pennsylvania","CCBP",2010-08-09,NA,NA,NA,NA,FALSE,TRUE
"2209593020","Semco Instruments Inc","SEMO",2010-08-06,NA,NA,NA,NA,FALSE,TRUE
"2209446020","Helios & Matheson North America Inc","HMNA",2010-08-05,NA,NA,NA,NA,FALSE,TRUE
"2208527020","ExpressJet Holdings Inc","XJT",2010-08-04,NA,NA,NA,NA,FALSE,TRUE
"2209311020","GeoPharma Inc","GORX",2010-08-02,NA,NA,NA,NA,FALSE,TRUE
"2206347020","Health Grades Inc","HGRD",2010-07-28,NA,NA,NA,NA,FALSE,TRUE
"2206821020","China PharmaHub Corp","CPHB",2010-07-28,NA,NA,NA,NA,FALSE,TRUE
"2206057020","American Uranium Corp","AUUM",2010-07-27,NA,NA,NA,NA,FALSE,TRUE
"2206147020","American Oil & Gas Inc","AEZ",2010-07-27,NA,NA,NA,NA,FALSE,TRUE
"2204522020","AmeriCredit Corp","ACF",2010-07-22,NA,NA,NA,NA,FALSE,TRUE
"2203117020","ATC Technology Corp","ATAC",2010-07-19,NA,NA,NA,NA,FALSE,TRUE
"2203326020","Cypress Bioscience Inc","CYPB",2010-07-19,NA,NA,NA,NA,FALSE,TRUE
"2203578020","Corgenix Medical Corp","CONX",2010-07-19,NA,NA,NA,NA,FALSE,TRUE
"2285062020","Jennifer Convertibles Inc","JENN",2010-07-18,NA,NA,NA,NA,FALSE,TRUE
"2202209020","NBTY Inc","NTY",2010-07-15,NA,NA,NA,NA,FALSE,TRUE
"2202217020","NYMAGIC Inc","NYM",2010-07-15,NA,NA,NA,NA,FALSE,TRUE
"2202299020","LSB Corp,North Andover, Massachusetts","LSBX",2010-07-15,NA,NA,NA,NA,FALSE,TRUE
"2202308020","Smithtown Bancorp Inc, Hauppauge,New York","SMTB",2010-07-15,NA,NA,NA,NA,FALSE,TRUE
"2202387020","Mammatech Corp","MAMM",2010-07-14,NA,NA,NA,NA,FALSE,TRUE
"2202942020","First Commerce Bancorp Inc","FCCC",2010-07-14,NA,NA,NA,NA,FALSE,TRUE
"2201491020","ADC Telecommunications Inc","ADCT",2010-07-13,"   1771910","sec_bulk","high","ADC Therapeutics SA",TRUE,FALSE
"2051623020","Playboy Enterprises Inc","PLAA",2010-07-12,NA,NA,NA,NA,FALSE,TRUE
"2201063020","Hewitt Associates LLC","HEW",2010-07-12,NA,NA,NA,NA,FALSE,TRUE
"2201069020","Micrus Endovascular Corp","MEND",2010-07-12,NA,NA,NA,NA,FALSE,TRUE
"2200230020","American Physicians Capital Inc","ACAP",2010-07-08,NA,NA,NA,NA,FALSE,TRUE
"2200254020","Telanetix Inc","TNXI",2010-07-08,NA,NA,NA,NA,FALSE,TRUE
"2229562020","American HomePatient Inc","AHOM",2010-07-07,NA,NA,NA,NA,FALSE,TRUE
"2199380020","Medical Staffing Network Holdings Inc","MSNW",2010-07-06,NA,NA,NA,NA,FALSE,TRUE
"2198643020","Remote Dynamics Inc","RMTD",2010-07-01,NA,NA,NA,NA,FALSE,TRUE
"2145536020","Argon ST Inc","STST",2010-06-30,NA,NA,NA,NA,FALSE,TRUE
"2173615020","Abraxis BioScience Inc","ABBI",2010-06-30,NA,NA,NA,NA,FALSE,TRUE
"2197264020","TIB Financial Corp","TIBB",2010-06-29,NA,NA,NA,NA,FALSE,TRUE
"2197265020","Wainwright Bank & Trust Co","WAIN",2010-06-29,NA,NA,NA,NA,FALSE,TRUE
"2197956020","BCO Hydrocarbon Ltd","BCOZ",2010-06-25,NA,NA,NA,NA,FALSE,TRUE
"2195669020","Alloy Inc","ALOY",2010-06-24,NA,NA,NA,NA,FALSE,TRUE
"2196329020","WorldSpace Inc","WRSPQ",2010-06-24,NA,NA,NA,NA,FALSE,TRUE
"2194713020","Proginet Corp",NA,2010-06-22,NA,NA,NA,NA,FALSE,TRUE
"2194164020","American Italian Pasta Co","AIPC",2010-06-21,NA,NA,NA,NA,FALSE,TRUE
"2194769020","EXX Inc","EXEXA",2010-06-21,NA,NA,NA,NA,FALSE,TRUE
"2194149020","Valeant Pharmaceuticals International Inc","VRX",2010-06-21,NA,NA,NA,NA,FALSE,TRUE
"2192965020","Somanetics Corp","SMTS",2010-06-16,NA,NA,NA,NA,FALSE,TRUE
"2192130020","Intelligroup Inc","ITIG",2010-06-14,NA,NA,NA,NA,FALSE,TRUE
"2191624020","Buckeye GP Holdings LP","BGH",2010-06-11,"   1521404","sec_bulk","high","BARINGS GLOBAL SHORT DURATION HIGH YIELD FUND",TRUE,FALSE
"2191670020","Medical Nutrition USA Inc","MDNU",2010-06-11,NA,NA,NA,NA,FALSE,TRUE
"2191343020","Virage Logic Corp","VIRL",2010-06-10,NA,NA,NA,NA,FALSE,TRUE
"2191931020","Life Quotes Inc","QUOT",2010-06-10,NA,NA,NA,NA,FALSE,TRUE
"2192751020","PMA Capital Corp","PMACA",2010-06-10,NA,NA,NA,NA,FALSE,TRUE
"2190866020","Eclipsys Corp","ECLP",2010-06-09,NA,NA,NA,NA,FALSE,TRUE
"2191890020","Rewards Network Inc","DINE",2010-06-09,NA,NA,NA,NA,FALSE,TRUE
"2189669020","Talecris Biotherapeutics Holdings Corp","TLCR",2010-06-07,NA,NA,NA,NA,FALSE,TRUE
"2189621020","OMNI Energy Services Corp","OMNI",2010-06-04,"   2013873","sec_bulk","high","OmnigenicsAI Corp",TRUE,FALSE
"2189166020","SonicWALL Inc","SNWL",2010-06-03,NA,NA,NA,NA,FALSE,TRUE
"2188803020","DivX Inc","DIVX",2010-06-02,NA,NA,NA,NA,FALSE,TRUE
"2188849020","Pet DRx Corp","VETS",2010-06-02,NA,NA,NA,NA,FALSE,TRUE
"2188311020","ev3 Inc","EVVV",2010-06-01,NA,NA,NA,NA,FALSE,TRUE
"2188321020","Mediacom Communications Corp","MCCC",2010-06-01,NA,NA,NA,NA,FALSE,TRUE
"2186813020","Central Jersey Bancorp, Oakhurst,New Jersey","CJBK",2010-05-26,NA,NA,NA,NA,FALSE,TRUE
"2187691020","American Telstar Inc","AMNN",2010-05-26,NA,NA,NA,NA,FALSE,TRUE
"2186113020","Odyssey HealthCare Inc","ODSY",2010-05-24,NA,NA,NA,NA,FALSE,TRUE
"2187061020","Sabra Health Care REIT Inc","SBRA",2010-05-24,"   1492298","sec_bulk","high","Sabra Health Care REIT, Inc.",TRUE,FALSE
"2296591020","eLandia International Inc","ELAN.O",2010-05-24,NA,NA,NA,NA,FALSE,TRUE
"2173071020","Double-Take Software Inc","DBTK",2010-05-17,NA,NA,NA,NA,FALSE,TRUE
"2175054020","Psychiatric Solutions Inc","PSYS",2010-05-17,NA,NA,NA,NA,FALSE,TRUE
"2183939020","GLG Partners Inc","GLG",2010-05-17,NA,NA,NA,NA,FALSE,TRUE
"2184051020","The South Financial Group Inc","TSFG",2010-05-17,NA,NA,NA,NA,FALSE,TRUE
"2184068020","Virtual Radiologic Corp","VRAD",2010-05-17,NA,NA,NA,NA,FALSE,TRUE
"2184111020","EF Johnson Technologies Inc","EFJI",2010-05-17,NA,NA,NA,NA,FALSE,TRUE
"2183773020","Catalytic Solutions Inc","CTS",2010-05-14,"     26058","sec_bulk","high","CTS CORP",TRUE,FALSE
"2184091020","MiddleBrook Pharmaceuticals Inc","MBRK",2010-05-14,NA,NA,NA,NA,FALSE,TRUE
"2184100020","Northstar Healthcare Inc","NHC",2010-05-14,"   1047335","sec_bulk","high","NATIONAL HEALTHCARE CORP",TRUE,FALSE
"2183255020","Biosphere Medical Inc","BSMD",2010-05-13,NA,NA,NA,NA,FALSE,TRUE
"2182859020","Sybase Inc","SY",2010-05-12,"   1758530","sec_bulk","high","So-Young International Inc.",TRUE,FALSE
"2183099020","Brazauro Resources Corp","BZO",2010-05-12,NA,NA,NA,NA,FALSE,TRUE
"2182009020","Rubio's Restaurant Inc","RUBO",2010-05-10,NA,NA,NA,NA,FALSE,TRUE
"2182035020","Rock of Ages Corp","ROAC",2010-05-10,NA,NA,NA,NA,FALSE,TRUE
"2182184020","Atlantic Bancgroup Inc","ATBC",2010-05-10,NA,NA,NA,NA,FALSE,TRUE
"2181665020","Stanley Inc","SXE",2010-05-07,NA,NA,NA,NA,FALSE,TRUE
"2185066020","TMTM Merger Co","TMGR",2010-05-07,NA,NA,NA,NA,FALSE,TRUE
"2169154020","inVentiv Health Inc","VTIV",2010-05-06,NA,NA,NA,NA,FALSE,TRUE
"2180886020","SenoRx Inc","SENO",2010-05-05,NA,NA,NA,NA,FALSE,TRUE
"2180990020","Healthtronics Inc","HTRN",2010-05-05,NA,NA,NA,NA,FALSE,TRUE
"2181273020","Airborne Security & Protective Services Inc","ABPR",2010-05-05,NA,NA,NA,NA,FALSE,TRUE
"2160068020","Interactive Data Corp","IDC",2010-05-04,NA,NA,NA,NA,FALSE,TRUE
"2180558020","Bella Viaggio Inc","BVIG",2010-05-04,NA,NA,NA,NA,FALSE,TRUE
"2177733020","Continental Airlines Inc","CAL",2010-05-03,"     14707","sec_bulk","high","CALERES INC",TRUE,FALSE
"2180039020","Dynasty Energy Resources Inc","DYER",2010-04-30,NA,NA,NA,NA,FALSE,TRUE
"2180948020","Northsight Capital INC","NCAP",2010-04-30,NA,NA,NA,NA,FALSE,TRUE
"2196416020","CX2 Technologies Inc","CXTO",2010-04-30,NA,NA,NA,NA,FALSE,TRUE
"2179073020","ATS Medical Inc","ATSI",2010-04-29,NA,NA,NA,NA,FALSE,TRUE
"2179093020","Pacific Capital Bancorp,Santa Barbara,California","PCBC",2010-04-29,NA,NA,NA,NA,FALSE,TRUE
"2172756020","Palm Inc","PALM",2010-04-28,NA,NA,NA,NA,FALSE,TRUE
"2178308020","Bank of Virginia,Midlothian, Virginia","BOVA",2010-04-27,NA,NA,NA,NA,FALSE,TRUE
"2175862020","Protection One Inc","PONE",2010-04-26,NA,NA,NA,NA,FALSE,TRUE
"2177521020","Thomas Weisel Partners Group Inc","TWPG",2010-04-26,NA,NA,NA,NA,FALSE,TRUE
"2177358020","Silver Pearl Enterprises Inc","SVPE",2010-04-23,NA,NA,NA,NA,FALSE,TRUE
"2154221020","Qwest Communications International Inc","Q",2010-04-22,"   2058873","sec_bulk","high","Qnity Electronics, Inc.",TRUE,FALSE
"2176771020","Hillman Cos Inc","HLM.PR",2010-04-22,NA,NA,NA,NA,FALSE,TRUE
"2177276020","Sterling Mining Co","SRLMQ",2010-04-22,NA,NA,NA,NA,FALSE,TRUE
"2176130020","CyberSource Corp","CYBS",2010-04-21,NA,NA,NA,NA,FALSE,TRUE
"2175786020","Union National Financial Corp","UNNF",2010-04-20,NA,NA,NA,NA,FALSE,TRUE
"2175322020","Cornell Cos Inc","CRN",2010-04-19,NA,NA,NA,NA,FALSE,TRUE
"2177116020","Data Storage Consulting Services Inc","DTAS",2010-04-19,NA,NA,NA,NA,FALSE,TRUE
"2174882020","Phase Forward Inc","PFWD",2010-04-16,NA,NA,NA,NA,FALSE,TRUE
"2175571020","City Bank,Lynnwood,Washington","CTBK",2010-04-16,NA,NA,NA,NA,FALSE,TRUE
"2176202020","Extreme Home Staging Inc","EXSG",2010-04-16,NA,NA,NA,NA,FALSE,TRUE
"2521181020","School4Chauffeurs Inc","SFCF",2010-04-16,NA,NA,NA,NA,FALSE,TRUE
"2174278020","Mariner Energy Inc","ME",2010-04-15,NA,NA,NA,NA,FALSE,TRUE
"2174502020","Gold Summit Corp","GSM",2010-04-15,"   1639877","sec_bulk","high","Ferroglobe PLC",TRUE,FALSE
"2173947020","Dialysis Corp of America","DCAI",2010-04-14,NA,NA,NA,NA,FALSE,TRUE
"2172957020","DynCorp International LLC","DCP",2010-04-12,NA,NA,NA,NA,FALSE,TRUE
"2173096020","Javelin Pharmaceuticals Inc","JAV",2010-04-12,NA,NA,NA,NA,FALSE,TRUE
"2172898020","Mirant Corp","MIR",2010-04-11,"   1809987","sec_bulk","high","Mirion Technologies, Inc.",TRUE,FALSE
"2172926020","Boots & Coots Inc","WEL",2010-04-10,NA,NA,NA,NA,FALSE,TRUE
"2174506020","Kensington Leasing Ltd","KNSL",2010-04-09,"   1669162","sec_bulk","high","Kinsale Capital Group, Inc.",TRUE,FALSE
"2172494020","National Energy Services Co Inc","NEGS",2010-04-08,NA,NA,NA,NA,FALSE,TRUE
"2173005020","Bonfire Productions Inc","BNFR",2010-04-08,NA,NA,NA,NA,FALSE,TRUE
"2172033020","CKE Restaurants Inc","CKR",2010-04-07,NA,NA,NA,NA,FALSE,TRUE
"2170916020","National Dentex Corp","NADX",2010-04-05,NA,NA,NA,NA,FALSE,TRUE
"2170944020","Symyx Technologies Inc","SMMX",2010-04-05,NA,NA,NA,NA,FALSE,TRUE
"2170848020","Arena Resources Inc","ARD",2010-04-04,NA,NA,NA,NA,FALSE,TRUE
"2170803020","North American Galvanizing & Coatings Inc","NGA",2010-04-01,NA,NA,NA,NA,FALSE,TRUE
"2171069020","Northeast Bancorp","NBN",2010-03-31,NA,NA,NA,NA,FALSE,TRUE
"2171887020","Ravenwood Bourne Ltd","RVNW",2010-03-31,NA,NA,NA,NA,FALSE,TRUE
"2174653020","Kensington Leasing Ltd","KNSL",2010-03-31,"   1669162","sec_bulk","high","Kinsale Capital Group, Inc.",TRUE,FALSE
"2169669020","Infrared Systems International","IFRS",2010-03-30,NA,NA,NA,NA,FALSE,TRUE
"2169670020","White Electronic Designs Corp","WEDC",2010-03-30,NA,NA,NA,NA,FALSE,TRUE
"2169141020","Bway Holding Co","BWY",2010-03-29,NA,NA,NA,NA,FALSE,TRUE
"2169153020","Bell Microproducts Inc","BELM",2010-03-29,NA,NA,NA,NA,FALSE,TRUE
"2168469020","Plato Learning Inc","TUTR",2010-03-26,NA,NA,NA,NA,FALSE,TRUE
"2170835020","Willing Holding Inc","WHDX",2010-03-23,NA,NA,NA,NA,FALSE,TRUE
"2166589020","Techwell Inc","TWLL",2010-03-22,NA,NA,NA,NA,FALSE,TRUE
"2166477020","Global Holdings Inc","GOHG",2010-03-19,NA,NA,NA,NA,FALSE,TRUE
"2165867020","Sterling Banks Inc","STBK",2010-03-18,NA,NA,NA,NA,FALSE,TRUE
"2166735020","Cienega Creek Holdings Inc","CCKH",2010-03-18,NA,NA,NA,NA,FALSE,TRUE
"2169675020","Diamond Information Institute Inc","DIII",2010-03-18,NA,NA,NA,NA,FALSE,TRUE
"2167234020","Paxton Energy Inc","PXTE",2010-03-17,NA,NA,NA,NA,FALSE,TRUE
"2164920020","Care Investment Trust Inc","CRE",2010-03-16,"   2003977","sec_bulk","high","Cre8 Enterprise Ltd",TRUE,FALSE
"2164291020","Sport Supply Group Inc","RBI",2010-03-15,NA,NA,NA,NA,FALSE,TRUE
"2164370020","Chordiant Software Inc","CHRD",2010-03-15,"   1486159","sec_bulk","high","Chord Energy Corp",TRUE,FALSE
"2163880020","Maine & Maritimes Corp","MAM",2010-03-12,NA,NA,NA,NA,FALSE,TRUE
"2162802020","Facet Biotech Corp","FACT",2010-03-10,"   2028935","sec_bulk","high","FACT II Acquisition Corp.",TRUE,FALSE
"2164470020","El Maniel International Inc","EMLL",2010-03-10,NA,NA,NA,NA,FALSE,TRUE
"2162144020","infoGroup Inc","IUSA",2010-03-08,NA,NA,NA,NA,FALSE,TRUE
"2170408020","General Growth Properties Inc","GGP",2010-03-08,NA,NA,NA,NA,FALSE,TRUE
"2159465020","Liberty Acquisition Holdings Corp","LIA",2010-03-05,NA,NA,NA,NA,FALSE,TRUE
"2161777020","RCN Corp","RCNI",2010-03-05,NA,NA,NA,NA,FALSE,TRUE
"2160958020","SouthWest Water Co","SWWC",2010-03-03,NA,NA,NA,NA,FALSE,TRUE
"2160508020","Aventine Renewable Energy Holdings Inc","AVR",2010-03-02,"   2011514","sec_bulk","high","Anteris Technologies Global Corp.",TRUE,FALSE
"2160892020","Xerium Technologies Inc","XRM",2010-03-02,NA,NA,NA,NA,FALSE,TRUE
"2149366020","RiskMetrics Group Inc","RISK",2010-03-01,NA,NA,NA,NA,FALSE,TRUE
"2159938020","OSI Pharmaceuticals Inc","OSIP",2010-03-01,NA,NA,NA,NA,FALSE,TRUE
"2159964020","Wilon Resources Inc","WLON",2010-03-01,NA,NA,NA,NA,FALSE,TRUE
"2160198020","Regent Communications Inc","RGCI",2010-03-01,NA,NA,NA,NA,FALSE,TRUE
"2160458020","Crown Media Holdings Inc","CRWN",2010-03-01,NA,NA,NA,NA,FALSE,TRUE
"2158128020","Millipore Corp","MIL",2010-02-28,NA,NA,NA,NA,FALSE,TRUE
"2163182020","Zebra Resources Inc","ZBRR",2010-02-26,NA,NA,NA,NA,FALSE,TRUE
"2161578020","XtraSafe Inc","XSAF",2010-02-25,NA,NA,NA,NA,FALSE,TRUE
"2158670020","Pinnacle Gas Resources Inc","PINN",2010-02-24,NA,NA,NA,NA,FALSE,TRUE
"2158863020","Crystal River Capital Inc","CYRV",2010-02-24,NA,NA,NA,NA,FALSE,TRUE
"2158432020","Bowne & Co Inc","BNE",2010-02-23,NA,NA,NA,NA,FALSE,TRUE
"2157920020","AMICAS Inc","AMCS",2010-02-22,NA,NA,NA,NA,FALSE,TRUE
"2157465020","Smith International Inc","SII",2010-02-21,"   1512920","sec_bulk","high","SPROTT INC.",TRUE,FALSE
"2157140020","Zenith National Insurance Corp","ZNT",2010-02-18,NA,NA,NA,NA,FALSE,TRUE
"2157415020","PECO II Inc","PIII",2010-02-18,"   1832511","sec_bulk","high","P3 Health Partners Inc.",TRUE,FALSE
"2156762020","Portec Rail Products Inc","PRPX",2010-02-17,NA,NA,NA,NA,FALSE,TRUE
"2156788020","United America Indemnity Ltd","UNGL",2010-02-16,NA,NA,NA,NA,FALSE,TRUE
"2155743020","DOV Pharmaceutical Inc","DOVP",2010-02-12,NA,NA,NA,NA,FALSE,TRUE
"2155974020","Diversified Opportunities Inc","DVOP",2010-02-12,NA,NA,NA,NA,FALSE,TRUE
"2157278020","Golf Alliance Corp","GOFA",2010-02-12,NA,NA,NA,NA,FALSE,TRUE
"2155036020","Universal Delivery Solutions Inc","UDSG",2010-02-11,NA,NA,NA,NA,FALSE,TRUE
"2155247020","Allegheny Energy Inc","AYE",2010-02-11,NA,NA,NA,NA,FALSE,TRUE
"2127989020","Champion Enterprises Inc","CHB",2010-02-10,NA,NA,NA,NA,FALSE,TRUE
"2170080020","Sierra Resource Group Inc","SIRG",2010-02-05,NA,NA,NA,NA,FALSE,TRUE
"2152747020","Home Diagnostics Inc","HDIX",2010-02-03,NA,NA,NA,NA,FALSE,TRUE
"2152760020","Silicon Storage Technology Inc","SSTI",2010-02-03,"   1351636","sec_bulk","high","SOUNDTHINKING, INC.",TRUE,FALSE
"2152868020","Hycor Biomedical Inc","HYBD",2010-02-03,NA,NA,NA,NA,FALSE,TRUE
"2153032020","BTX Holdings Inc","BTXN",2010-02-03,NA,NA,NA,NA,FALSE,TRUE
"2152401020","COMSYS IT Partners Inc","CITP",2010-02-02,NA,NA,NA,NA,FALSE,TRUE
"2077605020","RH Donnelley Corp","RHD",2010-02-01,NA,NA,NA,NA,FALSE,TRUE
"2152074020","Global Med Technologies Inc","GLOB",2010-02-01,"   1557860","sec_bulk","high","Globant S.A.",TRUE,FALSE
"2222412020","RH Donnelley Corp","RHD",2010-02-01,NA,NA,NA,NA,FALSE,TRUE
"2151791020","Recycle Tech Inc","RCYT",2010-01-27,NA,NA,NA,NA,FALSE,TRUE
"2150322020","Teen Glow Makeup Inc","TGMP",2010-01-25,NA,NA,NA,NA,FALSE,TRUE
"2152891020","Nova Energy Inc","NVAE",2010-01-25,NA,NA,NA,NA,FALSE,TRUE
"2149145020","Lodgian Inc","LGN",2010-01-22,"   2052568","sec_bulk","high","Legence Corp.",TRUE,FALSE
"2148850020","Health Fitness Corp","FIT-A",2010-01-21,NA,NA,NA,NA,FALSE,TRUE
"2149678020","Smart Holdings Inc","SMHS",2010-01-21,NA,NA,NA,NA,FALSE,TRUE
"2148608020","Gryphon Gold Corp","GGN",2010-01-20,"   1313510","sec_bulk","high","GAMCO Global Gold, Natural Resources & Income Trust",TRUE,FALSE
"2147849020","Williams Pipeline Partners LP","WMZ",2010-01-19,NA,NA,NA,NA,FALSE,TRUE
"2147628020","Brink's Home Security Holdings Inc","CFL",2010-01-18,NA,NA,NA,NA,FALSE,TRUE
"2161977020","Fashion Net Inc","FNNI",2010-01-15,NA,NA,NA,NA,FALSE,TRUE
"2146719020","Protective Products of America Inc","PPA",2010-01-14,NA,NA,NA,NA,FALSE,TRUE
"2146739020","Synergx Systems Inc","SYNX",2010-01-14,"   1976443","sec_bulk","high","Silynxcom Ltd.",TRUE,FALSE
"2146905020","Bare Escentuals Inc","BARE",2010-01-14,NA,NA,NA,NA,FALSE,TRUE
"2148472020","Highland Ridge Inc","HGHN",2010-01-13,NA,NA,NA,NA,FALSE,TRUE
"2148096020","Bellmore Corp","BLMR",2010-01-12,NA,NA,NA,NA,FALSE,TRUE
"2145252020","K-Tron International Inc","KTII",2010-01-11,NA,NA,NA,NA,FALSE,TRUE
"2145439020","Zareba Systems Inc","ZRBA",2010-01-11,NA,NA,NA,NA,FALSE,TRUE
"2145113020","Custom Q Inc","CTMQ",2010-01-08,NA,NA,NA,NA,FALSE,TRUE
"2144606020","Halifax Corp","HALX",2010-01-07,NA,NA,NA,NA,FALSE,TRUE
"2145028020","East Coast Diversified Corp","ECDC",2010-01-07,NA,NA,NA,NA,FALSE,TRUE
"2145076020","Oak Financial Corp,Byron Center,Michigan","OKFC",2010-01-07,NA,NA,NA,NA,FALSE,TRUE
"2145973020","ComCam Inc","CMCA",2010-01-06,NA,NA,NA,NA,FALSE,TRUE
"2145579020","Smart Holdings Inc","SMHS",2010-01-05,NA,NA,NA,NA,FALSE,TRUE
"2143345020","BioForm Medical Inc","BFRM",2010-01-04,NA,NA,NA,NA,FALSE,TRUE
"2142795020","ClearOne Health Plans Inc","CCHN",2009-12-30,NA,NA,NA,NA,FALSE,TRUE
"2142813020","American Railcar Industries Inc","ARII",2009-12-30,NA,NA,NA,NA,FALSE,TRUE
"2142826020","Quixote Corp","QUIX",2009-12-30,NA,NA,NA,NA,FALSE,TRUE
"2142841020","United Fuel & Energy Corp","UFEN",2009-12-30,NA,NA,NA,NA,FALSE,TRUE
"2146168020","Viskase Cos Inc","VKSCW",2009-12-30,NA,NA,NA,NA,FALSE,TRUE
"2142661020","Pangea Networks Inc","PGEA",2009-12-29,NA,NA,NA,NA,FALSE,TRUE
"2141793020","First Chester County Corp,West Chester,Pennsylvania","FCEC",2009-12-28,NA,NA,NA,NA,FALSE,TRUE
"2142627020","Wasatch Food Services Inc",NA,2009-12-28,NA,NA,NA,NA,FALSE,TRUE
"2141091020","Merrimac Industries Inc","MRM",2009-12-23,"   1819704","sec_bulk","high","Medirom Healthcare Technologies Inc.",TRUE,FALSE
"2141200020","Meridian Resource Corp","TMR",2009-12-23,NA,NA,NA,NA,FALSE,TRUE
"2141500020","Special Opportunities Fund Inc","PIF",2009-12-23,NA,NA,NA,NA,FALSE,TRUE
"2140882020","Visteon Corp","VSTOV",2009-12-22,NA,NA,NA,NA,FALSE,TRUE
"2125750020","Teton Energy Corp","TEC",2009-12-21,NA,NA,NA,NA,FALSE,TRUE
"2139800020","Chattem Inc","CHTT",2009-12-21,NA,NA,NA,NA,FALSE,TRUE
"2146474020","Image Entertainment Inc","DISK",2009-12-21,NA,NA,NA,NA,FALSE,TRUE
"2136999020","Citadel Broadcasting Corp","CDL",2009-12-20,NA,NA,NA,NA,FALSE,TRUE
"2223158020","Citadel Broadcasting Corp","CDL",2009-12-20,NA,NA,NA,NA,FALSE,TRUE
"2139391020","International Royalty Corp","IRC",2009-12-18,NA,NA,NA,NA,FALSE,TRUE
"2139437020","Airvana Inc","AIRV",2009-12-18,NA,NA,NA,NA,FALSE,TRUE
"2139702020","National Quality Care Inc","NQCI",2009-12-18,NA,NA,NA,NA,FALSE,TRUE
"2140008020","Trudy Corp","TRDY",2009-12-18,NA,NA,NA,NA,FALSE,TRUE
"2140448020","Apextalk Holdings Inc","APXG",2009-12-18,NA,NA,NA,NA,FALSE,TRUE
"2156380020","Xcorporeal Inc","XCRP",2009-12-18,NA,NA,NA,NA,FALSE,TRUE
"2140433020","Dragon's Lair Holdings Inc","DRGA",2009-12-17,NA,NA,NA,NA,FALSE,TRUE
"2138335020","FGX International Holdings Ltd","FGXI",2009-12-16,NA,NA,NA,NA,FALSE,TRUE
"2138629020","CoConnect Inc","CCON",2009-12-16,NA,NA,NA,NA,FALSE,TRUE
"2114410020","Edge Petroleum Corp","EPEX",2009-12-15,NA,NA,NA,NA,FALSE,TRUE
"2137370020","XTO Energy Inc","XTO",2009-12-14,NA,NA,NA,NA,FALSE,TRUE
"2137456020","Highbury Financial Inc","HBRF",2009-12-14,NA,NA,NA,NA,FALSE,TRUE
"2137467020","California Micro Devices Corp","CAMD",2009-12-14,NA,NA,NA,NA,FALSE,TRUE
"2200136020","Sierra Ventures Inc","SRVS",2009-12-11,NA,NA,NA,NA,FALSE,TRUE
"2136941020","Platinum Energy Resources Inc","PGRI",2009-12-10,NA,NA,NA,NA,FALSE,TRUE
"2137031020","Minatura Gold","MGOL",2009-12-10,NA,NA,NA,NA,FALSE,TRUE
"2138976020","Arrin Corp","ARRI",2009-12-10,NA,NA,NA,NA,FALSE,TRUE
"2135431020","QuadraMed Corp","QDHC",2009-12-08,NA,NA,NA,NA,FALSE,TRUE
"2135540020","BPW Acquisition Corp","BPW",2009-12-08,NA,NA,NA,NA,FALSE,TRUE
"2134950020","The Babcock & Wilcox Co","WBC",2009-12-07,NA,NA,NA,NA,FALSE,TRUE
"2140035020","Pacific Software Inc","PFSF",2009-12-03,"0001400732","browse_edgar","high","PACIFIC SOFTWARE, INC.",TRUE,FALSE
"2133941020","ICO Inc","ICOC",2009-12-02,NA,NA,NA,NA,FALSE,TRUE
"2223154020","Smurfit-Stone Container Corp","SSCC",2009-12-01,NA,NA,NA,NA,FALSE,TRUE
"2132462020","Trump Entertainment Resorts Inc","TRMP",2009-11-28,NA,NA,NA,NA,FALSE,TRUE
"2223605020","Trump Entertainment Resorts Inc","TRMP",2009-11-28,NA,NA,NA,NA,FALSE,TRUE
"2130845020","Iowa Telecommunications Services Inc","IWA",2009-11-24,NA,NA,NA,NA,FALSE,TRUE
"2131333020","Las Vegas Railway Express Inc","URAL",2009-11-24,NA,NA,NA,NA,FALSE,TRUE
"2130427020","Financial Federal Corp","FIF",2009-11-23,NA,NA,NA,NA,FALSE,TRUE
"2130447020","Diedrich Coffee Inc","DDRX",2009-11-23,NA,NA,NA,NA,FALSE,TRUE
"2130545020","Pacific Asia Petroleum Inc","PAP",2009-11-23,NA,NA,NA,NA,FALSE,TRUE
"2131020020","Camelot Corp","CAML",2009-11-20,NA,NA,NA,NA,FALSE,TRUE
"2147236020","GuestMetrics Inc","GESM",2009-11-19,NA,NA,NA,NA,FALSE,TRUE
"2128542020","Semitool Inc","SMTL",2009-11-17,NA,NA,NA,NA,FALSE,TRUE
"2129297020","Philadelphia Fund Inc","PHILX",2009-11-17,"0000078105","browse_edgar","high","PHILADELPHIA FUND INC",TRUE,FALSE
"2128056020","Ohio Legacy Corp","OLCB",2009-11-16,NA,NA,NA,NA,FALSE,TRUE
"2126747020","3Com Corp","COMS",2009-11-11,"0001178727","browse_edgar","high","COMSovereign Holding Corp.",TRUE,FALSE
"2126812020","Youbet.com Inc","UBET",2009-11-11,NA,NA,NA,NA,FALSE,TRUE
"2126352020","Healthsport Inc","HSPO",2009-11-10,NA,NA,NA,NA,FALSE,TRUE
"2140308020","Lear Corp","LEA",2009-11-09,"    842162","sec_bulk","high","LEAR CORP",TRUE,FALSE
"2223273020","Lear Corp","LEA",2009-11-09,"    842162","sec_bulk","high","LEAR CORP",TRUE,FALSE
"2119307020","IMS Health Inc","RX",2009-11-05,NA,NA,NA,NA,FALSE,TRUE
"2124946020","i2 Technologies Inc","ITWO",2009-11-05,NA,NA,NA,NA,FALSE,TRUE
"2126353020","SMSA El Paso II Acquisition Corp","SMSA",2009-11-05,NA,NA,NA,NA,FALSE,TRUE
"2124540020","VCG Holding Corp","VCGH",2009-11-04,NA,NA,NA,NA,FALSE,TRUE
"2124025020","Burlington Northern Santa Fe LLC","BNI",2009-11-03,NA,NA,NA,NA,FALSE,TRUE
"2124480020","First Keystone Financial Inc, Media,Pennsylvania","FKFS",2009-11-03,NA,NA,NA,NA,FALSE,TRUE
"2123808020","The Black & Decker Corp","BDK",2009-11-02,NA,NA,NA,NA,FALSE,TRUE
"2126852020","YRC Worldwide Inc(NOW 985510)","YRCW",2009-11-02,NA,NA,NA,NA,FALSE,TRUE
"2123646020","Encore Acquisition Co","EAC",2009-11-01,NA,NA,NA,NA,FALSE,TRUE
"2108401020","Barzel Industries Inc","TPUT",2009-10-30,NA,NA,NA,NA,FALSE,TRUE
"2124301020","Tres Estrellas Enterprises Inc","TLLA",2009-10-30,NA,NA,NA,NA,FALSE,TRUE
"2128045020","Assure Data Inc","ASDI",2009-10-30,NA,NA,NA,NA,FALSE,TRUE
"2122966020","iDcentrix Inc","IDCX",2009-10-28,NA,NA,NA,NA,FALSE,TRUE
"2123799020","Fenario Inc","FENO",2009-10-28,NA,NA,NA,NA,FALSE,TRUE
"2121877020","Metabasis Therapeutics Inc","MBRX",2009-10-27,"   1659617","sec_bulk","high","Moleculin Biotech, Inc.",TRUE,FALSE
"2121905020","Kana Software Inc","KANA",2009-10-27,NA,NA,NA,NA,FALSE,TRUE
"2142784020","Coachmen Industries Inc","COHM",2009-10-27,NA,NA,NA,NA,FALSE,TRUE
"2121406020","First Litchfield Financial Corp,Litchfield,Connecticut","FLFL",2009-10-26,NA,NA,NA,NA,FALSE,TRUE
"2121441020","FairPoint Communications Inc","FRP",2009-10-26,NA,NA,NA,NA,FALSE,TRUE
"2121467020","Allied Capital Corp","ALD",2009-10-26,"   2067715","sec_bulk","high","Altech Digital Co., Ltd.",TRUE,FALSE
"2221819020","FairPoint Communications Inc","FRP",2009-10-26,NA,NA,NA,NA,FALSE,TRUE
"2120598020","GVI Security Solutions Inc","GVSS",2009-10-22,NA,NA,NA,NA,FALSE,TRUE
"2120633020","ProElite Inc","PELE",2009-10-22,NA,NA,NA,NA,FALSE,TRUE
"2120969020","Mobile Presence Technologies Inc","MBPI",2009-10-22,NA,NA,NA,NA,FALSE,TRUE
"2120293020","Switch & Data Facilities Co Inc","SDXC",2009-10-21,NA,NA,NA,NA,FALSE,TRUE
"2119498020","MPS Group Inc","MPS",2009-10-20,NA,NA,NA,NA,FALSE,TRUE
"2119155020","iPCS Inc","IPCS",2009-10-19,NA,NA,NA,NA,FALSE,TRUE
"2120461020","Diamond Information Institute Inc","DIII",2009-10-19,NA,NA,NA,NA,FALSE,TRUE
"2200193020","Cape Cod Aquaculture Corp","CAOQ",2009-10-19,NA,NA,NA,NA,FALSE,TRUE
"2119081020","Allion Healthcare Inc","ALLI",2009-10-18,NA,NA,NA,NA,FALSE,TRUE
"2119183020","San Joaquin Bancorp, Bakersfield,California","SJQU",2009-10-16,NA,NA,NA,NA,FALSE,TRUE
"2118413020","Digital Lightwave Inc","DIGL",2009-10-15,NA,NA,NA,NA,FALSE,TRUE
"2120279020","Blue Gem Enterprise","BGEM",2009-10-15,NA,NA,NA,NA,FALSE,TRUE
"2119327020","Cinnabar Ventures Inc","CNBR",2009-10-14,NA,NA,NA,NA,FALSE,TRUE
"2117364020","Starent Networks Corp","STAR",2009-10-13,NA,NA,NA,NA,FALSE,TRUE
"2117484020","Dionics Inc","DION",2009-10-13,NA,NA,NA,NA,FALSE,TRUE
"2117522020","Patriot National Bancorp Inc","PNBK",2009-10-13,"   1098146","sec_bulk","high","PATRIOT NATIONAL BANCORP INC",TRUE,FALSE
"2116673020","I-Flow Corp","IFLO",2009-10-09,NA,NA,NA,NA,FALSE,TRUE
"1949963020","Sun-Times Media Group Inc","SVN",2009-10-08,NA,NA,NA,NA,FALSE,TRUE
"2116337020","Accuride Corp","AURD",2009-10-08,NA,NA,NA,NA,FALSE,TRUE
"2116393020","Monterey Gourmet Foods Inc","PSTA",2009-10-08,NA,NA,NA,NA,FALSE,TRUE
"2115437020","Avocent Corp","AVCT",2009-10-06,NA,NA,NA,NA,FALSE,TRUE
"2115539020","ICT Group Inc","ICTG",2009-10-06,NA,NA,NA,NA,FALSE,TRUE
"2115653020","Merix Corp","MERX",2009-10-06,NA,NA,NA,NA,FALSE,TRUE
"2116355020","Telava Networks Inc","TLVA",2009-10-05,NA,NA,NA,NA,FALSE,TRUE
"2116432020","Jasper Ventures Inc","JSPV",2009-10-05,NA,NA,NA,NA,FALSE,TRUE
"2091436020","Basin Water Inc","BWTR",2009-10-02,NA,NA,NA,NA,FALSE,TRUE
"2114172020","Devcon International Corp",NA,2009-10-01,NA,NA,NA,NA,FALSE,TRUE
"2113455020","Garb Oil & Power Corp","GARB",2009-09-30,NA,NA,NA,NA,FALSE,TRUE
"2090288020","Hoku Scientific Inc","HOKU",2009-09-29,NA,NA,NA,NA,FALSE,TRUE
"2112962020","Sunair Services Corp","SNR",2009-09-29,NA,NA,NA,NA,FALSE,TRUE
"2112986020","Midas Inc","MDS",2009-09-29,NA,NA,NA,NA,FALSE,TRUE
"2112178020","Affiliated Computer Services Inc","ACS",2009-09-28,NA,NA,NA,NA,FALSE,TRUE
"2112200020","Aspect Medical Systems Inc","ASPM",2009-09-28,NA,NA,NA,NA,FALSE,TRUE
"2112297020","GenTek Inc","GETI",2009-09-28,NA,NA,NA,NA,FALSE,TRUE
"2112682020","Gander Mountain Co","GMTN",2009-09-28,NA,NA,NA,NA,FALSE,TRUE
"2111939020","Pomeroy IT Solutions Inc","PMRY",2009-09-25,NA,NA,NA,NA,FALSE,TRUE
"2112132020","American Community Properties Trust","APO",2009-09-25,"   1858681","sec_bulk","high","Apollo Global Management, Inc.",TRUE,FALSE
"2116442020","Debt Resolve Inc","DRSV",2009-09-25,NA,NA,NA,NA,FALSE,TRUE
"2131840020","Velocity Express Corp","VEXP",2009-09-24,NA,NA,NA,NA,FALSE,TRUE
"2062533020","Crusader Energy Group Inc","KRU",2009-09-23,NA,NA,NA,NA,FALSE,TRUE
"2110896020","SkyTerra Communications Inc","SKYT",2009-09-23,"   1819974","sec_bulk","high","SkyWater Technology, Inc",TRUE,FALSE
"2111199020","Ventura Gold Corp","VGO",2009-09-23,NA,NA,NA,NA,FALSE,TRUE
"2109995020","Perot Systems Corp","PER",2009-09-21,NA,NA,NA,NA,FALSE,TRUE
"2110195020","BTHC X Inc","BTXI",2009-09-21,NA,NA,NA,NA,FALSE,TRUE
"2091051020","Pilgrim's Pride Corp","PGODQ",2009-09-16,NA,NA,NA,NA,FALSE,TRUE
"2108767020","Hi-Shear Technology Corp","HSR",2009-09-16,NA,NA,NA,NA,FALSE,TRUE
"2108386020","Parallel Petroleum Corp","PLLL",2009-09-15,NA,NA,NA,NA,FALSE,TRUE
"2108492020","Omniture Inc","OMTR",2009-09-15,NA,NA,NA,NA,FALSE,TRUE
"2108502020","Global Energy Inc","GEYI",2009-09-15,NA,NA,NA,NA,FALSE,TRUE
"2062530020","Idearc Inc","IDAR",2009-09-10,NA,NA,NA,NA,FALSE,TRUE
"2107586020","MetroPCS Communications Inc","PCS",2009-09-10,NA,NA,NA,NA,FALSE,TRUE
"2106581020","Candela Corp","CLZR",2009-09-09,NA,NA,NA,NA,FALSE,TRUE
"2109130020","Cinnabar Ventures Inc","CNBR",2009-09-09,NA,NA,NA,NA,FALSE,TRUE
"2106249020","Intellon Corp","ITLN",2009-09-08,NA,NA,NA,NA,FALSE,TRUE
"2106251020","Steel Vault Corp","SVUL",2009-09-08,NA,NA,NA,NA,FALSE,TRUE
"2106261020","Alpha Innotech Corp","APNO",2009-09-08,NA,NA,NA,NA,FALSE,TRUE
"2106404020","Lexcom Inc","LXCMB",2009-09-08,NA,NA,NA,NA,FALSE,TRUE
"2105497020","Papa Bello Enterprises Inc","PAPA",2009-09-04,"   2024283","sec_bulk","high","Papa Medical Inc.",TRUE,FALSE
"2104893020","Sepracor Inc","SEPR",2009-09-03,NA,NA,NA,NA,FALSE,TRUE
"2105197020","NTK Holdings Inc","NTK",2009-09-03,NA,NA,NA,NA,FALSE,TRUE
"2104829020","Peplin Inc","PEIC",2009-09-02,NA,NA,NA,NA,FALSE,TRUE
"2109866020","Data Storage Consulting Services Inc","DTAS",2009-09-02,NA,NA,NA,NA,FALSE,TRUE
"2110436020","Airspan Networks Inc","AIRN",2009-09-02,NA,NA,NA,NA,FALSE,TRUE
"2116459020","WES Consulting Inc","WSCU",2009-09-02,NA,NA,NA,NA,FALSE,TRUE
"2105671020","Unilife Medical Solutions Ltd","UNI",2009-09-01,NA,NA,NA,NA,FALSE,TRUE
"2103690020","BJ Services Co","BJS",2009-08-31,NA,NA,NA,NA,FALSE,TRUE
"2103738020","Marvel Entertainment Inc","MVL",2009-08-31,NA,NA,NA,NA,FALSE,TRUE
"2105158020","Mesa Energy Inc","MSEG",2009-08-31,NA,NA,NA,NA,FALSE,TRUE
"2103033020","NYFIX Inc","NYFX",2009-08-27,NA,NA,NA,NA,FALSE,TRUE
"2103135020","ACI Telecentrics Inc","ACIT",2009-08-27,NA,NA,NA,NA,FALSE,TRUE
"2056466020","Charlotte Russe Holding Inc","CHIC",2009-08-24,NA,NA,NA,NA,FALSE,TRUE
"2072635020","Neurogen Corp","NRGN",2009-08-24,NA,NA,NA,NA,FALSE,TRUE
"2125348020","First Coweta Bank,Newnan, Georgia","FCWT",2009-08-22,NA,NA,NA,NA,FALSE,TRUE
"2098482020","Guaranty Financial Group Inc","GFG",2009-08-21,NA,NA,NA,NA,FALSE,TRUE
"2199461020","eBank Financial Services Inc","EBDC",2009-08-21,NA,NA,NA,NA,FALSE,TRUE
"2101123020","Ivivi Technologies Inc","II",2009-08-20,NA,NA,NA,NA,FALSE,TRUE
"2100682020","Empire Resorts Inc","NYNY",2009-08-19,NA,NA,NA,NA,FALSE,TRUE
"2099765020","Goldleaf Financial Solutions Inc","GFSI",2009-08-17,NA,NA,NA,NA,FALSE,TRUE
"2099522020","NCI Building Systems Inc","NCS",2009-08-14,NA,NA,NA,NA,FALSE,TRUE
"2105586020","Nature Vision Inc","NRVN",2009-08-14,NA,NA,NA,NA,FALSE,TRUE
"2084410020","Frontier Airlines Holdings Inc","FRNT",2009-08-13,NA,NA,NA,NA,FALSE,TRUE
"2099240020","Western Sizzlin Corp","WEST",2009-08-13,"   1806347","sec_bulk","high","Westrock Coffee Co",TRUE,FALSE
"2098839020","WES Consulting Inc","WSCU",2009-08-11,NA,NA,NA,NA,FALSE,TRUE
"2104281020","HC Innovations Inc","HCNV",2009-08-10,NA,NA,NA,NA,FALSE,TRUE
"2106450020","Wilshire Enterprises Inc","WOC",2009-08-10,NA,NA,NA,NA,FALSE,TRUE
"2097958020","MTS Medication Technologies Inc","MTSI",2009-08-07,"   1493594","sec_bulk","high","MACOM Technology Solutions Holdings, Inc.",TRUE,FALSE
"2097350020","Specialty Products & Insulation Co","SPIE",2009-08-06,NA,NA,NA,NA,FALSE,TRUE
"2096731020","On2 Technologies Inc","ONT",2009-08-05,NA,NA,NA,NA,FALSE,TRUE
"2097172020","Finlay Enterprises Inc","FNLY",2009-08-05,NA,NA,NA,NA,FALSE,TRUE
"2098117020","Mass Hysteria Entertainment Co Inc",NA,2009-08-05,NA,NA,NA,NA,FALSE,TRUE
"2096168020","Patriot Capital Funding Inc","PCAP",2009-08-03,"   2056634","sec_bulk","high","ProCap Acquisition Corp",TRUE,FALSE
"2095880020","Migami Inc","MIGA",2009-07-31,NA,NA,NA,NA,FALSE,TRUE
"2096129020","Blue Gem Enterprise","BGEM",2009-07-31,NA,NA,NA,NA,FALSE,TRUE
"2103987020","Incoming Inc","ICNN",2009-07-31,NA,NA,NA,NA,FALSE,TRUE
"2094973020","Power Medical Interventions Inc","PMII",2009-07-29,NA,NA,NA,NA,FALSE,TRUE
"2110188020","Nexxnow Inc","NXXN",2009-07-29,NA,NA,NA,NA,FALSE,TRUE
"2094434020","SPSS Inc","SPSS",2009-07-28,NA,NA,NA,NA,FALSE,TRUE
"2094454020","Virgin Mobile USA Inc","VM",2009-07-28,NA,NA,NA,NA,FALSE,TRUE
"2094544020","Raptor Pharmaceuticals Corp","RPTP",2009-07-28,NA,NA,NA,NA,FALSE,TRUE
"2094564020","Applied Solar Inc","APSO",2009-07-28,NA,NA,NA,NA,FALSE,TRUE
"2095844020","Liquid Financial Engines Inc","LIQU",2009-07-28,NA,NA,NA,NA,FALSE,TRUE
"2094044020","Varian Inc","VARI",2009-07-27,NA,NA,NA,NA,FALSE,TRUE
"2094065020","Harleysville National Corp, Harleysville,Pennsylvania","HNBC",2009-07-27,NA,NA,NA,NA,FALSE,TRUE
"2092946020","Solar Integrated Technologies Inc","SIT",2009-07-22,NA,NA,NA,NA,FALSE,TRUE
"2093097020","Bankrate Inc","RATE",2009-07-22,NA,NA,NA,NA,FALSE,TRUE
"2093103020","Medarex Inc","MEDX",2009-07-22,NA,NA,NA,NA,FALSE,TRUE
"2093212020","Income Opportunity Realty Investors Inc","IOT",2009-07-22,"   1642896","sec_bulk","high","Samsara Inc.",TRUE,FALSE
"2094100020","Green Planet Bioengineering Co Ltd","GPLB",2009-07-22,"   1392449","sec_bulk","high","Green Planet Bio Engineering Co. Ltd.",TRUE,FALSE
"2105506020","Design Within Reach Inc","DWRI",2009-07-20,NA,NA,NA,NA,FALSE,TRUE
"2091500020","Biopure Corp","BPUR",2009-07-17,NA,NA,NA,NA,FALSE,TRUE
"2092724020","Ruby Creek Resources Inc","RBCY",2009-07-17,NA,NA,NA,NA,FALSE,TRUE
"2094308020","Osler Inc","OSLE",2009-07-16,NA,NA,NA,NA,FALSE,TRUE
"2090646020","Noven Pharmaceuticals Inc","NOVN",2009-07-14,NA,NA,NA,NA,FALSE,TRUE
"2093839020","Natural Nutrition Inc","NTNI",2009-07-10,NA,NA,NA,NA,FALSE,TRUE
"2075920020","Nanogen Inc","NGEN",2009-07-08,"   1751912","sec_bulk","high","NERVGEN PHARMA CORP.",TRUE,FALSE
"2089424020","Lions Petroleum Inc","LPET",2009-07-08,NA,NA,NA,NA,FALSE,TRUE
"2089427020","Proliance International Inc","PLI",2009-07-08,NA,NA,NA,NA,FALSE,TRUE
"2089242020","MSC Software Corp","MSCS",2009-07-07,NA,NA,NA,NA,FALSE,TRUE
"2088613020","Woodbridge Holdings Corp","WDGH",2009-07-06,NA,NA,NA,NA,FALSE,TRUE
"2087860020","FCStone Group Inc","FCSX",2009-07-02,NA,NA,NA,NA,FALSE,TRUE
"2087594020","Medialink Worldwide Inc","MDLK",2009-07-01,"   1611046","sec_bulk","high","ModuLink Inc.",TRUE,FALSE
"2087050020","Pamrapo Bancorp Inc","PBCI",2009-06-30,NA,NA,NA,NA,FALSE,TRUE
"2087068020","Cell Genesys Inc","CEGE",2009-06-30,NA,NA,NA,NA,FALSE,TRUE
"2086583020","Cyber Defense Systems Inc","CYDM",2009-06-29,NA,NA,NA,NA,FALSE,TRUE
"2088688020","Oragenics Inc","ORNI",2009-06-29,NA,NA,NA,NA,FALSE,TRUE
"2085987020","Zila Inc","ZILA",2009-06-26,NA,NA,NA,NA,FALSE,TRUE
"2086575020","Retail Pro Inc","RTPRQ",2009-06-26,NA,NA,NA,NA,FALSE,TRUE
"2085474020","Tween Brands Inc","TWB",2009-06-25,NA,NA,NA,NA,FALSE,TRUE
"2085716020","Trimol Group Inc","TMOL",2009-06-25,NA,NA,NA,NA,FALSE,TRUE
"2084722020","Monogram Biosciences Inc","MGRM",2009-06-23,NA,NA,NA,NA,FALSE,TRUE
"2085075020","Nevoro Inc","NVR",2009-06-23,"    906163","sec_bulk","high","NVR INC",TRUE,FALSE
"2085291020","Ubiquitech Software Corp","UBQU",2009-06-23,NA,NA,NA,NA,FALSE,TRUE
"2084317020","Specialty Underwriters Alliance Inc","SUAI",2009-06-22,NA,NA,NA,NA,FALSE,TRUE
"2084311020","Cooperative Bankshares Inc, Wilmington,North Carolina","COOP",2009-06-19,"0000933136","browse_edgar","high","Maverick Merger Sub 2, LLC",TRUE,FALSE
"2083566020","HLTH Corp","HLTH",2009-06-18,NA,NA,NA,NA,FALSE,TRUE
"2083638020","Abraxas Energy Partners LP","AXLP",2009-06-18,NA,NA,NA,NA,FALSE,TRUE
"2083017020","Beverly National Corp,Beverly, Massachusetts","BVNC",2009-06-17,NA,NA,NA,NA,FALSE,TRUE
"2083257020","Eddie Bauer Holdings Inc","EBHI",2009-06-17,NA,NA,NA,NA,FALSE,TRUE
"2090433020","Zapata Corp","ZAP",2009-06-17,NA,NA,NA,NA,FALSE,TRUE
"2098992020","Probe Manufacturing Inc","PMFI",2009-06-17,NA,NA,NA,NA,FALSE,TRUE
"2082231020","Cavalier Homes Inc","CAV",2009-06-15,NA,NA,NA,NA,FALSE,TRUE
"2081802020","SoftBrands Inc","SBN",2009-06-12,NA,NA,NA,NA,FALSE,TRUE
"2081906020","Primus Telecommunications","PTGI",2009-06-12,NA,NA,NA,NA,FALSE,TRUE
"2081911020","Hirsch International Corp","HRSH",2009-06-12,NA,NA,NA,NA,FALSE,TRUE
"2081478020","Capitol Acquisition Corp","CLA",2009-06-11,NA,NA,NA,NA,FALSE,TRUE
"2080797020","CardioDynamics International Corp","CDIC",2009-06-09,NA,NA,NA,NA,FALSE,TRUE
"2080124020","Zenergy International Inc","ZENG",2009-06-05,NA,NA,NA,NA,FALSE,TRUE
"2056800020","Axsys Technologies Inc",NA,2009-06-04,NA,NA,NA,NA,FALSE,TRUE
"2079367020","Wind River Systems Inc","WIND",2009-06-04,NA,NA,NA,NA,FALSE,TRUE
"2082611020","Contracted Services Inc","CSEV",2009-06-04,NA,NA,NA,NA,FALSE,TRUE
"2080457020","International Medical Staffing Inc","IMSG",2009-06-03,NA,NA,NA,NA,FALSE,TRUE
"2078405020","NATCO Group Inc","NTG",2009-06-02,NA,NA,NA,NA,FALSE,TRUE
"2078113020","Data Domain Inc","DDUP",2009-06-01,NA,NA,NA,NA,FALSE,TRUE
"2078120020","etrials Worldwide Inc","ETWC",2009-06-01,NA,NA,NA,NA,FALSE,TRUE
"2078285020","Caraustar Industries Inc","CSAR",2009-06-01,NA,NA,NA,NA,FALSE,TRUE
"2077497020","CuraGen Corp","CRGN",2009-05-29,NA,NA,NA,NA,FALSE,TRUE
"2077668020","Franklin Electronic Publishers Inc","FEP",2009-05-29,NA,NA,NA,NA,FALSE,TRUE
"2046457020","Hartmarx Corp","HMX",2009-05-28,NA,NA,NA,NA,FALSE,TRUE
"2077255020","Aristos International Inc","SWW",2009-05-28,NA,NA,NA,NA,FALSE,TRUE
"2077299020","FiberNet Telecom Group Inc","FTGX",2009-05-28,NA,NA,NA,NA,FALSE,TRUE
"2079069020","Nasus Consulting Inc","NSUS",2009-05-27,NA,NA,NA,NA,FALSE,TRUE
"2075878020","Yummies Inc","YUMM",2009-05-22,"0001073748","browse_edgar","high","YUMMIES INC",TRUE,FALSE
"2080290020","eVision International Inc","EVIS",2009-05-22,NA,NA,NA,NA,FALSE,TRUE
"2066169020","BankUnited Financial Corp, Coral Gables,Florida","BKUNA",2009-05-21,NA,NA,NA,NA,FALSE,TRUE
"2075617020","Cougar Biotechnology Inc","CGRB",2009-05-21,NA,NA,NA,NA,FALSE,TRUE
"2074744020","Miller Diversified Corp","MILR",2009-05-19,NA,NA,NA,NA,FALSE,TRUE
"2075180020","Isco International Inc","ISOO",2009-05-19,NA,NA,NA,NA,FALSE,TRUE
"2074159020","IDM Pharma Inc","IDMI",2009-05-18,NA,NA,NA,NA,FALSE,TRUE
"2073218020","CNB Financial Corp","CFNA",2009-05-13,NA,NA,NA,NA,FALSE,TRUE
"2072553020","Foundation Coal Holdings Inc","FCL",2009-05-12,NA,NA,NA,NA,FALSE,TRUE
"2072879020","Kahzam Inc","KHZM",2009-05-12,NA,NA,NA,NA,FALSE,TRUE
"2072292020","D&E Communications Inc","DECC",2009-05-11,NA,NA,NA,NA,FALSE,TRUE
"2072411020","Catapult Communications Corp","CATT",2009-05-11,NA,NA,NA,NA,FALSE,TRUE
"2072415020","Courtland Capital Corp","CTK",2009-05-11,NA,NA,NA,NA,FALSE,TRUE
"2071769020","VNUS Medical Technologies Inc","VNUS",2009-05-08,NA,NA,NA,NA,FALSE,TRUE
"2071356020","LogicVision Inc","LGVN",2009-05-07,"   1721484","sec_bulk","high","Longeveron Inc.",TRUE,FALSE
"2071452020","Nashua Corp","NSHA",2009-05-07,NA,NA,NA,NA,FALSE,TRUE
"2072805020","Cornerstone Therapeutics Inc","CRTX",2009-05-07,NA,NA,NA,NA,FALSE,TRUE
"2070997020","Borland Software Corp","BORL",2009-05-06,NA,NA,NA,NA,FALSE,TRUE
"2071116020","Vignette Corp","VIGN",2009-05-06,NA,NA,NA,NA,FALSE,TRUE
"2071168020","Future Quest Nevada Inc","FQNI",2009-05-06,NA,NA,NA,NA,FALSE,TRUE
"2071466020","NuEnergy Group Inc","NUER",2009-05-06,NA,NA,NA,NA,FALSE,TRUE
"2079595020","Callwave Inc","CALL",2009-05-05,NA,NA,NA,NA,FALSE,TRUE
"2070480020","Liberty Entertainment Inc","LMDIA",2009-05-04,NA,NA,NA,NA,FALSE,TRUE
"2070357020","Watchtower Inc","WTWR",2009-05-01,NA,NA,NA,NA,FALSE,TRUE
"2069928020","US Shipping Partners LP",NA,2009-04-30,NA,NA,NA,NA,FALSE,TRUE
"2070042020","NationsHealth Inc","NHRXE",2009-04-30,NA,NA,NA,NA,FALSE,TRUE
"2070620020","Diversified Product Inspections Inc",NA,2009-04-30,NA,NA,NA,NA,FALSE,TRUE
"2069393020","TEPPCO Partners LP","TPP",2009-04-29,NA,NA,NA,NA,FALSE,TRUE
"2069490020","I-Many Inc","IMNY",2009-04-29,NA,NA,NA,NA,FALSE,TRUE
"2070609020","Canusa Capital Corp","CUSA",2009-04-28,NA,NA,NA,NA,FALSE,TRUE
"2068521020","Atlas Energy Resources LLC","ATN",2009-04-27,NA,NA,NA,NA,FALSE,TRUE
"2068264020","Midway Games Inc","MWY",2009-04-25,NA,NA,NA,NA,FALSE,TRUE
"2068142020","Highland Distressed Opportunities Fund Inc","HCD",2009-04-24,NA,NA,NA,NA,FALSE,TRUE
"2082705020","310 Holdings Inc","TRTN",2009-04-24,NA,NA,NA,NA,FALSE,TRUE
"2067462020","First National Energy Corp","FNEC",2009-04-21,NA,NA,NA,NA,FALSE,TRUE
"2066470020","PepsiAmericas Inc","PAS",2009-04-20,NA,NA,NA,NA,FALSE,TRUE
"2066477020","Pepsi Bottling Group Inc","PBG",2009-04-20,NA,NA,NA,NA,FALSE,TRUE
"2066578020","Sun Microsystems Inc","JAVA",2009-04-20,NA,NA,NA,NA,FALSE,TRUE
"2066641020","Florida Public Utilities Co","FPU",2009-04-20,NA,NA,NA,NA,FALSE,TRUE
"2066540020","Grand Monarch Holdings Inc",NA,2009-04-17,NA,NA,NA,NA,FALSE,TRUE
"2070601020","Six Flags Inc","SIXF",2009-04-17,NA,NA,NA,NA,FALSE,TRUE
"2221869020","Six Flags Inc","SIXF",2009-04-17,NA,NA,NA,NA,FALSE,TRUE
"2066073020","AXS-One Inc","AXSO",2009-04-16,NA,NA,NA,NA,FALSE,TRUE
"2195015020","Real Estate Referral Center Inc","RRFC",2009-04-14,NA,NA,NA,NA,FALSE,TRUE
"2065084020","Entrust Inc","ENTU",2009-04-13,NA,NA,NA,NA,FALSE,TRUE
"2065092020","InFocus Corp","INFS",2009-04-13,NA,NA,NA,NA,FALSE,TRUE
"2064943020","Cape Fear Bank Corp","CAPE",2009-04-10,NA,NA,NA,NA,FALSE,TRUE
"2064347020","Centex Corp","CTX",2009-04-08,"   2096385","sec_bulk","high","Cyber Hornet S&P Crypto 10 ETF",TRUE,FALSE
"2174239020","Narrowstep Inc","NRWS",2009-04-08,NA,NA,NA,NA,FALSE,TRUE
"2064091020","AmericasBank Corp","AMAB",2009-04-07,NA,NA,NA,NA,FALSE,TRUE
"2063623020","SumTotal Systems Inc","SUMT",2009-04-06,NA,NA,NA,NA,FALSE,TRUE
"2063712020","Cornet Stores Inc","CIUS",2009-04-03,NA,NA,NA,NA,FALSE,TRUE
"2063181020","TriStone Community Bank, Winston-Salem,North Carolina","TCMB",2009-04-02,NA,NA,NA,NA,FALSE,TRUE
"2062623020","Metavante Technologies Inc","MV",2009-04-01,NA,NA,NA,NA,FALSE,TRUE
"2062691020","Silicon Graphics Inc","SGI",2009-04-01,"   1206264","sec_bulk","high","SOMNIGROUP INTERNATIONAL INC.",TRUE,FALSE
"2035034020","Harris Stratex Network Inc","HSTX",2009-03-31,NA,NA,NA,NA,FALSE,TRUE
"2062238020","PetroSearch Energy Corp","PTSG",2009-03-31,NA,NA,NA,NA,FALSE,TRUE
"2062725020","IdentiPHI Inc","IDPIQ",2009-03-31,NA,NA,NA,NA,FALSE,TRUE
"2071679020","Georgia Gulf Corp","GGC",2009-03-31,NA,NA,NA,NA,FALSE,TRUE
"2062065020","General Employment Enterprises Inc","JOB",2009-03-30,"     40570","sec_bulk","high","GEE Group Inc.",TRUE,FALSE
"2063831020","Sunrise Energy Resources Inc","SEYR",2009-03-30,NA,NA,NA,NA,FALSE,TRUE
"2065989020","Infrastructure Materials Corp","IFAM",2009-03-30,NA,NA,NA,NA,FALSE,TRUE
"2061058020","Nventa Biopharmaceuticals Corp","NVN",2009-03-27,NA,NA,NA,NA,FALSE,TRUE
"2060748020","Foamex International Inc","FMXLQ",2009-03-25,NA,NA,NA,NA,FALSE,TRUE
"2059755020","Serefex Corp","SFXC",2009-03-23,NA,NA,NA,NA,FALSE,TRUE
"2063800020","XRG Inc","XRGI",2009-03-22,NA,NA,NA,NA,FALSE,TRUE
"2059212020","BB Micro-Cap Growth Fund","BMCFX",2009-03-19,NA,NA,NA,NA,FALSE,TRUE
"2058248020","Ivecon Corp","IVEO",2009-03-18,NA,NA,NA,NA,FALSE,TRUE
"2057398020","ACM Managed Dollar Income Fund Inc","ADF",2009-03-13,NA,NA,NA,NA,FALSE,TRUE
"2056951020","CV Therapeutics Inc","CVTX",2009-03-12,NA,NA,NA,NA,FALSE,TRUE
"2057196020","ING Clarion Global Real Estate Income Fund","IGR",2009-03-12,"   1268884","sec_bulk","high","CBRE GLOBAL REAL ESTATE INCOME FUND",TRUE,FALSE
"2056919020","En Pointe Technologies Inc","ENPT",2009-03-11,NA,NA,NA,NA,FALSE,TRUE
"2056454020","Milacron LLC","MZ",2009-03-10,NA,NA,NA,NA,FALSE,TRUE
"2055967020","Schering Plough Corp","SGP",2009-03-09,"   1778922","sec_bulk","high","SpyGlass Pharma, Inc.",TRUE,FALSE
"2055727020","Discovery Bancorp","DVBC",2009-03-06,NA,NA,NA,NA,FALSE,TRUE
"2055231020","Gevity HR Inc","GVHR",2009-03-05,NA,NA,NA,NA,FALSE,TRUE
"2054840020","Life Sciences Research Inc","LSR",2009-03-04,NA,NA,NA,NA,FALSE,TRUE
"2054700020","Paradigm Holdings Inc","PDHO",2009-03-03,NA,NA,NA,NA,FALSE,TRUE
"2055734020","Roadships Holdings Inc","RDSH",2009-03-03,NA,NA,NA,NA,FALSE,TRUE
"2053787020","OpenTV Corp","OPTV",2009-02-27,NA,NA,NA,NA,FALSE,TRUE
"2054670020","Lenox Group Inc","LENX",2009-02-27,NA,NA,NA,NA,FALSE,TRUE
"2053411020","Teton Advisors Inc","TETAA",2009-02-25,"0001444874","browse_edgar","high","Teton Advisors, Inc.",TRUE,FALSE
"2052527020","Hifn Inc","HIFN",2009-02-23,NA,NA,NA,NA,FALSE,TRUE
"2052532020","Emageon Inc","EMAG",2009-02-23,NA,NA,NA,NA,FALSE,TRUE
"2052191020","Journal Register Co","JRC",2009-02-21,NA,NA,NA,NA,FALSE,TRUE
"2051818020","Wilshire Enterprises Inc","WOC",2009-02-20,NA,NA,NA,NA,FALSE,TRUE
"2051481020","Earl Scheib Inc","ESHB",2009-02-19,NA,NA,NA,NA,FALSE,TRUE
"2064099020","All State Properties Holdings Inc","ATPT",2009-02-19,NA,NA,NA,NA,FALSE,TRUE
"2052079020","San West Inc","SNWT",2009-02-18,NA,NA,NA,NA,FALSE,TRUE
"2051721020","Bank of Auburn Hills,Auburn Hills,Michigan",NA,2009-02-17,NA,NA,NA,NA,FALSE,TRUE
"2055279020","Edgeworth Investments Inc",NA,2009-02-17,NA,NA,NA,NA,FALSE,TRUE
"2092449020","Young Broadcasting Inc","YBTVA",2009-02-13,NA,NA,NA,NA,FALSE,TRUE
"2049462020","SiRF Technology Holdings Inc","SIRF",2009-02-10,NA,NA,NA,NA,FALSE,TRUE
"2049204020","Galaxy Nutritional Foods Inc","GXY",2009-02-09,NA,NA,NA,NA,FALSE,TRUE
"2059760020","Viropro Inc","VPRO",2009-02-07,NA,NA,NA,NA,FALSE,TRUE
"2049362020","Pipeline Data Inc","PPDA",2009-02-06,NA,NA,NA,NA,FALSE,TRUE
"2048556020","Incentra Solutions Inc","ICNS",2009-02-04,NA,NA,NA,NA,FALSE,TRUE
"2047836020","PharmaNet Development Group Inc","PDGI",2009-02-03,NA,NA,NA,NA,FALSE,TRUE
"2047930020","Ticketmaster Entertainment Inc","TKTM",2009-02-03,NA,NA,NA,NA,FALSE,TRUE
"2047952020","deltathree Inc","DDDC",2009-02-03,NA,NA,NA,NA,FALSE,TRUE
"2082822020","Spectrum Brands Inc","SPCB",2009-02-03,"   1291855","sec_bulk","high","SuperCom Ltd",TRUE,FALSE
"2222321020","Spectrum Brands Inc","SPCB",2009-02-03,"   1291855","sec_bulk","high","SuperCom Ltd",TRUE,FALSE
"2047358020","Corrpro Cos Inc","CRRP",2009-02-02,NA,NA,NA,NA,FALSE,TRUE
"2046141020","Avanex Corp","AVNX",2009-01-27,NA,NA,NA,NA,FALSE,TRUE
"2047613020","Scores Holding Co Inc","SCRH",2009-01-27,"0000831489","browse_edgar","high","SCORES HOLDING CO INC",TRUE,FALSE
"2268286020","Blackbird Petroleum Inc","BBRD",2009-01-27,NA,NA,NA,NA,FALSE,TRUE
"2044727020","Wyeth","WYE",2009-01-26,NA,NA,NA,NA,FALSE,TRUE
"2097556020","YaSheng Group Co Ltd","YHGG",2009-01-26,NA,NA,NA,NA,FALSE,TRUE
"2665189020","1st Centennial Bancorp, Redlands,California","FCEN",2009-01-23,NA,NA,NA,NA,FALSE,TRUE
"2044424020","Interwoven Inc","IWOV",2009-01-22,NA,NA,NA,NA,FALSE,TRUE
"2043218020","Kushi Resources Inc","KUSI",2009-01-16,NA,NA,NA,NA,FALSE,TRUE
"2042960020","Hiland Partners LP","HLND",2009-01-15,NA,NA,NA,NA,FALSE,TRUE
"2042961020","Hiland Holdings GP LP","HPGP",2009-01-15,NA,NA,NA,NA,FALSE,TRUE
"2043155020","Terra Industries Inc","TRA",2009-01-15,NA,NA,NA,NA,FALSE,TRUE
"2043173020","Spansion Inc","SPSN",2009-01-15,NA,NA,NA,NA,FALSE,TRUE
"2215398020","Spansion Inc","SPSN",2009-01-15,NA,NA,NA,NA,FALSE,TRUE
"2042589020","Weatherly Aircraft Nevada Inc","WACF",2009-01-14,NA,NA,NA,NA,FALSE,TRUE
"2042696020","Apple Valley Bank & Trust Co","AVBK",2009-01-14,NA,NA,NA,NA,FALSE,TRUE
"2055040020","Quantum Information Inc","QTUM",2009-01-14,NA,NA,NA,NA,FALSE,TRUE
"2041856020","Advanced Medical Optics Inc","EYE",2009-01-12,"   1710155","sec_bulk","high","National Vision Holdings, Inc.",TRUE,FALSE
"2042105020","Targanta Therapeutics Corp","TARG",2009-01-12,NA,NA,NA,NA,FALSE,TRUE
"2044336020","BBC Graphics Of Palm Beach Inc","BBCG",2009-01-12,NA,NA,NA,NA,FALSE,TRUE
"2097328020","Tarragon Corp","TARR",2009-01-12,NA,NA,NA,NA,FALSE,TRUE
"2041254020","Thinkorswim Group Inc","SWIM",2009-01-08,"   1833197","sec_bulk","high","Latham Group, Inc.",TRUE,FALSE
"2040457020","Indevus Pharmaceuticals Inc","IDEV",2009-01-05,NA,NA,NA,NA,FALSE,TRUE
"2041130020","We Sell For U Corp","WSFU",2009-01-05,NA,NA,NA,NA,FALSE,TRUE
"2039961020","Abigail Adams National Bancorp Inc","AANB",2008-12-31,NA,NA,NA,NA,FALSE,TRUE
"2039969020","Ultra Care Inc","ULCA",2008-12-31,NA,NA,NA,NA,FALSE,TRUE
"2039984020","Syncfeed Inc","SYFD",2008-12-31,NA,NA,NA,NA,FALSE,TRUE
"2039202020","Chesapeake Corp","CSKE",2008-12-30,NA,NA,NA,NA,FALSE,TRUE
"2039036020","Westaff Inc","WSTF",2008-12-29,NA,NA,NA,NA,FALSE,TRUE
"2038390020","HFG Holdings Inc","HFG.P",2008-12-24,NA,NA,NA,NA,FALSE,TRUE
"2037773020","Avigen Inc","AVGN",2008-12-23,NA,NA,NA,NA,FALSE,TRUE
"2037731020","Minrad International Inc","BUF",2008-12-22,NA,NA,NA,NA,FALSE,TRUE
"2036860020","Provident Bankshares Corp, Baltimore,Maryland","PBKS",2008-12-19,NA,NA,NA,NA,FALSE,TRUE
"2038031020","Buffalo Biodiesel Inc","4LG",2008-12-19,NA,NA,NA,NA,FALSE,TRUE
"2037195020","Great Lakes Biogas Technologies Inc","GLBS",2008-12-18,"   1499780","sec_bulk","high","GLOBUS MARITIME LTD",TRUE,FALSE
"2005710020","Hines Horticulture Inc","HORT",2008-12-17,NA,NA,NA,NA,FALSE,TRUE
"2036636020","Flagstar Bancorp Inc","FBC",2008-12-17,"0001033012","browse_edgar","high","FLAGSTAR BANCORP INC",TRUE,FALSE
"2036855020","Canton Bancorp Inc,Canton, Pennsylvania","CBPA",2008-12-17,NA,NA,NA,NA,FALSE,TRUE
"2037461020","Expedite 3 Inc",NA,2008-12-17,NA,NA,NA,NA,FALSE,TRUE
"2035299020","American Bancorp of New Jersey Inc,Bloomfield,New Jersey","ABNJ",2008-12-15,NA,NA,NA,NA,FALSE,TRUE
"2036585020","WorldGate Communications Inc","WGAT",2008-12-12,NA,NA,NA,NA,FALSE,TRUE
"2057413020","Immunotech Laboratories Inc","IMMB",2008-12-12,NA,NA,NA,NA,FALSE,TRUE
"2034018020","American Land Lease Inc","ANL",2008-12-10,"   1944552","sec_bulk","high","Adlai Nortye Ltd.",TRUE,FALSE
"2034482020","Planktos Corp","PLKT",2008-12-10,NA,NA,NA,NA,FALSE,TRUE
"2034070020","Smith Investment Co","SMIT",2008-12-09,NA,NA,NA,NA,FALSE,TRUE
"2033846020","Service Bancorp Inc","SERC",2008-12-08,NA,NA,NA,NA,FALSE,TRUE
"2032927020","Bell Boyd & Lloyd",NA,2008-12-05,NA,NA,NA,NA,FALSE,TRUE
"2035100020","Old Forge Bank,Old Forge, Pennsylvania","OLDF",2008-12-05,NA,NA,NA,NA,FALSE,TRUE
"2032538020","NitroMed Inc","NTMD",2008-12-04,NA,NA,NA,NA,FALSE,TRUE
"2034783020","SEMX Corp","SEMX",2008-12-02,NA,NA,NA,NA,FALSE,TRUE
"2031349020","Mentor Corp","MNT",2008-12-01,NA,NA,NA,NA,FALSE,TRUE
"2031628020","ClearStory Systems Inc","CSYS",2008-12-01,NA,NA,NA,NA,FALSE,TRUE
"2031409020","Midway Games Inc","MWY",2008-11-28,NA,NA,NA,NA,FALSE,TRUE
"2032571020","Mercari Communications Group Ltd","MCAR",2008-11-26,NA,NA,NA,NA,FALSE,TRUE
"2029968020","Memory Pharmaceuticals Corp","MEMY",2008-11-25,NA,NA,NA,NA,FALSE,TRUE
"2029566020","Omrix Biopharmaceuticals Inc","OMRI",2008-11-24,NA,NA,NA,NA,FALSE,TRUE
"2029700020","Digital Fusion Inc","DIGF",2008-11-24,NA,NA,NA,NA,FALSE,TRUE
"2030036020","Blackhawk Financial Inc","BLWK",2008-11-24,NA,NA,NA,NA,FALSE,TRUE
"2028452020","Advanced Biotherapy Inc","ADVB",2008-11-18,"   1941029","sec_bulk","high","Advanced Biomed Inc.",TRUE,FALSE
"2014777020","Transmeta Corp","TMTA",2008-11-17,NA,NA,NA,NA,FALSE,TRUE
"2027727020","Federal Trust Corp","FDT",2008-11-14,NA,NA,NA,NA,FALSE,TRUE
"2027562020","Access Plans USA Inc","AUSA",2008-11-13,NA,NA,NA,NA,FALSE,TRUE
"2027296020","Commerce Energy Group Inc","EGR",2008-11-11,NA,NA,NA,NA,FALSE,TRUE
"2026164020","Benjamin Franklin Bancorp Inc, Franklin,Massachusetts","BFBC",2008-11-09,NA,NA,NA,NA,FALSE,TRUE
"2025989020","Centennial Communications Corp","CYCL",2008-11-07,NA,NA,NA,NA,FALSE,TRUE
"2024195020","SM&A","WINS",2008-10-31,NA,NA,NA,NA,FALSE,TRUE
"2023495020","Genelabs Technologies Inc","GNLB",2008-10-29,NA,NA,NA,NA,FALSE,TRUE
"2022897020","Avalon Pharmaceuticals Inc","AVRX",2008-10-28,NA,NA,NA,NA,FALSE,TRUE
"2017006020","Embarq Corp","EQ",2008-10-27,"   1746466","sec_bulk","high","Equillium, Inc.",TRUE,FALSE
"1960888020","National City Corp,Cleveland, Ohio","NCC",2008-10-24,NA,NA,NA,NA,FALSE,TRUE
"2267844020","Quantum Telecom Inc","QTMI",2008-10-22,NA,NA,NA,NA,FALSE,TRUE
"2020759020","Intraware Inc","ITRA",2008-10-20,NA,NA,NA,NA,FALSE,TRUE
"2021144020","SpaceDev Inc","SPDV",2008-10-20,NA,NA,NA,NA,FALSE,TRUE
"2020753020","Western Asset Emerging Markets Income Fund Inc","EMD",2008-10-17,"   1227862","sec_bulk","high","WESTERN ASSET EMERGING MARKETS DEBT FUND INC.",TRUE,FALSE
"1801353020","Sovereign Bancorp Inc","SOV",2008-10-13,NA,NA,NA,NA,FALSE,TRUE
"2019359020","Ashworth Inc","ASHW",2008-10-13,NA,NA,NA,NA,FALSE,TRUE
"2019953020","Miracle Applications Corp","MIRA",2008-10-12,"   1904286","sec_bulk","high","MIRA PHARMACEUTICALS, INC.",TRUE,FALSE
"2018633020","KL Energy Corp","KLEG",2008-10-07,NA,NA,NA,NA,FALSE,TRUE
"2030668020","WPT Enterprises Inc","WPTE",2008-10-07,NA,NA,NA,NA,FALSE,TRUE
"2016919020","ImClone Systems Inc","IMCL",2008-10-06,NA,NA,NA,NA,FALSE,TRUE
"2017370020","Wachovia Corp,Charlotte,North Carolina","WB",2008-10-03,"   1595761","sec_bulk","high","WEIBO Corp",TRUE,FALSE
"2019166020","Ampex Corp","AMPX",2008-10-03,"   1899287","sec_bulk","high","Amprius Technologies, Inc.",TRUE,FALSE
"2017743020","Aultra Gold Inc","AGDI",2008-10-02,NA,NA,NA,NA,FALSE,TRUE
"2021007020","Geostar Mineral Corp","GEOS",2008-10-01,"   1001115","sec_bulk","high","GEOSPACE TECHNOLOGIES CORP",TRUE,FALSE
"2144667020","AmerAlia Inc","AALA",2008-10-01,NA,NA,NA,NA,FALSE,TRUE
"2016509020","SEEC Inc","SEEC",2008-09-30,NA,NA,NA,NA,FALSE,TRUE
"2016649020","Hanover Capital Mortgage Holdings Inc","HCM",2008-09-30,"   1648257","sec_bulk","high","HUTCHMED (China) Ltd",TRUE,FALSE
"2018072020","Mondo Acquisition II Inc",NA,2008-09-30,NA,NA,NA,NA,FALSE,TRUE
"2015621020","Akrion Inc","AKRI",2008-09-26,NA,NA,NA,NA,FALSE,TRUE
"2016344020","Fresca Worldwide Trading Corp","FRSC",2008-09-26,NA,NA,NA,NA,FALSE,TRUE
"2014996020","Cherokee International Corp","CHRK",2008-09-25,NA,NA,NA,NA,FALSE,TRUE
"2014594020","Gateway Financial Holdings Inc","GBTS",2008-09-24,NA,NA,NA,NA,FALSE,TRUE
"2014808020","Pharmacopeia Inc","PCOP",2008-09-24,NA,NA,NA,NA,FALSE,TRUE
"2013897020","Secure Computing Corp","SCUR",2008-09-22,NA,NA,NA,NA,FALSE,TRUE
"2013187020","LifeHouse Retirement Properties Inc","LHRP",2008-09-18,NA,NA,NA,NA,FALSE,TRUE
"2013490020","Centerplate Inc","CVP",2008-09-18,NA,NA,NA,NA,FALSE,TRUE
"2012484020","Datascope Corp","DSCP",2008-09-16,NA,NA,NA,NA,FALSE,TRUE
"1794406020","Napster Inc","NAPS",2008-09-15,NA,NA,NA,NA,FALSE,TRUE
"2012572020","Timberjack Sporting Supplies Inc","TBJK",2008-09-15,NA,NA,NA,NA,FALSE,TRUE
"2011936020","Merrill Lynch & Co Inc","MER",2008-09-14,NA,NA,NA,NA,FALSE,TRUE
"2011019020","American Community Bancshares Inc,Charlotte,North Carolina","ACBA",2008-09-10,NA,NA,NA,NA,FALSE,TRUE
"2011094020","Welltek Inc","WTKN",2008-09-10,NA,NA,NA,NA,FALSE,TRUE
"2012424020","Kushi Resources Inc","KUSI",2008-09-10,NA,NA,NA,NA,FALSE,TRUE
"1998262020","Proxymed Inc","PILL",2008-09-09,NA,NA,NA,NA,FALSE,TRUE
"2010668020","Pharsight Corp","PHST",2008-09-09,NA,NA,NA,NA,FALSE,TRUE
"2009837020","UST Inc","UST",2008-09-08,NA,NA,NA,NA,FALSE,TRUE
"2010236020","Gehl Co","GEHL",2008-09-08,NA,NA,NA,NA,FALSE,TRUE
"2010280020","HealthAxis Inc","HAXS",2008-09-08,NA,NA,NA,NA,FALSE,TRUE
"2010695020","WW Oil & Gas Inc","WOGI",2008-09-08,NA,NA,NA,NA,FALSE,TRUE
"1996530020","Federal National Mortgage Association{Fannie Mae}","FNM",2008-09-07,NA,NA,NA,NA,FALSE,TRUE
"1996531020","Federal Home Loan Mortgage Corp{Freddie Mac}","FNM",2008-09-07,NA,NA,NA,NA,FALSE,TRUE
"2010011020","Nevada Chemicals Inc","NCEM",2008-09-05,NA,NA,NA,NA,FALSE,TRUE
"2010835020","Premier Nursing Products Corp","PNRP",2008-09-05,NA,NA,NA,NA,FALSE,TRUE
"2009506020","Captaris Inc","CAPA",2008-09-04,NA,NA,NA,NA,FALSE,TRUE
"2009769020","Seligman Select Municipal Fund Inc","SEL",2008-09-04,NA,NA,NA,NA,FALSE,TRUE
"2009139020","Lincoln Bancorp,Plainfield, Indiana","LNCB",2008-09-03,NA,NA,NA,NA,FALSE,TRUE
"2009170020","Prescient Applied Intelligence Inc","PPID",2008-09-03,NA,NA,NA,NA,FALSE,TRUE
"2008705020","Eagle Test Systems Inc","EGLT",2008-09-02,NA,NA,NA,NA,FALSE,TRUE
"2009120020","IVAX Diagnostics Inc","IVD",2008-09-02,NA,NA,NA,NA,FALSE,TRUE
"2008315020","Sciele Pharma Inc","SCRX",2008-09-01,NA,NA,NA,NA,FALSE,TRUE
"2007856020","Greenfield Online Inc","SRVY",2008-08-29,NA,NA,NA,NA,FALSE,TRUE
"2008251020","Kimberly Gold Mines Inc","KMGM",2008-08-29,NA,NA,NA,NA,FALSE,TRUE
"2016625020","Ficaar Inc","FCAA",2008-08-28,NA,NA,NA,NA,FALSE,TRUE
"2007166020","SI International Inc","SINT",2008-08-27,"   1269026","sec_bulk","high","Sintx Technologies, Inc.",TRUE,FALSE
"2007219020","IKON Office Solutions Inc","IKN",2008-08-27,NA,NA,NA,NA,FALSE,TRUE
"2006377020","Alpharma Inc","ALO",2008-08-22,NA,NA,NA,NA,FALSE,TRUE
"2005445020","Industrial Rubber Products Inc","INRB",2008-08-19,NA,NA,NA,NA,FALSE,TRUE
"2003836020","Turbochef Technologies Inc","OVEN",2008-08-12,NA,NA,NA,NA,FALSE,TRUE
"2003900020","Longs Drug Stores Corp","LDG",2008-08-12,NA,NA,NA,NA,FALSE,TRUE
"2003489020","Allergy Research Group Inc","ALRG",2008-08-11,NA,NA,NA,NA,FALSE,TRUE
"2347188020","Manchester Inc",NA,2008-08-11,NA,NA,NA,NA,FALSE,TRUE
"2004801020","Qlinks America Inc","QLKA",2008-08-08,NA,NA,NA,NA,FALSE,TRUE
"2003902020","Stream Global Services Inc","OOO",2008-08-07,NA,NA,NA,NA,FALSE,TRUE
"2001913020","Buca Inc","BUCA",2008-08-05,NA,NA,NA,NA,FALSE,TRUE
"2002968020","Tarpon Industries Inc","TPO",2008-08-05,NA,NA,NA,NA,FALSE,TRUE
"2001494020","PeopleSupport Inc","PSPT",2008-08-04,NA,NA,NA,NA,FALSE,TRUE
"2000676020","Eagle Rock Enterprises Inc","EREI",2008-07-30,NA,NA,NA,NA,FALSE,TRUE
"2267348020","PetroAlgae Inc","PALG",2008-07-30,NA,NA,NA,NA,FALSE,TRUE
"1999390020","EnergySouth Inc","ENSI",2008-07-28,NA,NA,NA,NA,FALSE,TRUE
"1999404020","Meadow Valley Corp","MVCO",2008-07-28,"    924095","sec_bulk","high","Metavesco, Inc.",TRUE,FALSE
"1999407020","Frontier Airlines Holdings Inc","FRNT",2008-07-28,NA,NA,NA,NA,FALSE,TRUE
"1998999020","Small Cap Strategies Inc","SMCA",2008-07-25,NA,NA,NA,NA,FALSE,TRUE
"1998532020","Vital Signs Inc","VITL",2008-07-24,"   1579733","sec_bulk","high","Vital Farms, Inc.",TRUE,FALSE
"1997957020","Philadelphia Consolidated Holdings Corp","PHLY",2008-07-23,NA,NA,NA,NA,FALSE,TRUE
"1997430020","Foundry Networks Inc","FDRY",2008-07-21,NA,NA,NA,NA,FALSE,TRUE
"1998108020","Community Bank Of Orange Na Middletownnew York","CBOG",2008-07-21,NA,NA,NA,NA,FALSE,TRUE
"1996847020","Barr Pharmaceuticals Inc","BRL",2008-07-18,NA,NA,NA,NA,FALSE,TRUE
"1998353020","Columbia Financial Corp","CLBF",2008-07-18,NA,NA,NA,NA,FALSE,TRUE
"1996671020","Catalyst Semiconductor Inc","CATS",2008-07-17,NA,NA,NA,NA,FALSE,TRUE
"1997232020","SunPower Corp","SPWR",2008-07-17,"   1838987","sec_bulk","high","SunPower Inc.",TRUE,FALSE
"1996272020","InterVoice Inc","INTV",2008-07-16,NA,NA,NA,NA,FALSE,TRUE
"1995923020","Lev Pharmaceuticals Inc","LEVP",2008-07-15,NA,NA,NA,NA,FALSE,TRUE
"1996034020","Globe Bancorp Inc,Metairie, Louisiana","GLBP",2008-07-15,NA,NA,NA,NA,FALSE,TRUE
"1996564020","Intech Inc",NA,2008-07-15,NA,NA,NA,NA,FALSE,TRUE
"1995578020","Ace*Comm Corp","ACEC",2008-07-14,NA,NA,NA,NA,FALSE,TRUE
"1995199020","Hercules Inc","HPC",2008-07-11,NA,NA,NA,NA,FALSE,TRUE
"1995296020","MNI Nutraceuticals Inc","MNIU",2008-07-11,NA,NA,NA,NA,FALSE,TRUE
"1994852020","Rohm & Haas Co","ROH",2008-07-10,NA,NA,NA,NA,FALSE,TRUE
"1994894020","Excel Technology Inc","XLTC",2008-07-10,NA,NA,NA,NA,FALSE,TRUE
"1995056020","MacroChem Corp","MCHM",2008-07-10,NA,NA,NA,NA,FALSE,TRUE
"1994742020","Centillium Communications Inc","CTLM",2008-07-09,NA,NA,NA,NA,FALSE,TRUE
"1994239020","SGX Pharmaceuticals Inc","SGXP",2008-07-08,NA,NA,NA,NA,FALSE,TRUE
"1993614020","APP Pharmaceuticals Inc","APPX",2008-07-07,NA,NA,NA,NA,FALSE,TRUE
"1999442020","Buzz Media Ltd","BUZZ",2008-07-02,NA,NA,NA,NA,FALSE,TRUE
"1992812020","MiddleBrook Pharmaceuticals Inc","MBRK",2008-07-01,NA,NA,NA,NA,FALSE,TRUE
"1991943020","Darwin Professional Underwriters Inc","DR",2008-06-30,NA,NA,NA,NA,FALSE,TRUE
"1990722020","Photon Dynamics Inc","PHTN",2008-06-26,NA,NA,NA,NA,FALSE,TRUE
"1990738020","Community Bankshares Inc","SCB",2008-06-26,NA,NA,NA,NA,FALSE,TRUE
"1990889020","Celebrate Express Inc","BDAY",2008-06-26,NA,NA,NA,NA,FALSE,TRUE
"1991048020","Papa Bello Enterprises Inc","PAPA",2008-06-26,"   2024283","sec_bulk","high","Papa Medical Inc.",TRUE,FALSE
"1989846020","Memry Corp","MRY",2008-06-24,NA,NA,NA,NA,FALSE,TRUE
"1989882020","Teltone Corp","TLTN",2008-06-24,NA,NA,NA,NA,FALSE,TRUE
"1986728020","Allied Waste Industries Inc","AW",2008-06-23,NA,NA,NA,NA,FALSE,TRUE
"1989419020","Barrier Therapeutics Inc","BTRX",2008-06-23,NA,NA,NA,NA,FALSE,TRUE
"1989389020","Credence Systems Corp","CMOS",2008-06-22,NA,NA,NA,NA,FALSE,TRUE
"1989026020","DIC Entertaiment Holdings Inc","DEKE",2008-06-20,NA,NA,NA,NA,FALSE,TRUE
"1988534020","Apria Healthcare Group Inc","AHG",2008-06-19,"   1702318","sec_bulk","high","Akso Health Group",TRUE,FALSE
"1988580020","Insightful Corp","IFUL",2008-06-19,NA,NA,NA,NA,FALSE,TRUE
"1988583020","Hostopia.com Inc","H",2008-06-19,"   1468174","sec_bulk","high","Hyatt Hotels Corp",TRUE,FALSE
"1988111020","MEDecision Inc","MEDE",2008-06-18,NA,NA,NA,NA,FALSE,TRUE
"1988375020","HNB Bancorp Inc,Halifax, Pennsylvania","HNBR",2008-06-18,NA,NA,NA,NA,FALSE,TRUE
"1987242020","Cash Systems Inc","CKNN",2008-06-16,NA,NA,NA,NA,FALSE,TRUE
"1987270020","Western Asset Inflation Management Fund Inc","IMF",2008-06-16,NA,NA,NA,NA,FALSE,TRUE
"1986192020","Applied Biosystems Group","ABI",2008-06-12,NA,NA,NA,NA,FALSE,TRUE
"1840969020","Anheuser-Busch Cos Inc","BUD",2008-06-11,"   1668717","sec_bulk","high","Anheuser-Busch InBev SA/NV",TRUE,FALSE
"1985928020","Pro Tech Communications Inc","PCTU",2008-06-11,NA,NA,NA,NA,FALSE,TRUE
"1985981020","Immunicon Corp","IMMC",2008-06-11,NA,NA,NA,NA,FALSE,TRUE
"1985424020","Superior Essex Inc","SPSX",2008-06-10,NA,NA,NA,NA,FALSE,TRUE
"1985447020","CAM Commerce Solutions Inc","CADA",2008-06-10,NA,NA,NA,NA,FALSE,TRUE
"1985452020","United Rentals Inc","URI",2008-06-10,"   1067701","sec_bulk","high","UNITED RENTALS, INC.",TRUE,FALSE
"1985540020","Grey Wolf Inc","GW",2008-06-10,NA,NA,NA,NA,FALSE,TRUE
"1984988020","Third Wave Technologies Inc","TWTI",2008-06-09,NA,NA,NA,NA,FALSE,TRUE
"1985005020","Innovive Pharmaceuticals Inc","IVPH",2008-06-09,NA,NA,NA,NA,FALSE,TRUE
"1985134020","HireRight Inc","HIRE",2008-06-09,NA,NA,NA,NA,FALSE,TRUE
"1984819020","Hilb Rogal & Hobbs Co","HRH",2008-06-08,NA,NA,NA,NA,FALSE,TRUE
"1984679020","Tumbleweed Communications Corp","TMWD",2008-06-06,NA,NA,NA,NA,FALSE,TRUE
"1988418020","Synovics Pharmaceuticals Inc","SYVC",2008-06-06,NA,NA,NA,NA,FALSE,TRUE
"2005580020","Strata Capital Corp","STRP",2008-06-06,NA,NA,NA,NA,FALSE,TRUE
"1984192020","Tercica Inc","TRCA",2008-06-04,NA,NA,NA,NA,FALSE,TRUE
"1983209020","W-H Energy Services Inc","WHQ",2008-06-03,NA,NA,NA,NA,FALSE,TRUE
"1983519020","Econergy International PLC","ECG",2008-06-03,"   2015845","sec_bulk","high","Everus Construction Group, Inc.",TRUE,FALSE
"1982875020","MetLife Inc","MET",2008-06-02,"   1099219","sec_bulk","high","METLIFE INC",TRUE,FALSE
"1972881020","Sharper Image Corp","SHRPQ",2008-05-29,NA,NA,NA,NA,FALSE,TRUE
"1982187020","Kintera Inc","KNTA",2008-05-29,NA,NA,NA,NA,FALSE,TRUE
"1981939020","Service 1st Bancorp,Stockton, California","SVCF",2008-05-28,NA,NA,NA,NA,FALSE,TRUE
"1981943020","Kosan Biosciences Inc","KOSN",2008-05-28,NA,NA,NA,NA,FALSE,TRUE
"1970849020","RedEnvelope Inc","REDE",2008-05-27,NA,NA,NA,NA,FALSE,TRUE
"1980727020","Angelica Corp","AGL",2008-05-23,"   1831097","sec_bulk","high","agilon health, inc.",TRUE,FALSE
"1980164020","MedQuist Inc","MEDQ",2008-05-22,NA,NA,NA,NA,FALSE,TRUE
"1989686020","CBaySystems Holdings Ltd","CBAY",2008-05-22,NA,NA,NA,NA,FALSE,TRUE
"1979788020","Willow Financial Bancorp Inc, Wayne,Pennsylvania","WFBC",2008-05-21,NA,NA,NA,NA,FALSE,TRUE
"2171566020","ChromaDex Inc","CDXC",2008-05-21,NA,NA,NA,NA,FALSE,TRUE
"1979338020","Esmark Inc","ESMK",2008-05-20,NA,NA,NA,NA,FALSE,TRUE
"1979533020","Diversified Opportunities Inc","DVOP",2008-05-20,NA,NA,NA,NA,FALSE,TRUE
"2007785020","World Waste Technologies Inc","WDWT",2008-05-20,NA,NA,NA,NA,FALSE,TRUE
"2266521020","SportsQuest Inc","SPQS",2008-05-20,"    803097","sec_bulk","high","SportsQuest, Inc.",TRUE,FALSE
"1979195020","Jazz Technologies Inc","JAZ",2008-05-19,NA,NA,NA,NA,FALSE,TRUE
"1978569020","Optium Corp","OPTM",2008-05-16,NA,NA,NA,NA,FALSE,TRUE
"1978713020","WCI Steel Inc","WCIS",2008-05-16,NA,NA,NA,NA,FALSE,TRUE
"1978761020","Zilog Inc","ZILG",2008-05-16,NA,NA,NA,NA,FALSE,TRUE
"2266447020","Perf Go-Green Holdings Inc","PGOG",2008-05-16,NA,NA,NA,NA,FALSE,TRUE
"1978079020","CNET Networks Inc","CNET",2008-05-15,"   1376321","sec_bulk","high","ZW Data Action Technologies Inc.",TRUE,FALSE
"1977846020","Indian Village Bancorp Inc, Gnadenhutten,Ohio","IDVB",2008-05-14,NA,NA,NA,NA,FALSE,TRUE
"1976878020","Electronic Data Systems Corp","EDS",2008-05-13,NA,NA,NA,NA,FALSE,TRUE
"1976738020","DRS Technologies Inc","DRS",2008-05-12,"   1833756","sec_bulk","high","Leonardo DRS, Inc.",TRUE,FALSE
"1976841020","Radyne Corp","RADN",2008-05-12,NA,NA,NA,NA,FALSE,TRUE
"1977027020","Iomai Corp","IOMI",2008-05-12,NA,NA,NA,NA,FALSE,TRUE
"1977234020","Centire International Inc","CNRN",2008-05-12,NA,NA,NA,NA,FALSE,TRUE
"1976645020","Western Asset Zenix Income Fund Inc","ZIF",2008-05-09,NA,NA,NA,NA,FALSE,TRUE
"1976135020","BlackHawk Fund Inc","BHWF",2008-05-08,NA,NA,NA,NA,FALSE,TRUE
"1976160020","Enliven Marketing Technologies Corp","ENLV",2008-05-08,"   1596812","sec_bulk","high","Enlivex Therapeutics Ltd.",TRUE,FALSE
"1975187020","Maxim Crane Works Holdings Inc","MXMC",2008-05-05,NA,NA,NA,NA,FALSE,TRUE
"1989516020","SVI Media Inc","SVIA",2008-05-05,NA,NA,NA,NA,FALSE,TRUE
"1974156020","NetManage Inc","NETM",2008-05-01,NA,NA,NA,NA,FALSE,TRUE
"1974297020","Moldflow Corp","MFLO",2008-05-01,NA,NA,NA,NA,FALSE,TRUE
"1973808020","FTD Group Inc","FTD",2008-04-30,NA,NA,NA,NA,FALSE,TRUE
"1973840020","Bois d'Arc Energy Inc","BDE",2008-04-30,NA,NA,NA,NA,FALSE,TRUE
"1974055020","Time Warner Cable Inc","TWC",2008-04-30,NA,NA,NA,NA,FALSE,TRUE
"1973440020","Pyramid Breweries Inc","PMID",2008-04-29,NA,NA,NA,NA,FALSE,TRUE
"1973045020","William Wrigley Jr Co","WWY",2008-04-28,NA,NA,NA,NA,FALSE,TRUE
"1973099020","Tarrant Apparel Group","TAGS",2008-04-28,"   1471824","sec_bulk","high","Teucrium Commodity Trust",TRUE,FALSE
"1973107020","Max & Erma's Restaurants Inc","MAXE",2008-04-28,NA,NA,NA,NA,FALSE,TRUE
"1879131020","Wendy's International Inc","WEN",2008-04-24,"     30697","sec_bulk","high","Wendy's Co",TRUE,FALSE
"1972350020","MonArc Corp","MONA",2008-04-24,NA,NA,NA,NA,FALSE,TRUE
"1971795020","Safeco Corp","SAF",2008-04-23,NA,NA,NA,NA,FALSE,TRUE
"1971456020","Sirtris Pharmaceuticals Inc","SIRT",2008-04-22,NA,NA,NA,NA,FALSE,TRUE
"1971523020","Restore Medical Inc","REST",2008-04-22,NA,NA,NA,NA,FALSE,TRUE
"1970996020","Packeteer Inc","PKTR",2008-04-21,NA,NA,NA,NA,FALSE,TRUE
"1970565020","180 Connect Inc","CNCT",2008-04-18,NA,NA,NA,NA,FALSE,TRUE
"1970737020","North Country Hospitality Inc","NHSP",2008-04-18,NA,NA,NA,NA,FALSE,TRUE
"1970754020","Production Enhancement Group Inc","WIS",2008-04-18,NA,NA,NA,NA,FALSE,TRUE
"1971038020","KIT digital Inc","RGRP",2008-04-18,NA,NA,NA,NA,FALSE,TRUE
"1969504020","Freedom Environmental Services Inc","FRDM",2008-04-15,NA,NA,NA,NA,FALSE,TRUE
"1969836020","CryoCor Inc","CRYO",2008-04-15,NA,NA,NA,NA,FALSE,TRUE
"1969075020","Clayton Holdings Inc","CLAY",2008-04-14,NA,NA,NA,NA,FALSE,TRUE
"1969154020","Northwest Airlines Corp","NWA",2008-04-14,NA,NA,NA,NA,FALSE,TRUE
"1968683020","The TriZetto Group Inc",NA,2008-04-11,NA,NA,NA,NA,FALSE,TRUE
"1968885020","Simtek Corp","SMTK",2008-04-11,"   1817760","sec_bulk","high","SmartKem, Inc.",TRUE,FALSE
"1968938020","GreenGold Ray Energies Inc","GRYE.P",2008-04-11,NA,NA,NA,NA,FALSE,TRUE
"1968943020","Sorbent Technologies Corp","SORB",2008-04-11,NA,NA,NA,NA,FALSE,TRUE
"1968203020","Millennium Pharmaceuticals Inc","MLNM",2008-04-10,NA,NA,NA,NA,FALSE,TRUE
"1968313020","TouchStone Software Corp","TSSW",2008-04-10,NA,NA,NA,NA,FALSE,TRUE
"1967995020","EP MedSystems Inc","EPMD",2008-04-09,NA,NA,NA,NA,FALSE,TRUE
"1968012020","Eurosport Active World Corp","EAWD",2008-04-09,"0001563298","browse_edgar","high","Energy & Water Development Corp",TRUE,FALSE
"1967151020","LifeCell Corp","LIFC",2008-04-07,NA,NA,NA,NA,FALSE,TRUE
"1967185020","Industrial Distribution Group Inc","IDGR",2008-04-07,NA,NA,NA,NA,FALSE,TRUE
"1966546020","OC Financial Inc","OCFL",2008-04-02,NA,NA,NA,NA,FALSE,TRUE
"1966184020","Past & Present Video Inc","PPVI",2008-04-01,NA,NA,NA,NA,FALSE,TRUE
"2012003020","Foamex International Inc","FMXL",2008-04-01,NA,NA,NA,NA,FALSE,TRUE
"1965141020","Bentley Pharmaceuticals Inc","BNT",2008-03-31,"   1837429","sec_bulk","high","Brookfield Wealth Solutions Ltd.",TRUE,FALSE
"1965275020","Ansoft Corp","ANST",2008-03-31,NA,NA,NA,NA,FALSE,TRUE
"1965401020","AirNet Systems Inc","ANS",2008-03-31,NA,NA,NA,NA,FALSE,TRUE
"1964061020","Quipp Inc","QUIP",2008-03-27,NA,NA,NA,NA,FALSE,TRUE
"1962802020","Digimarc Corp","DMRC",2008-03-24,"   1438231","sec_bulk","high","Digimarc CORP",TRUE,FALSE
"1962964020","TenFold Corp","TENF",2008-03-24,NA,NA,NA,NA,FALSE,TRUE
"1962538020","Synplicity Inc","SYNP",2008-03-20,NA,NA,NA,NA,FALSE,TRUE
"1962226020","Greater Community Bancorp, Totowa,New Jersey","GFLS",2008-03-19,NA,NA,NA,NA,FALSE,TRUE
"1961248020","I-trax Inc","DMX",2008-03-17,NA,NA,NA,NA,FALSE,TRUE
"1961268020","BladeLogic Inc","BLOG",2008-03-17,NA,NA,NA,NA,FALSE,TRUE
"1961511020","Chief Consolidated Mining Co","CFCM",2008-03-17,NA,NA,NA,NA,FALSE,TRUE
"1960948020","Bear Stearns Cos Inc","BSC",2008-03-16,NA,NA,NA,NA,FALSE,TRUE
"1960498020","ORBIT/FR Inc","ORFR",2008-03-13,NA,NA,NA,NA,FALSE,TRUE
"1960524020","National Atlantic Holdings Corp","NAHC",2008-03-13,NA,NA,NA,NA,FALSE,TRUE
"1960653020","Gibraltar Packaging Group Inc","PACK",2008-03-13,"   1712463","sec_bulk","high","Ranpak Holdings Corp.",TRUE,FALSE
"1959697020","Cytogen Corp","CYTO",2008-03-11,NA,NA,NA,NA,FALSE,TRUE
"1959719020","Petals Decorative Accents Inc","PDEC",2008-03-11,NA,NA,NA,NA,FALSE,TRUE
"1959292020","WJ Communications Inc","WJCI",2008-03-10,NA,NA,NA,NA,FALSE,TRUE
"1959313020","Iomega Corp","IOM",2008-03-10,NA,NA,NA,NA,FALSE,TRUE
"1959552020","River City Bank, Mechanicsville,Virginia","RCBK",2008-03-10,NA,NA,NA,NA,FALSE,TRUE
"1959579020","Specialized Health Products International Inc","SHPI",2008-03-10,NA,NA,NA,NA,FALSE,TRUE
"1959698020","MASSBank Corp","MASB",2008-03-10,NA,NA,NA,NA,FALSE,TRUE
"1957968020","Cyberview Technology Inc","CYBV",2008-03-04,NA,NA,NA,NA,FALSE,TRUE
"1957221020","Optio Software Inc","OPTO",2008-03-03,NA,NA,NA,NA,FALSE,TRUE
"1961213020","Celera Genomics Corp","CRA",2008-02-28,NA,NA,NA,NA,FALSE,TRUE
"1956250020","1st Independence Financial Group Inc,Harrodsburg, Kentucky","FIFG",2008-02-27,"0001648903","browse_edgar","high","First Foods Group, Inc.",TRUE,FALSE
"1955559020","CollaGenex Pharmaceuticals Inc","CGPI",2008-02-26,NA,NA,NA,NA,FALSE,TRUE
"1945263020","Getty Images Inc","GYI",2008-02-25,NA,NA,NA,NA,FALSE,TRUE
"1955154020","Criticare Systems Inc","CMD",2008-02-25,NA,NA,NA,NA,FALSE,TRUE
"1955254020","Varsity Group Inc","VSTY",2008-02-25,NA,NA,NA,NA,FALSE,TRUE
"1954731020","ESS Technology Inc","ESST",2008-02-22,NA,NA,NA,NA,FALSE,TRUE
"2113422020","Wellman Inc","WLM",2008-02-22,NA,NA,NA,NA,FALSE,TRUE
"1954295020","ChoicePoint Inc","CPS",2008-02-21,"   1320461","sec_bulk","high","Cooper-Standard Holdings Inc.",TRUE,FALSE
"1954361020","SYS Technologies Inc","SYS",2008-02-21,NA,NA,NA,NA,FALSE,TRUE
"1955042020","American Gilsonite Co","AGTC",2008-02-21,"0001273636","historical_db","high","APPLIED GENETIC TECHNOLOGIES CORP",TRUE,FALSE
"1953988020","Encysive Pharmaceuticals Inc","ENCY",2008-02-20,NA,NA,NA,NA,FALSE,TRUE
"1954191020","ProCentury Corp","PROS",2008-02-20,NA,NA,NA,NA,FALSE,TRUE
"2030083020","Lenox Group Inc","LENX",2008-02-17,NA,NA,NA,NA,FALSE,TRUE
"1952963020","Iron & Glass Bancorp Inc, Pittsburgh,Pennsylvania","ORGB",2008-02-15,NA,NA,NA,NA,FALSE,TRUE
"1952993020","Western Asset Emerging Markets Debt Fund Inc","ESD",2008-02-15,NA,NA,NA,NA,FALSE,TRUE
"1958580020","Bio-Path Holdings Inc","BPTH",2008-02-14,"   1133818","sec_bulk","high","BIO-PATH HOLDINGS, INC.",TRUE,FALSE
"1952115020","Independence Lead Mines Co","ILDM",2008-02-13,NA,NA,NA,NA,FALSE,TRUE
"1952484020","Fresh Harvest Products Inc","FRHV",2008-02-13,NA,NA,NA,NA,FALSE,TRUE
"1951729020","GMH Communities Trust","GCT",2008-02-12,"   1857816","sec_bulk","high","GigaCloud Technology Inc",TRUE,FALSE
"1951418020","Possis Medical Inc","POSS",2008-02-11,NA,NA,NA,NA,FALSE,TRUE
"1951437020","Security Financing Services Inc","SCYF",2008-02-11,NA,NA,NA,NA,FALSE,TRUE
"1952511020","Exotacar Inc","EXOT",2008-02-08,NA,NA,NA,NA,FALSE,TRUE
"1980611020","Surety Capital Corp","SRYP",2008-02-08,NA,NA,NA,NA,FALSE,TRUE
"1949393020","SigmaTel Inc","SGTL",2008-02-04,NA,NA,NA,NA,FALSE,TRUE
"1948905020","CSK Auto Inc","CAO",2008-02-01,NA,NA,NA,NA,FALSE,TRUE
"1948533020","Audible Inc","ADBL",2008-01-31,NA,NA,NA,NA,FALSE,TRUE
"1948062020","NuCO2 Inc","NUCO",2008-01-30,NA,NA,NA,NA,FALSE,TRUE
"1947440020","Quadra Realty Trust Inc","QRR",2008-01-29,NA,NA,NA,NA,FALSE,TRUE
"1900306020","NYMEX Holdings Inc","NMX",2008-01-28,NA,NA,NA,NA,FALSE,TRUE
"1946927020","Matria Healthcare Inc","MATR",2008-01-28,NA,NA,NA,NA,FALSE,TRUE
"1947047020","Neuberger Berman Real Estate Securities Income Fund Inc","NRO",2008-01-28,"   1261166","sec_bulk","high","NEUBERGER REAL ESTATE SECURITIES INCOME FUND INC",TRUE,FALSE
"1948083020","Diversified Mineral Group Inc","DIMG",2008-01-22,NA,NA,NA,NA,FALSE,TRUE
"1944669020","Dominion Homes Inc","DHOM",2008-01-18,NA,NA,NA,NA,FALSE,TRUE
"1944515020","Performance Food Group Co","PFGC",2008-01-17,"   1618673","sec_bulk","high","Performance Food Group Co",TRUE,FALSE
"1943221020","Lifecore Biomedical Inc","LCBM",2008-01-15,NA,NA,NA,NA,FALSE,TRUE
"1943253020","Manatron Inc","MANA",2008-01-15,"   1852023","sec_bulk","high","Grayscale Decentraland Trust (MANA)",TRUE,FALSE
"1943371020","VistaCare Inc","VSTA",2008-01-15,"   1792829","sec_bulk","high","Vasta Platform Ltd",TRUE,FALSE
"1943372020","Financial Industries Corp","FNIN",2008-01-15,NA,NA,NA,NA,FALSE,TRUE
"1943667020","MonArc Corp","MONA",2008-01-15,NA,NA,NA,NA,FALSE,TRUE
"1992868020","Axion Power International Inc","AXPW",2008-01-15,NA,NA,NA,NA,FALSE,TRUE
"1942858020","ASV Inc","ASVI",2008-01-14,NA,NA,NA,NA,FALSE,TRUE
"1942869020","Bright Horizons Family Solutions Inc","BFAM",2008-01-14,"   1437578","sec_bulk","high","BRIGHT HORIZONS FAMILY SOLUTIONS INC.",TRUE,FALSE
"1942876020","Golden Cycle Gold Corp","GCGC",2008-01-14,NA,NA,NA,NA,FALSE,TRUE
"1942146020","Countrywide Financial Corp","CFC",2008-01-11,NA,NA,NA,NA,FALSE,TRUE
"1942305020","AmCOMP Inc","AMCP",2008-01-10,NA,NA,NA,NA,FALSE,TRUE
"1941680020","Shore Financial Corp,Onley, Virginia","SHBK",2008-01-09,NA,NA,NA,NA,FALSE,TRUE
"1941224020","MFB Corp,Mishawaka,Indiana","MFBC",2008-01-08,NA,NA,NA,NA,FALSE,TRUE
"1941733020","St Lawrence Energy Corp","SLAW",2008-01-08,NA,NA,NA,NA,FALSE,TRUE
"1941059020","Burke-Parsons-Bowlby Corp","BPAB",2008-01-07,NA,NA,NA,NA,FALSE,TRUE
"2265044020","ImageXpress Corp","IMJX",2008-01-04,NA,NA,NA,NA,FALSE,TRUE
"1940373020","North Pointe Holdings Corp","NPTE",2008-01-03,NA,NA,NA,NA,FALSE,TRUE
"2264857020","OneScreen Inc","OSCN",2008-01-02,NA,NA,NA,NA,FALSE,TRUE
"1938717020","Document Sciences Corp","DOCX",2007-12-27,NA,NA,NA,NA,FALSE,TRUE
"1938384020","Eyetel Imaging Inc","EYT",2007-12-26,NA,NA,NA,NA,FALSE,TRUE
"2032651020","Movie Gallery Inc","MOVI",2007-12-22,NA,NA,NA,NA,FALSE,TRUE
"1937132020","Respironics Inc","RESP",2007-12-21,NA,NA,NA,NA,FALSE,TRUE
"1937609020","MTC Technologies Inc","MTCT",2007-12-21,NA,NA,NA,NA,FALSE,TRUE
"1937957020","ClickNSettle.Com Inc","CKST",2007-12-20,NA,NA,NA,NA,FALSE,TRUE
"1936495020","Electronic Clearing House Inc","ECHO",2007-12-19,NA,NA,NA,NA,FALSE,TRUE
"1935772020","Visicu Inc","EICU",2007-12-18,NA,NA,NA,NA,FALSE,TRUE
"2264697020","Healthy Coffee International Inc","HCPE",2007-12-18,NA,NA,NA,NA,FALSE,TRUE
"1935010020","Trane Inc","TT",2007-12-17,"   1466258","sec_bulk","high","Trane Technologies plc",TRUE,FALSE
"1935163020","Grant PrideCo Inc","GRP",2007-12-17,NA,NA,NA,NA,FALSE,TRUE
"1935240020","IBT Bancorp Inc,Irwin, Pennsylvania","IRW",2007-12-17,NA,NA,NA,NA,FALSE,TRUE
"1935476020","Carolina Group","CG",2007-12-17,"   1527166","sec_bulk","high","Carlyle Group Inc.",TRUE,FALSE
"1935512020","Carrier Access Corp","CACS",2007-12-17,NA,NA,NA,NA,FALSE,TRUE
"1934692020","BOE Financial Services of Virginia Inc","BSXT",2007-12-14,NA,NA,NA,NA,FALSE,TRUE
"1935045020","GFI Oil & Gas Corp","GFI",2007-12-14,"   1172724","sec_bulk","high","GOLD FIELDS LTD",TRUE,FALSE
"1934142020","AMIS Holdings Inc","AMIS",2007-12-13,NA,NA,NA,NA,FALSE,TRUE
"1934189020","Sun Quest Holdings Inc","SNQS",2007-12-13,NA,NA,NA,NA,FALSE,TRUE
"1933600020","Nextest Systems Corp","NEXT",2007-12-12,"   1612720","sec_bulk","high","NextDecade Corp",TRUE,FALSE
"1933621020","NetManage Inc","NETM",2007-12-12,NA,NA,NA,NA,FALSE,TRUE
"1933891020","ITEX Corp","ITEX",2007-12-12,NA,NA,NA,NA,FALSE,TRUE
"1933030020","Genesis Microchip Inc","GNSS",2007-12-11,"    924383","sec_bulk","high","Genasys Inc.",TRUE,FALSE
"1933103020","American Bank Note Holographics Inc","ABNH",2007-12-11,NA,NA,NA,NA,FALSE,TRUE
"1932411020","Claymont Steel Holdings Inc","PLTE",2007-12-10,NA,NA,NA,NA,FALSE,TRUE
"1932426020","MGI PHARMA Inc","MOGN",2007-12-10,NA,NA,NA,NA,FALSE,TRUE
"1932497020","Adams Respiratory Therapeutics Inc","ARXT",2007-12-10,NA,NA,NA,NA,FALSE,TRUE
"1931934020","Gemstar-TV Guide International Inc","GMST",2007-12-07,NA,NA,NA,NA,FALSE,TRUE
"1929906020","UAP Holding Corp","UAPH",2007-12-03,NA,NA,NA,NA,FALSE,TRUE
"1929982020","Cohesant Technologies Inc","COHT",2007-12-03,NA,NA,NA,NA,FALSE,TRUE
"1930226020","Community First Bancorp Inc, Madisonville,Kentucky","CFBC",2007-12-03,NA,NA,NA,NA,FALSE,TRUE
"1928520020","US BioEnergy Corp","USBE",2007-11-29,NA,NA,NA,NA,FALSE,TRUE
"2058686020","Solutia Inc","SOLUQ",2007-11-29,NA,NA,NA,NA,FALSE,TRUE
"1928449020","Photoworks Inc","FOTO",2007-11-28,NA,NA,NA,NA,FALSE,TRUE
"1927336020","Genlyte Group Inc","GLYT",2007-11-26,NA,NA,NA,NA,FALSE,TRUE
"1925431020","Canyon Resources Corp","CAU",2007-11-19,NA,NA,NA,NA,FALSE,TRUE
"1925547020","Quanex Corp","NX",2007-11-19,"   1423221","sec_bulk","high","Quanex Building Products CORP",TRUE,FALSE
"1925577020","ION Networks Inc","IONN",2007-11-19,NA,NA,NA,NA,FALSE,TRUE
"1925757020","Asset Capital Group Inc","ACGU",2007-11-19,NA,NA,NA,NA,FALSE,TRUE
"1925147020","Pharmion Corp","PHRM",2007-11-18,NA,NA,NA,NA,FALSE,TRUE
"1925423020","Natrol Inc","NTOL",2007-11-18,NA,NA,NA,NA,FALSE,TRUE
"1924950020","Coley Pharmaceutical Group Inc","COLY",2007-11-16,NA,NA,NA,NA,FALSE,TRUE
"1923683020","Tutogen Medical Inc","TTG",2007-11-13,NA,NA,NA,NA,FALSE,TRUE
"1939596020","Gardenburger Inc","GBUR",2007-11-12,NA,NA,NA,NA,FALSE,TRUE
"1923084020","Omega Financial Corp,State College,Pennsylvania","OMEF",2007-11-09,NA,NA,NA,NA,FALSE,TRUE
"1923730020","Discas Inc","DSCS",2007-11-09,NA,NA,NA,NA,FALSE,TRUE
"1922741020","Restoration Hardware Inc","RSTO",2007-11-08,NA,NA,NA,NA,FALSE,TRUE
"1922926020","InPhonic Inc","INPC",2007-11-08,NA,NA,NA,NA,FALSE,TRUE
"2131241020","Horizon Financial Services Corp,Oskaloosa,Iowa","HZFS",2007-11-08,NA,NA,NA,NA,FALSE,TRUE
"1922358020","Global Triad Inc","GBTD",2007-11-07,NA,NA,NA,NA,FALSE,TRUE
"1922437020","vFinance Inc","VFIN",2007-11-07,NA,NA,NA,NA,FALSE,TRUE
"2113333020","Virtual Ed Link Inc","VRED",2007-11-07,NA,NA,NA,NA,FALSE,TRUE
"1921292020","American Financial Realty Trust","AFR",2007-11-05,NA,NA,NA,NA,FALSE,TRUE
"1921494020","EqualLogic Inc","EQLX",2007-11-05,NA,NA,NA,NA,FALSE,TRUE
"1920844020","GB&T Bancshares Inc, Gainesville,Georgia","GBTB",2007-11-02,NA,NA,NA,NA,FALSE,TRUE
"1920038020","First Consulting Group Inc","FCGI",2007-10-31,NA,NA,NA,NA,FALSE,TRUE
"1919616020","Bradley Pharmaceuticals Inc","BDY",2007-10-30,NA,NA,NA,NA,FALSE,TRUE
"1919636020","E-Z-EM Inc","EZM",2007-10-30,NA,NA,NA,NA,FALSE,TRUE
"1920047020","Commerce Group Inc","CGI",2007-10-30,NA,NA,NA,NA,FALSE,TRUE
"1919176020","Covad Communications Group Inc","DVW",2007-10-29,NA,NA,NA,NA,FALSE,TRUE
"1918592020","VerticalNet Inc","VERT",2007-10-26,NA,NA,NA,NA,FALSE,TRUE
"1918715020","Puget Energy Inc","PSD",2007-10-26,NA,NA,NA,NA,FALSE,TRUE
"1918401020","Visual Sciences Inc","VSCN",2007-10-25,NA,NA,NA,NA,FALSE,TRUE
"1918713020","Total System Services Inc","TSS",2007-10-25,NA,NA,NA,NA,FALSE,TRUE
"1918618020","Boston Capital Real Estate Investment Trust",NA,2007-10-24,NA,NA,NA,NA,FALSE,TRUE
"1918293020","Longfoot Communications Corp","LGFT",2007-10-23,NA,NA,NA,NA,FALSE,TRUE
"1916660020","Goodman Global Inc","GGL",2007-10-22,NA,NA,NA,NA,FALSE,TRUE
"1918538020","Standard Mobile Inc","SDML",2007-10-22,NA,NA,NA,NA,FALSE,TRUE
"1916378020","Radiation Therapy Services Inc","RTSX",2007-10-19,NA,NA,NA,NA,FALSE,TRUE
"1916483020","Fashion Tech International Inc","FHTI",2007-10-19,NA,NA,NA,NA,FALSE,TRUE
"1915138020","Midland Co","MLAN",2007-10-17,NA,NA,NA,NA,FALSE,TRUE
"1915475020","Critical Path Inc","CPTH",2007-10-17,NA,NA,NA,NA,FALSE,TRUE
"2146132020","American Surface Technologies International Inc","SURF",2007-10-17,NA,NA,NA,NA,FALSE,TRUE
"1914775020","SCPIE Holdings Inc","SKP",2007-10-16,NA,NA,NA,NA,FALSE,TRUE
"1915063020","Ascent Energy Inc","ACNT",2007-10-16,"     95953","sec_bulk","high","ASCENT INDUSTRIES CO.",TRUE,FALSE
"1914352020","Tektronix Inc","TEK",2007-10-15,NA,NA,NA,NA,FALSE,TRUE
"1913932020","BEA Systems Inc","BEAS",2007-10-12,NA,NA,NA,NA,FALSE,TRUE
"1913999020","Oglebay Norton Co","OGBY",2007-10-12,NA,NA,NA,NA,FALSE,TRUE
"1914412020","Bombay Co Inc","BBAOE",2007-10-12,NA,NA,NA,NA,FALSE,TRUE
"1913855020","Slades Ferry Bancorp,Somerset ,Massachusetts","SFBC",2007-10-11,"   1541119","sec_bulk","high","Sound Financial Bancorp, Inc.",TRUE,FALSE
"1912462020","United Industrial Corp","UIC",2007-10-08,NA,NA,NA,NA,FALSE,TRUE
"1912463020","OneSource Services Inc","OSS",2007-10-08,"   1394056","sec_bulk","high","ONE STOP SYSTEMS, INC.",TRUE,FALSE
"1912888020","Fantastic Fun Inc","FTFN",2007-10-08,NA,NA,NA,NA,FALSE,TRUE
"1905954020","Business Objects SA","BOBJ",2007-10-07,NA,NA,NA,NA,FALSE,TRUE
"1914601020","5th Avenue Channel Corp","FAVE",2007-10-03,NA,NA,NA,NA,FALSE,TRUE
"1910925020","Commerce Bancorp Inc,Cherry Hill,New Jersey","CBH",2007-10-02,NA,NA,NA,NA,FALSE,TRUE
"1910975020","Printronix Inc","PTNX",2007-10-02,NA,NA,NA,NA,FALSE,TRUE
"1911170020","Pavilion Bancorp Inc,Adrian, Michigan","PVLN",2007-10-02,NA,NA,NA,NA,FALSE,TRUE
"1911193020","United Heritage Corp","UHCP",2007-10-02,NA,NA,NA,NA,FALSE,TRUE
"1911390020","Reality Racing Inc","RRGI",2007-10-02,NA,NA,NA,NA,FALSE,TRUE
"1874632020","Bally Total Fitness Holding Corp","BFT",2007-10-01,NA,NA,NA,NA,FALSE,TRUE
"1910534020","NAVTEQ Corp","NVT",2007-10-01,"   1720635","sec_bulk","high","nVent Electric plc",TRUE,FALSE
"1910703020","ViaCell Inc","VIAC",2007-10-01,NA,NA,NA,NA,FALSE,TRUE
"1913998020","Gourmet Herb Growers Inc","GMHB",2007-10-01,NA,NA,NA,NA,FALSE,TRUE
"1909651020","Traffix Inc","TRFX",2007-09-27,NA,NA,NA,NA,FALSE,TRUE
"1909256020","ClickNSettle.Com Inc","CKST",2007-09-26,NA,NA,NA,NA,FALSE,TRUE
"1908252020","Metal Management Inc","MM",2007-09-24,NA,NA,NA,NA,FALSE,TRUE
"1907922020","C-COR Inc","CCBL",2007-09-23,NA,NA,NA,NA,FALSE,TRUE
"1908250020","RTW Inc","RTWI",2007-09-21,NA,NA,NA,NA,FALSE,TRUE
"1906880020","Renovis Inc","RNVS",2007-09-19,NA,NA,NA,NA,FALSE,TRUE
"1907750020","Quaker Fabric Corp","QFAB",2007-09-19,NA,NA,NA,NA,FALSE,TRUE
"1909077020","Forme Capital Inc","FCPL",2007-09-19,NA,NA,NA,NA,FALSE,TRUE
"1906795020","Factory Card Outlet & Party Corp","FCPO",2007-09-18,NA,NA,NA,NA,FALSE,TRUE
"1907257020","Kellwood Co","KWD",2007-09-18,NA,NA,NA,NA,FALSE,TRUE
"1906000020","SunCom Wireless Holdings Inc","TPC",2007-09-17,"     77543","sec_bulk","high","TUTOR PERINI CORP",TRUE,FALSE
"1906080020","EDO Corp","EDO",2007-09-17,NA,NA,NA,NA,FALSE,TRUE
"1906101020","McLeodUSA Inc","MUSA",2007-09-17,"   1573516","sec_bulk","high","Murphy USA Inc.",TRUE,FALSE
"1906222020","Target Logistics Inc","TLG",2007-09-17,NA,NA,NA,NA,FALSE,TRUE
"1905857020","AFA Music Group Ltd","AFAI",2007-09-14,NA,NA,NA,NA,FALSE,TRUE
"1904848020","MidWestOne Financial Group Inc","OSKY",2007-09-12,NA,NA,NA,NA,FALSE,TRUE
"1906346020","Comprehensive Healthcare Solutions Inc","CMHS",2007-09-12,NA,NA,NA,NA,FALSE,TRUE
"1904377020","United Retail Group Inc","URGI",2007-09-11,NA,NA,NA,NA,FALSE,TRUE
"1904006020","Great Lakes Bancorp Inc, Buffalo,New York","GLK",2007-09-10,NA,NA,NA,NA,FALSE,TRUE
"1904603020","Genesis Worldwide Inc","GWO",2007-09-10,NA,NA,NA,NA,FALSE,TRUE
"1903538020","KNBT Bancorp Inc,Bethlehem, Pennsylvania","KNBT",2007-09-07,NA,NA,NA,NA,FALSE,TRUE
"1903710020","KMG America Corp","KMA",2007-09-07,NA,NA,NA,NA,FALSE,TRUE
"1903755020","American Stone Industries Inc","AMST",2007-09-07,"   1807166","sec_bulk","high","Amesite Inc.",TRUE,FALSE
"1903172020","Alabama National BanCorp, Birmingham,Alabama","ALAB",2007-09-06,"   1736297","sec_bulk","high","Astera Labs, Inc.",TRUE,FALSE
"1903182020","TransCommunity Financial Corp","TCYF",2007-09-06,NA,NA,NA,NA,FALSE,TRUE
"1902733020","Applix Inc","APLX",2007-09-05,NA,NA,NA,NA,FALSE,TRUE
"1903147020","Markwest Hydrocarbon Inc","MWP",2007-09-05,NA,NA,NA,NA,FALSE,TRUE
"1901540020","TSB Financial Corp,Charlotte, North Carolina","TSBC",2007-08-30,NA,NA,NA,NA,FALSE,TRUE
"1900813020","PolyMedica Corp","PLMD",2007-08-28,NA,NA,NA,NA,FALSE,TRUE
"1900819020","Matritech Inc","MZT",2007-08-28,NA,NA,NA,NA,FALSE,TRUE
"1903224020","Customer Acquisition Network Inc","CACN",2007-08-28,NA,NA,NA,NA,FALSE,TRUE
"1900446020","Gateway Inc","GTW",2007-08-27,NA,NA,NA,NA,FALSE,TRUE
"1900462020","Carolina National Corp","CNCP",2007-08-27,NA,NA,NA,NA,FALSE,TRUE
"1900631020","Cost-U-Less Inc","CULS",2007-08-27,NA,NA,NA,NA,FALSE,TRUE
"1900667020","Best Care Inc","BCAE",2007-08-22,NA,NA,NA,NA,FALSE,TRUE
"1898310020","First Charter Corp,Charlotte, North Carolina","FCTR",2007-08-16,NA,NA,NA,NA,FALSE,TRUE
"1898450020","RARE Hospitality International Inc","RARE",2007-08-16,"   1515673","sec_bulk","high","Ultragenyx Pharmaceutical Inc.",TRUE,FALSE
"1898311020","Lamson & Sessions Co","LMS",2007-08-15,NA,NA,NA,NA,FALSE,TRUE
"1898742020","CombiMatrix Corp","CBMX",2007-08-15,NA,NA,NA,NA,FALSE,TRUE
"1897620020","Union Bankshares Co,Ellsworth, Maine","UNBH",2007-08-14,NA,NA,NA,NA,FALSE,TRUE
"1897629020","Sycamore National Bank, Cincinnati,Ohio","SYOR",2007-08-14,NA,NA,NA,NA,FALSE,TRUE
"1897226020","Sirenza Microdevices Inc","SMDI",2007-08-13,NA,NA,NA,NA,FALSE,TRUE
"1897233020","Gensym Corp","GNSM",2007-08-13,NA,NA,NA,NA,FALSE,TRUE
"1897253020","Xcorporeal Inc","XCR",2007-08-13,NA,NA,NA,NA,FALSE,TRUE
"1897664020","American Leisure Holdings Inc","AMLH",2007-08-13,"0001124197","browse_edgar","high","AMERICAN LEISURE HOLDINGS, INC.",TRUE,FALSE
"1897213020","Midwest Air Group Inc","MEH",2007-08-12,NA,NA,NA,NA,FALSE,TRUE
"1896185020","Aptimus Inc","APTM",2007-08-08,NA,NA,NA,NA,FALSE,TRUE
"1895815020","Isotis Inc","ISOT",2007-08-07,NA,NA,NA,NA,FALSE,TRUE
"1895933020","Microtek Medical Holdings Inc","MTMD",2007-08-07,NA,NA,NA,NA,FALSE,TRUE
"1895431020","Infocrossing Inc","IFOX",2007-08-06,NA,NA,NA,NA,FALSE,TRUE
"1895439020","Tendercare International Inc","TCAR",2007-08-06,NA,NA,NA,NA,FALSE,TRUE
"1895802020","HemoSense Inc","HEM",2007-08-06,NA,NA,NA,NA,FALSE,TRUE
"1895830020","CompuDyne Corp","CDCY",2007-08-06,NA,NA,NA,NA,FALSE,TRUE
"1895265020","Coast Financial Holdings Inc","CFHI",2007-08-03,NA,NA,NA,NA,FALSE,TRUE
"1894576020","CheckFree Corp","CKFR",2007-08-02,NA,NA,NA,NA,FALSE,TRUE
"1895314020","Alliance All-Market Advantage Fund Inc","AMO",2007-08-02,NA,NA,NA,NA,FALSE,TRUE
"1933250020","EarthShell Corp","ERTH",2007-08-02,NA,NA,NA,NA,FALSE,TRUE
"1894867020","LyndonBank,Lyndonville,Vermont","LYSB",2007-08-01,NA,NA,NA,NA,FALSE,TRUE
"1186486020","Rural Cellular Corp","RCCC",2007-07-30,NA,NA,NA,NA,FALSE,TRUE
"1893510020","Whitehall Jewellers Inc","JWL",2007-07-30,NA,NA,NA,NA,FALSE,TRUE
"1892685020","Kyphon Inc","KYPH",2007-07-27,NA,NA,NA,NA,FALSE,TRUE
"1892696020","USB Holding Co Inc,Orangeburg, New York","UBH",2007-07-27,NA,NA,NA,NA,FALSE,TRUE
"1892719020","Deb Shops Inc","DEBS",2007-07-27,NA,NA,NA,NA,FALSE,TRUE
"1892455020","FNB Corp,Christianburg, Virginia","FNBP",2007-07-26,NA,NA,NA,NA,FALSE,TRUE
"1892694020","Boardwalk Bancorp Inc,Linwood, New Jersey","BORD",2007-07-26,NA,NA,NA,NA,FALSE,TRUE
"1891717020","Dade Behring Holdings Inc","DADE",2007-07-25,NA,NA,NA,NA,FALSE,TRUE
"1891763020","PRA International","PRAI",2007-07-25,NA,NA,NA,NA,FALSE,TRUE
"1891110020","Republic Property Trust","RPB",2007-07-24,NA,NA,NA,NA,FALSE,TRUE
"1891133020","Ryerson Inc",NA,2007-07-24,NA,NA,NA,NA,FALSE,TRUE
"1890551020","Arrow International Inc","ARRO",2007-07-23,NA,NA,NA,NA,FALSE,TRUE
"1890554020","GlobalSantaFe Corp","GSF",2007-07-23,NA,NA,NA,NA,FALSE,TRUE
"1890584020","Opsware Inc","OPSW",2007-07-23,NA,NA,NA,NA,FALSE,TRUE
"1890589020","Neoware Inc","NWRE",2007-07-23,NA,NA,NA,NA,FALSE,TRUE
"1890341020","FoxHollow Technologies Inc","FOXH",2007-07-22,NA,NA,NA,NA,FALSE,TRUE
"1890165020","Sistersville Bancorp Inc","SVBC",2007-07-20,NA,NA,NA,NA,FALSE,TRUE
"1890167020","Oak Hill Financial Inc, Jackson,Ohio","OAKF",2007-07-20,NA,NA,NA,NA,FALSE,TRUE
"1890365020","Nathaniel Energy Corp","NECX",2007-07-20,NA,NA,NA,NA,FALSE,TRUE
"1889645020","Williams Scotsman International Inc","WLSC",2007-07-19,NA,NA,NA,NA,FALSE,TRUE
"1889691020","Sterling Financial Corp, Lancaster, Pennsylvania","SLFI",2007-07-19,NA,NA,NA,NA,FALSE,TRUE
"1889692020","Partners Trust Financial Group Inc","PRTR",2007-07-19,NA,NA,NA,NA,FALSE,TRUE
"1888574020","Lyondell Chemical Co","LYO",2007-07-17,NA,NA,NA,NA,FALSE,TRUE
"1888625020","Keystone Automotive Industries Inc","KEYS",2007-07-17,"   1601046","sec_bulk","high","Keysight Technologies, Inc.",TRUE,FALSE
"1888628020","Pogo Producing Co","PPP",2007-07-17,NA,NA,NA,NA,FALSE,TRUE
"1888933020","Ronco Corp","RNCP",2007-07-17,NA,NA,NA,NA,FALSE,TRUE
"1889311020","Metromedia International Group Inc","MTRM",2007-07-17,NA,NA,NA,NA,FALSE,TRUE
"1890387020","Pawfect Foods Inc","PWFF",2007-07-17,NA,NA,NA,NA,FALSE,TRUE
"1840079020","Applebees International Inc","APPB",2007-07-16,NA,NA,NA,NA,FALSE,TRUE
"1888175020","DJO Inc","DJO",2007-07-16,NA,NA,NA,NA,FALSE,TRUE
"1887633020","Playtex Products Inc","PYX",2007-07-12,NA,NA,NA,NA,FALSE,TRUE
"1887655020","Great Pee Dee Bancorp Inc, Cheraw,South Carolina","PEDE",2007-07-12,NA,NA,NA,NA,FALSE,TRUE
"1887686020","Tweeter Home Entertainment Group Inc","TWTR",2007-07-12,"0001418091","historical_db","high","TWITTER, INC.",TRUE,FALSE
"1887116020","New Brunswick Scientific Co","NBSC",2007-07-11,NA,NA,NA,NA,FALSE,TRUE
"1887149020","Rodman & Renshaw Capital Group Inc","RR",2007-07-11,"   1963685","sec_bulk","high","RICHTECH ROBOTICS INC.",TRUE,FALSE
"1887158020","Boston Communications Group Inc","BCGI",2007-07-11,NA,NA,NA,NA,FALSE,TRUE
"1886680020","Merchants & Manufacturers Bancorp Inc,Brookfield, Wisconsin","MMBI",2007-07-10,NA,NA,NA,NA,FALSE,TRUE
"1886813020","Chaparral Steel Co","CHAP",2007-07-10,NA,NA,NA,NA,FALSE,TRUE
"1889455020","Implant Technologies Inc","IMLT",2007-07-10,NA,NA,NA,NA,FALSE,TRUE
"1886161020","Sequa Corp","SQAA",2007-07-09,NA,NA,NA,NA,FALSE,TRUE
"1886173020","First Indiana Corp, Indianapolis,Indiana","FINB",2007-07-09,NA,NA,NA,NA,FALSE,TRUE
"1885394020","Samsonite Corp","SAMC",2007-07-05,NA,NA,NA,NA,FALSE,TRUE
"1885402020","ACR Group Inc","ACRG",2007-07-05,"    773717","sec_bulk","high","American Clean Resources Group, Inc.",TRUE,FALSE
"1885430020","Champps Entertainment Inc","CMPP",2007-07-05,NA,NA,NA,NA,FALSE,TRUE
"1884574020","Hilton Hotels Corp","HLT",2007-07-03,"   1585689","sec_bulk","high","Hilton Worldwide Holdings Inc.",TRUE,FALSE
"1884232020","Manor Care Inc","HCR",2007-07-02,NA,NA,NA,NA,FALSE,TRUE
"1884251020","North Pittsburgh Systems Inc","NPSI",2007-07-02,NA,NA,NA,NA,FALSE,TRUE
"1884283020","Option Care Inc","OPTN",2007-07-02,"   2070577","sec_bulk","high","Option Therapeutics Inc.",TRUE,FALSE
"1893561020","First Mutual Bancshares Inc, Bellevue,Washington","FMSB",2007-07-02,NA,NA,NA,NA,FALSE,TRUE
"1883897020","BIW Ltd","BIW",2007-06-29,NA,NA,NA,NA,FALSE,TRUE
"1884020020","Dobson Communications Corp","DCEL",2007-06-29,NA,NA,NA,NA,FALSE,TRUE
"1885727020","Atlantica Inc","ATTC",2007-06-29,NA,NA,NA,NA,FALSE,TRUE
"2099272020","Fleurs De Vie Inc","FDVE",2007-06-29,NA,NA,NA,NA,FALSE,TRUE
"1883353020","Komag Inc","KOMG",2007-06-28,NA,NA,NA,NA,FALSE,TRUE
"1883359020","NewWest Gold Corp","NWG",2007-06-28,"    844150","sec_bulk","high","NatWest Group plc",TRUE,FALSE
"1883384020","Guideline Inc","GDLN",2007-06-28,NA,NA,NA,NA,FALSE,TRUE
"1883492020","Everlast Worldwide Inc","EVST",2007-06-28,NA,NA,NA,NA,FALSE,TRUE
"1881586020","Guitar Center Inc","GTRC",2007-06-27,NA,NA,NA,NA,FALSE,TRUE
"1881590020","eFunds Corp","EFD",2007-06-27,NA,NA,NA,NA,FALSE,TRUE
"1881591020","Andrew Corp","ANDW",2007-06-27,NA,NA,NA,NA,FALSE,TRUE
"1881592020","Chittenden Corp,Burlington, Vermont","CHZ",2007-06-27,NA,NA,NA,NA,FALSE,TRUE
"1882948020","Meridian Gold Inc","MNG",2007-06-27,NA,NA,NA,NA,FALSE,TRUE
"1881670020","Web.com Inc","WWWW",2007-06-26,NA,NA,NA,NA,FALSE,TRUE
"1882024020","Cinnabar Enterprises Inc","CINN",2007-06-26,NA,NA,NA,NA,FALSE,TRUE
"1882076020","Net2Auction Inc","NAUC",2007-06-26,NA,NA,NA,NA,FALSE,TRUE
"1885917020","Air Brook Airport Express Inc","ARBX",2007-06-26,NA,NA,NA,NA,FALSE,TRUE
"1881479020","America First Apartment Investors Inc","APRO",2007-06-25,NA,NA,NA,NA,FALSE,TRUE
"1881495020","Neon Communications Group Inc","NGI",2007-06-25,NA,NA,NA,NA,FALSE,TRUE
"1881567020","Ventana Medical Systems Inc","VMSI",2007-06-25,NA,NA,NA,NA,FALSE,TRUE
"1881581020","Energy East Corp","EAS",2007-06-25,NA,NA,NA,NA,FALSE,TRUE
"1881616020","Christiana Bank & Trust Co","CBTD",2007-06-25,NA,NA,NA,NA,FALSE,TRUE
"1881682020","Professionals Direct Inc","PFLD",2007-06-25,NA,NA,NA,NA,FALSE,TRUE
"1320380020","Liberator Medical Supply Inc","LMDS",2007-06-22,NA,NA,NA,NA,FALSE,TRUE
"1881257020","US Xpress Enterprises Inc","XPRSA",2007-06-22,NA,NA,NA,NA,FALSE,TRUE
"1880473020","Equity Inns Inc","ENN",2007-06-21,NA,NA,NA,NA,FALSE,TRUE
"1879900020","Nuveen Investments Inc","JNC",2007-06-20,NA,NA,NA,NA,FALSE,TRUE
"1880321020","Oakley Inc","OO",2007-06-20,NA,NA,NA,NA,FALSE,TRUE
"1883880020","Mega Media Group Inc","MMDA",2007-06-20,NA,NA,NA,NA,FALSE,TRUE
"1936902020","Calpine Corp","CPNLQ",2007-06-20,NA,NA,NA,NA,FALSE,TRUE
"1879398020","Color Kinetics Inc","CLRK",2007-06-19,NA,NA,NA,NA,FALSE,TRUE
"1879447020","Regency Energy Partners LP","RGNC",2007-06-19,NA,NA,NA,NA,FALSE,TRUE
"1879640020","American Uranium Mining Co","ITHI",2007-06-19,NA,NA,NA,NA,FALSE,TRUE
"1886201020","Cybersentry Inc","CYRS",2007-06-19,NA,NA,NA,NA,FALSE,TRUE
"1939533020","Kronos Advanced Technologies  Inc","KNOS",2007-06-19,"   1108248","sec_bulk","high","KRONOS ADVANCED TECHNOLOGIES INC",TRUE,FALSE
"1878821020","American Technical Ceramics Corp","AMK",2007-06-18,NA,NA,NA,NA,FALSE,TRUE
"1878871020","Authorize.Net Holdings Inc","ANET",2007-06-18,"   1596532","sec_bulk","high","Arista Networks, Inc.",TRUE,FALSE
"1846949020","Friendly Ice Cream Corp","FRN",2007-06-17,NA,NA,NA,NA,FALSE,TRUE
"1878341020","Coinmach Service Corp","DRY",2007-06-15,NA,NA,NA,NA,FALSE,TRUE
"1878165020","Cardinal State Bank,Durham, North Carolina","CSNC",2007-06-14,NA,NA,NA,NA,FALSE,TRUE
"1877385020","VendingData Corp","VNX",2007-06-13,NA,NA,NA,NA,FALSE,TRUE
"1876417020","James River Group Inc","JRVR",2007-06-11,"   1620459","sec_bulk","high","James River Group Holdings, Inc.",TRUE,FALSE
"1876961020","Horizon Offshore Inc","HOFF",2007-06-11,NA,NA,NA,NA,FALSE,TRUE
"1875659020","Yardville National Bancorp Hamiltonnew Jersey","YANB",2007-06-07,NA,NA,NA,NA,FALSE,TRUE
"1876960020","Futura Banc Corp","FUBK",2007-06-07,NA,NA,NA,NA,FALSE,TRUE
"1863040020","All American Semiconductor Inc","SEMI",2007-06-04,NA,NA,NA,NA,FALSE,TRUE
"1871749020","Avaya Inc","AV",2007-06-04,NA,NA,NA,NA,FALSE,TRUE
"1873961020","Accredited Home Lenders Holding Co",NA,2007-06-04,NA,NA,NA,NA,FALSE,TRUE
"1873968020","Solectron Corp","SLR",2007-06-04,NA,NA,NA,NA,FALSE,TRUE
"1874039020","Cholestech Corp","CTEC",2007-06-04,NA,NA,NA,NA,FALSE,TRUE
"1874047020","1-800 Contacts Inc","CTAC",2007-06-04,NA,NA,NA,NA,FALSE,TRUE
"1874364020","Community Bank & Trust Co, Wolfeboro, New Hampshire","CBNH",2007-06-04,NA,NA,NA,NA,FALSE,TRUE
"1874787020","John Hancock Patriot Global Dividend Fund","PGD",2007-06-04,NA,NA,NA,NA,FALSE,TRUE
"1879009020","Wilsons The Leather Experts Inc","WLSN",2007-06-04,NA,NA,NA,NA,FALSE,TRUE
"1873513020","Digene Corp","DIGE",2007-06-03,NA,NA,NA,NA,FALSE,TRUE
"2081162020","Contracted Services Inc","CSEV",2007-06-02,NA,NA,NA,NA,FALSE,TRUE
"1872671020","AG Edwards Inc","AGE",2007-05-31,NA,NA,NA,NA,FALSE,TRUE
"1872425020","Ceridian Corp","CEN",2007-05-30,NA,NA,NA,NA,FALSE,TRUE
"1872817020","Q Comm International Inc","QMM",2007-05-30,NA,NA,NA,NA,FALSE,TRUE
"1872884020","Notify Technology Corp","NTFY",2007-05-30,NA,NA,NA,NA,FALSE,TRUE
"1871760020","Archstone-Smith Trust","ASN",2007-05-29,NA,NA,NA,NA,FALSE,TRUE
"1871767020","Bioenvision Inc","BIVN",2007-05-29,NA,NA,NA,NA,FALSE,TRUE
"1871864020","CT Communications Inc","CTCI",2007-05-29,NA,NA,NA,NA,FALSE,TRUE
"1871948020","CDW Corp","CDWC",2007-05-29,"0001402057","browse_edgar","high","CDW Corp",TRUE,FALSE
"1871504020","Washington Group International Inc","WGII",2007-05-28,NA,NA,NA,NA,FALSE,TRUE
"1871286020","Winning Edge International Inc","WNED",2007-05-24,NA,NA,NA,NA,FALSE,TRUE
"1870036020","Stride Rite Corp","SRR",2007-05-22,NA,NA,NA,NA,FALSE,TRUE
"1870125020","Crescent Real Estate Equities Co","CEI",2007-05-22,NA,NA,NA,NA,FALSE,TRUE
"1869473020","Pioneer Cos Inc","PONR",2007-05-21,NA,NA,NA,NA,FALSE,TRUE
"1869938020","Peoples BancTrust Co Inc, Selma,Alabama","PBTC",2007-05-21,NA,NA,NA,NA,FALSE,TRUE
"1870383020","Cygnet Financial Corp","CGNT",2007-05-21,"   1824814","sec_bulk","high","Cognyte Software Ltd.",TRUE,FALSE
"1845673020","Alltel Corp","AT",2007-05-20,NA,NA,NA,NA,FALSE,TRUE
"1869224020","Cytyc Corp","CYTC",2007-05-20,NA,NA,NA,NA,FALSE,TRUE
"1868950020","aQuantive Inc","AQNT",2007-05-18,NA,NA,NA,NA,FALSE,TRUE
"1868999020","Iomed Inc","IOX",2007-05-18,NA,NA,NA,NA,FALSE,TRUE
"2262799020","Kesselring Holding Corp","KSSH",2007-05-18,NA,NA,NA,NA,FALSE,TRUE
"1862413020","24/7 Real Media Inc","TFSM",2007-05-17,NA,NA,NA,NA,FALSE,TRUE
"1868843020","BP International Inc","BPIL",2007-05-17,NA,NA,NA,NA,FALSE,TRUE
"2123833020","Collins & Aikman Corp",NA,2007-05-17,NA,NA,NA,NA,FALSE,TRUE
"1868140020","Bausch & Lomb Inc","BOL",2007-05-16,NA,NA,NA,NA,FALSE,TRUE
"1868213020","East Penn Financial Corp, Emmaus,PA","EPEN",2007-05-16,NA,NA,NA,NA,FALSE,TRUE
"1867772020","International Electronics Inc","IEIB",2007-05-15,NA,NA,NA,NA,FALSE,TRUE
"1867791020","Dynamic Health Products Inc","DYHP",2007-05-15,NA,NA,NA,NA,FALSE,TRUE
"1867910020","Agile Software Corp","AGIL",2007-05-15,NA,NA,NA,NA,FALSE,TRUE
"1867966020","Factory Point Bancorp Inc","FAPB",2007-05-15,NA,NA,NA,NA,FALSE,TRUE
"1901165020","Stamford Bank Corp,Stamford, New York","SMFB",2007-05-15,NA,NA,NA,NA,FALSE,TRUE
"1867310020","eCollege.com","ECLG",2007-05-14,NA,NA,NA,NA,FALSE,TRUE
"1867312020","VIASYS Healthcare Inc","VAS",2007-05-14,NA,NA,NA,NA,FALSE,TRUE
"1867382020","Synergy Financial Group Inc","SYNF",2007-05-14,NA,NA,NA,NA,FALSE,TRUE
"1867502020","Inforte Corp","INFT",2007-05-14,NA,NA,NA,NA,FALSE,TRUE
"1867513020","Stratos International Inc","STLW",2007-05-14,NA,NA,NA,NA,FALSE,TRUE
"1867985020","First Albany Cos Inc","FACT",2007-05-14,"   2028935","sec_bulk","high","FACT II Acquisition Corp.",TRUE,FALSE
"1865697020","Sipex Corp","SIPX",2007-05-08,NA,NA,NA,NA,FALSE,TRUE
"1865698020","Florida East Coast Industries Inc","FLA",2007-05-08,NA,NA,NA,NA,FALSE,TRUE
"1865247020","Ohio Casualty Corp","OCAS",2007-05-07,NA,NA,NA,NA,FALSE,TRUE
"1865254020","Armor Holdings Inc","AH",2007-05-07,NA,NA,NA,NA,FALSE,TRUE
"1865720020","Heringrat 478 Inc","HGRT",2007-05-07,NA,NA,NA,NA,FALSE,TRUE
"1864876020","Greater Bay Bancorp,Palo Alto, California","GBBK",2007-05-04,NA,NA,NA,NA,FALSE,TRUE
"1864545020","IPSCO Inc","IPS",2007-05-03,NA,NA,NA,NA,FALSE,TRUE
"1864600020","CIMNET Inc","CIMK",2007-05-03,NA,NA,NA,NA,FALSE,TRUE
"1864954020","Energroup Technologies Corp","EGRT",2007-05-03,NA,NA,NA,NA,FALSE,TRUE
"1864012020","BISYS Group Inc","BSG",2007-05-02,NA,NA,NA,NA,FALSE,TRUE
"1864495020","Mity Enterprises Inc","MITY",2007-05-02,NA,NA,NA,NA,FALSE,TRUE
"1863667020","Community Banks Inc, Harrisburg,Pennsylvania","CMTY",2007-05-01,NA,NA,NA,NA,FALSE,TRUE
"1863671020","Dow Jones & Co Inc","DJ",2007-05-01,NA,NA,NA,NA,FALSE,TRUE
"1863676020","MAF Bancorp Inc,Clarendon Hills,Illinois","MAFB",2007-05-01,NA,NA,NA,NA,FALSE,TRUE
"1899403020","Gilman Ciocia Inc","GTAX",2007-05-01,NA,NA,NA,NA,FALSE,TRUE
"1836550020","Eagle Hospitality Properties Trust Inc","EHP",2007-04-30,NA,NA,NA,NA,FALSE,TRUE
"1863353020","Enpath Medical Inc","NPTH",2007-04-30,NA,NA,NA,NA,FALSE,TRUE
"1863400020","International Securities Exchange Holdings Inc","ISE",2007-04-30,NA,NA,NA,NA,FALSE,TRUE
"1863861020","Ownertel Inc","OTEL",2007-04-30,NA,NA,NA,NA,FALSE,TRUE
"1932605020","Media Source Inc","MESH",2007-04-30,"   2081468","sec_bulk","high","Meshflow Acquisition Corp",TRUE,FALSE
"1862992020","Arkona Inc","ARKN",2007-04-27,NA,NA,NA,NA,FALSE,TRUE
"1862551020","Castelle Inc","CSTL",2007-04-26,"   1447362","sec_bulk","high","CASTLE BIOSCIENCES INC",TRUE,FALSE
"1862639020","Inter-Tel Inc","INTL",2007-04-26,NA,NA,NA,NA,FALSE,TRUE
"1864291020","Terax Energy Inc","TERX",2007-04-26,NA,NA,NA,NA,FALSE,TRUE
"1862124020","K2 Inc","KTO",2007-04-25,NA,NA,NA,NA,FALSE,TRUE
"1862451020","Covansys Corp","CVNS",2007-04-25,NA,NA,NA,NA,FALSE,TRUE
"1862540020","Pediatric Services of America Inc","PSAI",2007-04-25,NA,NA,NA,NA,FALSE,TRUE
"1861672020","Highland Hospitality Corp","HIH",2007-04-24,NA,NA,NA,NA,FALSE,TRUE
"1861680020","Symbion Inc","SMBI",2007-04-24,NA,NA,NA,NA,FALSE,TRUE
"1861863020","Desert Community Bank, Victorville,California","DCBK",2007-04-24,NA,NA,NA,NA,FALSE,TRUE
"1861079020","MedImmune Inc","MEDI",2007-04-23,NA,NA,NA,NA,FALSE,TRUE
"1861261020","Terayon Communication Systems Inc","TERN",2007-04-23,"   1831363","sec_bulk","high","Terns Pharmaceuticals, Inc.",TRUE,FALSE
"1861362020","Optical Communication Products Inc{OCPI}","OCPI",2007-04-23,NA,NA,NA,NA,FALSE,TRUE
"1860858020","Interpool Inc","IPX",2007-04-20,"   1898601","sec_bulk","high","IPERIONX Ltd",TRUE,FALSE
"1860600020","Aeroflex Inc","ARXX",2007-04-19,NA,NA,NA,NA,FALSE,TRUE
"1861466020","Heartland Oil & Gas Corp","HOGC",2007-04-19,NA,NA,NA,NA,FALSE,TRUE
"1859565020","OMI Corp","OMM",2007-04-17,NA,NA,NA,NA,FALSE,TRUE
"1859592020","Catalina Marketing Corp","POS",2007-04-17,NA,NA,NA,NA,FALSE,TRUE
"1862333020","Distributed Power Inc","DPWI",2007-04-17,NA,NA,NA,NA,FALSE,TRUE
"1859180020","Innkeepers USA Trust","KPA",2007-04-16,NA,NA,NA,NA,FALSE,TRUE
"1859830020","Point 360","PTSX",2007-04-16,NA,NA,NA,NA,FALSE,TRUE
"1858581020","Chanaral Resources Inc","CRLR",2007-04-13,NA,NA,NA,NA,FALSE,TRUE
"1858232020","Mobius Management Systems Inc","MOBI",2007-04-12,NA,NA,NA,NA,FALSE,TRUE
"1858321020","Cutter & Buck Inc","CBUK",2007-04-12,NA,NA,NA,NA,FALSE,TRUE
"1858531020","eGene Inc","EGEI",2007-04-12,NA,NA,NA,NA,FALSE,TRUE
"1857268020","FermaVir Pharmaceuticals Inc","FMVR",2007-04-10,NA,NA,NA,NA,FALSE,TRUE
"1856754020","Stratagene Corp","STGN",2007-04-06,NA,NA,NA,NA,FALSE,TRUE
"1856897020","Roadhouse Grill Inc","GRLL",2007-04-06,NA,NA,NA,NA,FALSE,TRUE
"1856567020","webMethods Inc","WEBM",2007-04-05,NA,NA,NA,NA,FALSE,TRUE
"1856710020","World Air Holdings Inc","WLDA",2007-04-05,NA,NA,NA,NA,FALSE,TRUE
"1856202020","BioVeris Corp","BIOV",2007-04-04,NA,NA,NA,NA,FALSE,TRUE
"1856203020","Ablest Inc","AIH",2007-04-04,NA,NA,NA,NA,FALSE,TRUE
"1856565020","Biosite Inc","BSTE",2007-04-04,NA,NA,NA,NA,FALSE,TRUE
"1856083020","Buckeye GP Holdings LP","BGH",2007-04-03,"   1521404","sec_bulk","high","BARINGS GLOBAL SHORT DURATION HIGH YIELD FUND",TRUE,FALSE
"1795949020","Tribune Co","TRB",2007-04-02,NA,NA,NA,NA,FALSE,TRUE
"1854977020","First Data Corp","FDC",2007-04-02,NA,NA,NA,NA,FALSE,TRUE
"1855208020","Global Imaging Systems Inc","GISX",2007-04-02,NA,NA,NA,NA,FALSE,TRUE
"1855430020","Quovadx Inc","QVDX",2007-04-01,NA,NA,NA,NA,FALSE,TRUE
"1853964020","Lone Star Technologies Inc","LSS",2007-03-29,NA,NA,NA,NA,FALSE,TRUE
"1854935020","EnerBrite Technologies Group Inc","ETGG",2007-03-29,NA,NA,NA,NA,FALSE,TRUE
"1853512020","Mountain Bank Holding Co","MNBH",2007-03-28,NA,NA,NA,NA,FALSE,TRUE
"1853541020","Town Center Bancorp,Portland, Oregon","TWBC",2007-03-28,NA,NA,NA,NA,FALSE,TRUE
"1854094020","Tower Automotive Inc","TWR",2007-03-28,NA,NA,NA,NA,FALSE,TRUE
"1853046020","Milastar Corp","MILAA",2007-03-27,NA,NA,NA,NA,FALSE,TRUE
"1852113020","Trinsic Inc","TRINC",2007-03-26,NA,NA,NA,NA,FALSE,TRUE
"1852492020","Monmouth Capital Corp","MONM",2007-03-26,NA,NA,NA,NA,FALSE,TRUE
"1833317020","Vertrue Inc","VTRU",2007-03-22,NA,NA,NA,NA,FALSE,TRUE
"1851481020","Paxar Corp","PXR",2007-03-22,NA,NA,NA,NA,FALSE,TRUE
"1851804020","Smithway Motor Xpress Corp","SMXC",2007-03-22,NA,NA,NA,NA,FALSE,TRUE
"1851972020","Kronos Inc","KRON",2007-03-22,"0001741830","browse_edgar","medium","Kronos Bio, Inc.",TRUE,FALSE
"1818764020","Claire's Stores Inc","CLE",2007-03-20,NA,NA,NA,NA,FALSE,TRUE
"1850547020","Eschelon Telecom Inc","ESCH",2007-03-20,NA,NA,NA,NA,FALSE,TRUE
"1816031020","ServiceMaster Co","SVM",2007-03-19,"   1340677","sec_bulk","high","SILVERCORP METALS INC",TRUE,FALSE
"1849765020","TODCO","THE",2007-03-19,NA,NA,NA,NA,FALSE,TRUE
"1849768020","Stratos Global Corp","SGB",2007-03-19,NA,NA,NA,NA,FALSE,TRUE
"1849778020","Triad Hospitals Inc","TRI",2007-03-19,"   1075124","sec_bulk","high","THOMSON REUTERS CORP /CAN/",TRUE,FALSE
"1850844020","EGL Inc","EAGL",2007-03-19,NA,NA,NA,NA,FALSE,TRUE
"1849692020","InfraSource Services Inc","IFS",2007-03-18,"   1615903","sec_bulk","high","Intercorp Financial Services Inc.",TRUE,FALSE
"1848850020","WebEx Communications Inc","WEBX",2007-03-15,NA,NA,NA,NA,FALSE,TRUE
"1848363020","BabyUniverse Inc","KIDS",2007-03-14,"   1425450","sec_bulk","high","ORTHOPEDIATRICS CORP",TRUE,FALSE
"1848423020","Loring Ward International Ltd","LW",2007-03-14,"   1679273","sec_bulk","high","Lamb Weston Holdings, Inc.",TRUE,FALSE
"1849102020","MapInfo Corp","MAPS",2007-03-14,"   1779474","sec_bulk","high","WM TECHNOLOGY, INC.",TRUE,FALSE
"1848127020","180 Connect Inc","CNCT",2007-03-13,NA,NA,NA,NA,FALSE,TRUE
"1847445020","Sierra Health Services Inc","SIE",2007-03-12,NA,NA,NA,NA,FALSE,TRUE
"1847751020","Redpoint Bio Corp","RPBC",2007-03-12,NA,NA,NA,NA,FALSE,TRUE
"1848075020","Spirit Finance Corp","SFC",2007-03-12,NA,NA,NA,NA,FALSE,TRUE
"1847431020","Dollar General Corp","DG",2007-03-11,"     29534","sec_bulk","high","DOLLAR GENERAL CORP",TRUE,FALSE
"1847492020","Sunterra Corp","SNRR",2007-03-09,NA,NA,NA,NA,FALSE,TRUE
"1847046020","Winston Hotels Inc","WXH",2007-03-08,NA,NA,NA,NA,FALSE,TRUE
"1849479020","City Savings Financial Corp","CSFC",2007-03-08,NA,NA,NA,NA,FALSE,TRUE
"1845642020","K&F Industries Holdings Inc","KFI",2007-03-06,NA,NA,NA,NA,FALSE,TRUE
"1845736020","Topps Co Inc","TOPP",2007-03-06,"   1960847","sec_bulk","high","Toppoint Holdings Inc.",TRUE,FALSE
"1847558020","GSI Securitization Ltd","GSIEF",2007-03-06,NA,NA,NA,NA,FALSE,TRUE
"1845403020","SafeNet Inc","SFNT",2007-03-05,NA,NA,NA,NA,FALSE,TRUE
"1845555020","Battle Mountain Gold Exploration Corp","BMGX",2007-03-05,NA,NA,NA,NA,FALSE,TRUE
"1845817020","Allied Holdings Inc","AHI",2007-03-05,NA,NA,NA,NA,FALSE,TRUE
"1844640020","Bristol West Holdings Inc","BRW",2007-03-02,"    826020","sec_bulk","high","Saba Capital Income & Opportunities Fund",TRUE,FALSE
"1845397020","Western Asset Municipal Partners Fund II Inc","MPT",2007-03-02,NA,NA,NA,NA,FALSE,TRUE
"1844877020","Dendrite International Inc","DRTE",2007-03-01,NA,NA,NA,NA,FALSE,TRUE
"1845045020","Exousia Advanced Materials Inc","EXOU",2007-03-01,NA,NA,NA,NA,FALSE,TRUE
"1845442020","Tupperware Brands Corp","TUP",2007-03-01,"0001008654","browse_edgar","high","TUPPERWARE BRANDS CORP",TRUE,FALSE
"1844040020","Steel Technologies Inc","STTX",2007-02-28,NA,NA,NA,NA,FALSE,TRUE
"1844303020","Hyperion Solutions Corp","HYSL",2007-02-28,NA,NA,NA,NA,FALSE,TRUE
"1843578020","Pathmark Stores Inc","PTMK",2007-02-27,NA,NA,NA,NA,FALSE,TRUE
"1843600020","New Plan Excel Realty Trust Inc","NXL",2007-02-27,"   1527352","sec_bulk","high","Nexalin Technology, Inc.",TRUE,FALSE
"1842923020","TXU Corp","TXU",2007-02-26,NA,NA,NA,NA,FALSE,TRUE
"1843235020","Smith & Wollensky Restaurant Group Inc","SWRG",2007-02-26,NA,NA,NA,NA,FALSE,TRUE
"1843462020","FNB Financial Services Corp, Greensboro,North Carolina","FNBF",2007-02-26,NA,NA,NA,NA,FALSE,TRUE
"1029034020","SEMCO Energy Inc","SEN",2007-02-23,NA,NA,NA,NA,FALSE,TRUE
"1842566020","Applied Innovation Inc","AINN",2007-02-22,NA,NA,NA,NA,FALSE,TRUE
"1842599020","Landmark National Bank,Solana Beach,California","LMRK",2007-02-22,NA,NA,NA,NA,FALSE,TRUE
"1841941020","Wild Oats Markets Inc","OATS",2007-02-21,NA,NA,NA,NA,FALSE,TRUE
"1841360020","New River Pharmaceuticals Inc","NRPH",2007-02-20,NA,NA,NA,NA,FALSE,TRUE
"1841390020","TB Woods Corp","TBWC",2007-02-20,NA,NA,NA,NA,FALSE,TRUE
"1841425020","Smart & Final Inc","SMF",2007-02-20,NA,NA,NA,NA,FALSE,TRUE
"1841755020","Central Parking Corp","CPC",2007-02-20,NA,NA,NA,NA,FALSE,TRUE
"1772394020","XM Satellite Radio Holdings Inc","XMSR",2007-02-19,NA,NA,NA,NA,FALSE,TRUE
"1841203020","Florida Rock Industries Inc","FRK",2007-02-19,NA,NA,NA,NA,FALSE,TRUE
"1841406020","LESCO Inc","LSCO",2007-02-19,NA,NA,NA,NA,FALSE,TRUE
"1840673020","Compass Bancshares Inc, Birmingham,Alabama","CBSS",2007-02-16,NA,NA,NA,NA,FALSE,TRUE
"1840767020","Fieldstone Investment Corp","FICC",2007-02-16,NA,NA,NA,NA,FALSE,TRUE
"1841461020","Vantagemed Corp","VMDC",2007-02-16,NA,NA,NA,NA,FALSE,TRUE
"1827162020","Apple Hospitality Two Inc","N/A",2007-02-15,"   1872302","sec_bulk","high","Nano Labs Ltd",TRUE,FALSE
"1951998020","Putnam High Yield Municipal Trust","PYM",2007-02-15,NA,NA,NA,NA,FALSE,TRUE
"1840250020","TALX Corp","TALX",2007-02-14,NA,NA,NA,NA,FALSE,TRUE
"1840037020","Corillian Corp","CORI",2007-02-13,NA,NA,NA,NA,FALSE,TRUE
"1839151020","Hydril Co LP","HYDL",2007-02-12,NA,NA,NA,NA,FALSE,TRUE
"1839154020","Witness Systems Inc","WITS",2007-02-12,NA,NA,NA,NA,FALSE,TRUE
"1839166020","Adeza Biomedical Corp","ADZA",2007-02-12,NA,NA,NA,NA,FALSE,TRUE
"1841873020","Alliance World Dollar Government Fund Inc","AWG",2007-02-12,NA,NA,NA,NA,FALSE,TRUE
"1838916020","Novelis Inc","NVL",2007-02-10,NA,NA,NA,NA,FALSE,TRUE
"1838613020","Laidlaw International Inc","LI",2007-02-09,"   1791706","sec_bulk","high","Li Auto Inc.",TRUE,FALSE
"1838904020","Mikron Infrared Inc","MIKR",2007-02-09,NA,NA,NA,NA,FALSE,TRUE
"1838750020","First Coastal Bancshares,El Segundo,California","FCST",2007-02-08,NA,NA,NA,NA,FALSE,TRUE
"1838757020","Diablo Valley Bank,Alamo, California","DBVB",2007-02-08,NA,NA,NA,NA,FALSE,TRUE
"1837916020","Keane Inc","KEA",2007-02-07,NA,NA,NA,NA,FALSE,TRUE
"1838084020","SpectraLink Corp","SLNK",2007-02-07,NA,NA,NA,NA,FALSE,TRUE
"1838101020","Wellco Enterprises Inc","WLC",2007-02-07,NA,NA,NA,NA,FALSE,TRUE
"1837042020","Investors Financial Services Corp","IFIN",2007-02-05,NA,NA,NA,NA,FALSE,TRUE
"1837084020","Mills Corp","MLS",2007-02-05,NA,NA,NA,NA,FALSE,TRUE
"1837087020","Longview Fibre Co","LFB",2007-02-05,NA,NA,NA,NA,FALSE,TRUE
"1837090020","Hanover Compressor Co","HC",2007-02-05,NA,NA,NA,NA,FALSE,TRUE
"1837265020","Capital Bancorp Inc,Nashville, Tennessee","CPBB",2007-02-05,NA,NA,NA,NA,FALSE,TRUE
"1837347020","Queenstake Resources Ltd","QRL",2007-02-05,NA,NA,NA,NA,FALSE,TRUE
"1836891020","ICNB Financial Corp","ICNB",2007-02-01,"0001350073","browse_edgar","high","Iconic Brands, Inc.",TRUE,FALSE
"1788831020","Kraft Foods Inc","KFT",2007-01-31,NA,NA,NA,NA,FALSE,TRUE
"1835753020","Grand Havana Enterprises Inc","PUFF",2007-01-31,NA,NA,NA,NA,FALSE,TRUE
"1836301020","SunCom Wireless Holdings Inc","TPC",2007-01-31,"     77543","sec_bulk","high","TUTOR PERINI CORP",TRUE,FALSE
"1834668020","First Republic Bank, San Francisco,California","FRC",2007-01-29,NA,NA,NA,NA,FALSE,TRUE
"1834670020","Altiris Inc","ATRS",2007-01-29,NA,NA,NA,NA,FALSE,TRUE
"1834673020","Molecular Devices Corp","MDCC",2007-01-29,NA,NA,NA,NA,FALSE,TRUE
"1834872020","Synagro Technologies Inc","SYGR",2007-01-29,NA,NA,NA,NA,FALSE,TRUE
"1850554020","PYR Energy Corp","PYR",2007-01-29,NA,NA,NA,NA,FALSE,TRUE
"1834664020","Laureate Education Inc","LAUR",2007-01-28,"    912766","sec_bulk","high","LAUREATE EDUCATION, INC.",TRUE,FALSE
"1834697020","Premier Community Bankshares Inc,Winchester,Virginia","PREM",2007-01-26,"   1570937","sec_bulk","high","Premier Air Charter Holdings Inc.",TRUE,FALSE
"1834117020","Civitas BankGroup Inc","CVBG",2007-01-25,NA,NA,NA,NA,FALSE,TRUE
"1833574020","Cinemaya Media Group Inc","CNMY",2007-01-24,NA,NA,NA,NA,FALSE,TRUE
"1832732020","Commercial Bankshares Inc, Miami,FL","CLBK",2007-01-23,"   1723596","sec_bulk","high","Columbia Financial, Inc.",TRUE,FALSE
"1832041020","Analex Corp","NLX",2007-01-20,NA,NA,NA,NA,FALSE,TRUE
"1831863020","Whittier Energy Corp","WHIT",2007-01-19,NA,NA,NA,NA,FALSE,TRUE
"1831882020","Merrill Merchants Bancshares Inc,Bangor,Maine","MERB",2007-01-19,NA,NA,NA,NA,FALSE,TRUE
"1832101020","EasyLink Services Corp","EASY",2007-01-19,NA,NA,NA,NA,FALSE,TRUE
"1831564020","North Bay Bancorp/CA","NBAN",2007-01-18,NA,NA,NA,NA,FALSE,TRUE
"1831939020","ION Media Networks Inc","PAX",2007-01-18,"   1825570","sec_bulk","high","Patria Investments Ltd",TRUE,FALSE
"1832108020","L.Air Holding Inc","HEQM",2007-01-18,NA,NA,NA,NA,FALSE,TRUE
"1830756020","Genesis HealthCare Corp","GHCI",2007-01-16,NA,NA,NA,NA,FALSE,TRUE
"1830671020","USI Holdings Corp","USIH",2007-01-15,NA,NA,NA,NA,FALSE,TRUE
"1830698020","PW Eagle Inc","PWEI",2007-01-15,NA,NA,NA,NA,FALSE,TRUE
"1830241020","North Star Financial Corp","NSFL",2007-01-12,NA,NA,NA,NA,FALSE,TRUE
"1830244020","ZEVEX International Inc","ZVXI",2007-01-12,NA,NA,NA,NA,FALSE,TRUE
"1830881020","Enesco Group Inc","ENCZQ",2007-01-12,NA,NA,NA,NA,FALSE,TRUE
"1829892020","UTEC Inc","UTEI",2007-01-11,NA,NA,NA,NA,FALSE,TRUE
"1829760020","Bank of Richmond NA,Richmond, Virginia","BRCH",2007-01-10,NA,NA,NA,NA,FALSE,TRUE
"1828829020","Placer Sierra Bancshares, Sacramento,California","PLSB",2007-01-09,NA,NA,NA,NA,FALSE,TRUE
"1829183020","International Aluminum Corp","IAL",2007-01-09,NA,NA,NA,NA,FALSE,TRUE
"1828187020","United Surgical Partners International Inc","USPI",2007-01-08,NA,NA,NA,NA,FALSE,TRUE
"1828414020","Strategic Distribution Inc","STRD",2007-01-08,"   1050446","sec_bulk","high","Strategy Inc",TRUE,FALSE
"1828198020","Houston Exploration Co","THX",2007-01-07,NA,NA,NA,NA,FALSE,TRUE
"1827926020","Penn Laurel Financial Corp","PELA",2007-01-05,NA,NA,NA,NA,FALSE,TRUE
"1827951020","Homestead Bancorp Inc, Ponchatoula,Louisiana","HSTD",2007-01-05,NA,NA,NA,NA,FALSE,TRUE
"1828090020","L Q Corp Inc","LQCI",2007-01-05,NA,NA,NA,NA,FALSE,TRUE
"1828175020","IntraLase Corp","ILSE",2007-01-05,NA,NA,NA,NA,FALSE,TRUE
"1828272020","Dialog Group Inc","DLG0",2007-01-05,NA,NA,NA,NA,FALSE,TRUE
"1858215020","Adelphia Communications Corp","ADELQ",2007-01-05,NA,NA,NA,NA,FALSE,TRUE
"1832782020","Blair Corp","BL",2007-01-03,"   1666134","sec_bulk","high","BLACKLINE, INC.",TRUE,FALSE
"1827349020","Intermetro Communications Inc","IMTO",2007-01-02,NA,NA,NA,NA,FALSE,TRUE
"1826878020","Carreker Corp","CANI",2006-12-29,NA,NA,NA,NA,FALSE,TRUE
"1827120020","Brand Energy & Infrastructure Services Inc","BEI",2006-12-29,NA,NA,NA,NA,FALSE,TRUE
"1825404020","Cadmus Communications Corp","CDMS",2006-12-27,NA,NA,NA,NA,FALSE,TRUE
"1825116020","CPAC Inc","CPAK",2006-12-26,NA,NA,NA,NA,FALSE,TRUE
"1824596020","ADESA Inc","KAR",2006-12-22,"0001395942","browse_edgar","high","OPENLANE, Inc.",TRUE,FALSE
"1824340020","Tut Systems Inc","TUTS",2006-12-21,NA,NA,NA,NA,FALSE,TRUE
"1824377020","Praecis Pharmaceuticals Inc","PRCS",2006-12-21,NA,NA,NA,NA,FALSE,TRUE
"1824750020","National Health Realty Inc","NHR",2006-12-21,NA,NA,NA,NA,FALSE,TRUE
"1824897020","Mesaba Airlines","ATCC",2006-12-21,NA,NA,NA,NA,FALSE,TRUE
"1825005020","Citizens Bancorp Inc, Coudersport,Pennsylvania","CZPY",2006-12-21,NA,NA,NA,NA,FALSE,TRUE
"1823672020","John H Harland Co","JH",2006-12-20,NA,NA,NA,NA,FALSE,TRUE
"1823866020","Sky Financial Group Inc, Bowling Green,Ohio","CICS",2006-12-20,NA,NA,NA,NA,FALSE,TRUE
"1823872020","Digitas Inc","DTAS",2006-12-20,NA,NA,NA,NA,FALSE,TRUE
"1824086020","Integrated Alarm Services  Group Inc","IASG",2006-12-20,NA,NA,NA,NA,FALSE,TRUE
"1824102020","Horizon Health Corp","HORC",2006-12-20,NA,NA,NA,NA,FALSE,TRUE
"1823386020","Redback Networks Inc","RBAK",2006-12-19,NA,NA,NA,NA,FALSE,TRUE
"1824206020","Solvis Group Inc","SLVG",2006-12-19,NA,NA,NA,NA,FALSE,TRUE
"1822606020","Biomet Inc","BMET",2006-12-18,NA,NA,NA,NA,FALSE,TRUE
"1822883020","Knova Software Inc","KNVS",2006-12-18,NA,NA,NA,NA,FALSE,TRUE
"1822967020","Farrel Corp","FARL",2006-12-18,NA,NA,NA,NA,FALSE,TRUE
"1823223020","First Pet Life Inc","FPLF",2006-12-18,NA,NA,NA,NA,FALSE,TRUE
"1823779020","Reptron Electronics Inc","RPRN",2006-12-18,NA,NA,NA,NA,FALSE,TRUE
"1822603020","Realogy Corp","H",2006-12-17,"   1468174","sec_bulk","high","Hyatt Hotels Corp",TRUE,FALSE
"1831430020","Complete Identity Inc","CIDY",2006-12-17,NA,NA,NA,NA,FALSE,TRUE
"1822476020","First Brandon Financial Corp","FBDN",2006-12-15,NA,NA,NA,NA,FALSE,TRUE
"1821882020","CN Bancorp Inc","CNBE",2006-12-14,NA,NA,NA,NA,FALSE,TRUE
"1819992020","Sabre Holdings Corp","TSG",2006-12-12,NA,NA,NA,NA,FALSE,TRUE
"1820557020","Valera Pharmaceuticals Inc","VLRX",2006-12-12,NA,NA,NA,NA,FALSE,TRUE
"1820031020","At Road Inc","ARDI",2006-12-10,NA,NA,NA,NA,FALSE,TRUE
"1818335020","DocuCorp International Inc","DOCC",2006-12-06,NA,NA,NA,NA,FALSE,TRUE
"1818106020","Direct General Corp","DRCT",2006-12-05,"   1880613","sec_bulk","high","Direct Digital Holdings, Inc.",TRUE,FALSE
"1818235020","Bandag Inc","BDG",2006-12-05,NA,NA,NA,NA,FALSE,TRUE
"1817674020","Agere Systems Inc","AGR.A",2006-12-04,NA,NA,NA,NA,FALSE,TRUE
"1817679020","United Heritage Bankshares of Florida Inc,Longwood,Florida",NA,2006-12-04,NA,NA,NA,NA,FALSE,TRUE
"1817680020","Station Casinos Inc","STN",2006-12-04,"   1131383","sec_bulk","high","STANTEC INC",TRUE,FALSE
"1818490020","Rowe Cos","ROW",2006-12-04,NA,NA,NA,NA,FALSE,TRUE
"1819483020","Getting Ready Corp","GTRY",2006-12-04,NA,NA,NA,NA,FALSE,TRUE
"1817631020","Mellon Financial Corp, Pittsburgh,Pennsylvania",NA,2006-12-03,NA,NA,NA,NA,FALSE,TRUE
"1817741020","InfoLogix Inc","IFLG",2006-12-01,NA,NA,NA,NA,FALSE,TRUE
"1816844020","Digital Insight Corp","DGIN",2006-11-29,NA,NA,NA,NA,FALSE,TRUE
"1816898020","Marlton Technologies Inc","MTYG.P",2006-11-29,NA,NA,NA,NA,FALSE,TRUE
"1816161020","National Home Health Care Corp","NHHC",2006-11-28,NA,NA,NA,NA,FALSE,TRUE
"1815975020","Rita Medical Systems Inc","RITA",2006-11-27,NA,NA,NA,NA,FALSE,TRUE
"1852273020","Inyx Inc","IYXI",2006-11-24,NA,NA,NA,NA,FALSE,TRUE
"1814222020","First Valley Bancorp Inc, Bristol,Connecticut","FVLY",2006-11-21,NA,NA,NA,NA,FALSE,TRUE
"1813800020","Oregon Steel Mills Inc","OS",2006-11-20,"   1889956","sec_bulk","high","OneStream, Inc.",TRUE,FALSE
"1813831020","CoTherix Inc","CTRX",2006-11-20,NA,NA,NA,NA,FALSE,TRUE
"1813938020","Netsmart Technologies Inc","NTST",2006-11-20,"   1798100","sec_bulk","high","NETSTREIT Corp.",TRUE,FALSE
"1814743020","ACM Municipal Securities Income Fund Inc","AMU",2006-11-20,NA,NA,NA,NA,FALSE,TRUE
"1813496020","Phelps Dodge Corp","PD",2006-11-19,"   1568100","sec_bulk","high","PagerDuty, Inc.",TRUE,FALSE
"1813551020","Equity Office Properties Trust","EOP",2006-11-19,NA,NA,NA,NA,FALSE,TRUE
"1805812020","Clear Channel Communications Inc","CCU",2006-11-16,"    888746","sec_bulk","high","UNITED BREWERIES CO INC",TRUE,FALSE
"1812775020","Readers Digest Association Inc","RDB",2006-11-16,NA,NA,NA,NA,FALSE,TRUE
"1813328020","Conor Medsystems Inc","CONR",2006-11-16,NA,NA,NA,NA,FALSE,TRUE
"1820085020","Crescott Inc","CCBX",2006-11-16,NA,NA,NA,NA,FALSE,TRUE
"1812367020","RailAmerica Inc","RRA",2006-11-15,NA,NA,NA,NA,FALSE,TRUE
"1812489020","Embrex Inc","EMBX",2006-11-15,NA,NA,NA,NA,FALSE,TRUE
"1811949020","Valley National Gases Inc","VLG",2006-11-14,NA,NA,NA,NA,FALSE,TRUE
"1813402020","Westborough Financial Services Inc","WFSM",2006-11-14,NA,NA,NA,NA,FALSE,TRUE
"1811697020","Golf Galaxy Inc","GGXY",2006-11-13,NA,NA,NA,NA,FALSE,TRUE
"1811969020","Netopia Inc","NTPA",2006-11-13,NA,NA,NA,NA,FALSE,TRUE
"1811596020","Solexa Inc","SLXA",2006-11-12,NA,NA,NA,NA,FALSE,TRUE
"1810645020","Tanox Inc","TNOX",2006-11-09,NA,NA,NA,NA,FALSE,TRUE
"1810232020","Essex Corp","KEYW",2006-11-08,NA,NA,NA,NA,FALSE,TRUE
"1809136020","Moscow CableCom Corp","MOCC",2006-11-06,NA,NA,NA,NA,FALSE,TRUE
"1809140020","OSI Restaurant Partners Inc","OSI",2006-11-06,NA,NA,NA,NA,FALSE,TRUE
"1809146020","Swift Transportation Co Inc","SWFT",2006-11-06,NA,NA,NA,NA,FALSE,TRUE
"1809193020","Per-Se Technologies Inc","PSTI",2006-11-06,NA,NA,NA,NA,FALSE,TRUE
"1809203020","PortalPlayer Inc","PLAY",2006-11-06,"   1525769","sec_bulk","high","Dave & Buster's Entertainment, Inc.",TRUE,FALSE
"1809467020","United Financial Corp,Great Falls,Montana","UBMT",2006-11-06,NA,NA,NA,NA,FALSE,TRUE
"1813103020","ElkCorp","ELK",2006-11-06,NA,NA,NA,NA,FALSE,TRUE
"1809143020","Kos Pharmaceuticals Inc","KOSP",2006-11-05,NA,NA,NA,NA,FALSE,TRUE
"1809158020","Traffic.com Inc","TRFC",2006-11-05,NA,NA,NA,NA,FALSE,TRUE
"1809321020","Columbia Equity Trust Inc","COE",2006-11-05,"   1659494","sec_bulk","high","51Talk Online Education Group",TRUE,FALSE
"1809332020","First Federal Bancshares Inc, Colchester,Illinois","FFBI",2006-11-03,NA,NA,NA,NA,FALSE,TRUE
"1804868020","Penton Media Inc","PTON",2006-11-02,"   1639825","sec_bulk","high","PELOTON INTERACTIVE, INC.",TRUE,FALSE
"1808091020","Mid-State Bancshares,Arroya Grande,California","MDST",2006-11-02,NA,NA,NA,NA,FALSE,TRUE
"1808360020","Stellent Inc","STEL",2006-11-02,"   1473844","sec_bulk","high","Stellar Bancorp, Inc.",TRUE,FALSE
"1808408020","PennFed Financial Services Inc","PFSB",2006-11-02,"   1967656","sec_bulk","high","PFS Bancorp, Inc.",TRUE,FALSE
"1808478020","Reinhold Industries Inc","RNHDA",2006-11-02,NA,NA,NA,NA,FALSE,TRUE
"1807541020","Caremark Rx Inc","CMX",2006-11-01,NA,NA,NA,NA,FALSE,TRUE
"1807783020","Clark Inc","CLK",2006-11-01,NA,NA,NA,NA,FALSE,TRUE
"1808143020","Business Bank Corp","BBNV",2006-11-01,NA,NA,NA,NA,FALSE,TRUE
"1807341020","Banta Corp","BN",2006-10-31,"   1001085","sec_bulk","high","BROOKFIELD Corp /ON/",TRUE,FALSE
"1808727020","Merchants Group Inc","MGP",2006-10-31,NA,NA,NA,NA,FALSE,TRUE
"1806862020","Trustreet Properties Inc","TSY",2006-10-30,NA,NA,NA,NA,FALSE,TRUE
"1806871020","Sirna Therapeutics Inc","RNAI",2006-10-30,NA,NA,NA,NA,FALSE,TRUE
"1807113020","Trammell Crow Co","TCC",2006-10-30,NA,NA,NA,NA,FALSE,TRUE
"1990604020","DURA Automotive Systems Inc","DRRA",2006-10-30,NA,NA,NA,NA,FALSE,TRUE
"1806703020","American Power Conversion Corp","APCC",2006-10-28,NA,NA,NA,NA,FALSE,TRUE
"1806441020","Premier Organic Farms Group Inc","POFG",2006-10-27,NA,NA,NA,NA,FALSE,TRUE
"1805797020","Kanbay International Inc","KBAY",2006-10-26,NA,NA,NA,NA,FALSE,TRUE
"1805450020","Yankee Candle Co Inc","YCC",2006-10-25,NA,NA,NA,NA,FALSE,TRUE
"1804423020","St Joseph Capital Corp","SJOE",2006-10-23,NA,NA,NA,NA,FALSE,TRUE
"1804461020","Connetics Corp","CNCT",2006-10-23,NA,NA,NA,NA,FALSE,TRUE
"1804473020","Indus International Inc","IINT",2006-10-23,NA,NA,NA,NA,FALSE,TRUE
"1804521020","MetaSolv  Inc","MSLV",2006-10-23,NA,NA,NA,NA,FALSE,TRUE
"1804680020","Government Properties Trust Inc","GPT",2006-10-23,NA,NA,NA,NA,FALSE,TRUE
"1804769020","Inland Retail Real Estate Trust Inc","ZZILR",2006-10-23,NA,NA,NA,NA,FALSE,TRUE
"1804937020","Originally New York Inc","ONYI",2006-10-23,NA,NA,NA,NA,FALSE,TRUE
"1804162020","Unioil","UNLL",2006-10-20,NA,NA,NA,NA,FALSE,TRUE
"1804209020","Procom Technology Inc","PRCM",2006-10-19,NA,NA,NA,NA,FALSE,TRUE
"1813734020","Salton Inc","SFP",2006-10-19,NA,NA,NA,NA,FALSE,TRUE
"1802895020","Vodavi Technology Inc","VTEK",2006-10-18,"   2013100","sec_bulk","high","VISTEK LTD",TRUE,FALSE
"1802343020","CBOT Holdings Inc","BOT",2006-10-17,NA,NA,NA,NA,FALSE,TRUE
"1802384020","Pemstar Inc","PMTR",2006-10-17,"   2061473","sec_bulk","high","Perimeter Acquisition Corp. I",TRUE,FALSE
"1802401020","Broadwing Corp","BWNG",2006-10-17,NA,NA,NA,NA,FALSE,TRUE
"1802031020","Open Solutions Inc","OPEN",2006-10-16,"   1801169","sec_bulk","high","Opendoor Technologies Inc.",TRUE,FALSE
"1802380020","ICOS Corp","ICOS",2006-10-16,NA,NA,NA,NA,FALSE,TRUE
"1802016020","JLG Industries Inc","JLG",2006-10-15,NA,NA,NA,NA,FALSE,TRUE
"1802036020","First Morris Bank & Trust, Morristown,New Jersey","FMJE",2006-10-15,NA,NA,NA,NA,FALSE,TRUE
"1801447020","VitalStream Holdings Inc","VSTH",2006-10-12,NA,NA,NA,NA,FALSE,TRUE
"1801733020","SITEL Corp","SWW",2006-10-12,NA,NA,NA,NA,FALSE,TRUE
"1801820020","FMS Financial Corp,Burlington, New Jersey","FMCO",2006-10-12,NA,NA,NA,NA,FALSE,TRUE
"1802227020","AirNet Communications Corp","ANCC",2006-10-12,NA,NA,NA,NA,FALSE,TRUE
"1800920020","Jacuzzi Brands Inc","JJZ",2006-10-11,NA,NA,NA,NA,FALSE,TRUE
"1801316020","Potomac Bank of Virginia, Fairfax,Virginia","PBOV",2006-10-11,NA,NA,NA,NA,FALSE,TRUE
"1800953020","Applebees International Inc","APPB",2006-10-10,NA,NA,NA,NA,FALSE,TRUE
"1801107020","First Federal Banc of the Southwest Inc,Roswell,New Mexico","FFSW",2006-10-10,NA,NA,NA,NA,FALSE,TRUE
"1800138020","Mercantile Bankshares Corp, Baltimore,Maryland","MRBK",2006-10-09,"   1750735","sec_bulk","high","Meridian Corp",TRUE,FALSE
"1800170020","CNS Inc","CNXS",2006-10-09,NA,NA,NA,NA,FALSE,TRUE
"1800518020","Dot VN Inc","DTVI",2006-10-09,NA,NA,NA,NA,FALSE,TRUE
"1799949020","Legacy Bank NA,Campbell, California","LCKB",2006-10-06,NA,NA,NA,NA,FALSE,TRUE
"1799589020","HMI Industries Inc","HMII",2006-10-05,NA,NA,NA,NA,FALSE,TRUE
"1799771020","Global Signal Inc","GSL",2006-10-05,"   1430725","sec_bulk","high","Global Ship Lease, Inc.",TRUE,FALSE
"1799247020","Front Range Capital Corp","FRGC",2006-10-04,NA,NA,NA,NA,FALSE,TRUE
"1798416020","Harrah's Entertainment Inc","HET",2006-10-02,NA,NA,NA,NA,FALSE,TRUE
"1798437020","Myogen Inc","MYOG",2006-10-02,NA,NA,NA,NA,FALSE,TRUE
"1798841020","Citadel Security Software Inc","CDSS",2006-10-02,NA,NA,NA,NA,FALSE,TRUE
"1796689020","Collins Industries Inc","CNSI",2006-09-26,NA,NA,NA,NA,FALSE,TRUE
"1796094020","Educate Inc","EEEE",2006-09-25,NA,NA,NA,NA,FALSE,TRUE
"1796233020","Maritrans Inc","TUG",2006-09-25,NA,NA,NA,NA,FALSE,TRUE
"1795863020","Talk America Holdings Inc","TALK",2006-09-22,"   1803901","sec_bulk","high","Talkspace, Inc.",TRUE,FALSE
"1796080020","Warrior Energy Services Corp","WARR",2006-09-22,NA,NA,NA,NA,FALSE,TRUE
"1794725020","Centracore Properties Trust","CPV",2006-09-20,NA,NA,NA,NA,FALSE,TRUE
"1794732020","Capital Crossing Bank,Boston, Massachusetts","CAPX",2006-09-20,NA,NA,NA,NA,FALSE,TRUE
"1795190020","Main Street Trust Inc, Champaign,Illinois","MSTI",2006-09-20,NA,NA,NA,NA,FALSE,TRUE
"1795192020","Brek Energy Corp","BREK",2006-09-20,NA,NA,NA,NA,FALSE,TRUE
"1795381020","Vitria Technology Inc","VITR",2006-09-20,NA,NA,NA,NA,FALSE,TRUE
"1793778020","Premium Standard Farms Inc","PORK",2006-09-18,NA,NA,NA,NA,FALSE,TRUE
"1793780020","Symbol Technologies Inc","SBL",2006-09-18,NA,NA,NA,NA,FALSE,TRUE
"1794398020","Summit Bank Corp,Atlanta, Georgia","SBGA",2006-09-18,NA,NA,NA,NA,FALSE,TRUE
"1793733020","Commonwealth Telephone Enterprises Inc","CTCO",2006-09-17,NA,NA,NA,NA,FALSE,TRUE
"1793775020","Northern Empire Bancshares, Santa Rosa,California","NREB",2006-09-17,NA,NA,NA,NA,FALSE,TRUE
"1791384020","Freescale Semiconductor Inc","FSL",2006-09-15,NA,NA,NA,NA,FALSE,TRUE
"1793785020","First Community Bank of Georgia,Roberta,Georgia","FBGA",2006-09-15,NA,NA,NA,NA,FALSE,TRUE
"1792896020","MPW Industrial Services Group Inc","MPWG",2006-09-14,NA,NA,NA,NA,FALSE,TRUE
"1792936020","Applica Inc","APN",2006-09-14,NA,NA,NA,NA,FALSE,TRUE
"1793540020","Vision Bancshares Inc","VBAL",2006-09-14,NA,NA,NA,NA,FALSE,TRUE
"1792187020","Windrose Medical Properties Trust","WRS",2006-09-13,NA,NA,NA,NA,FALSE,TRUE
"1792884020","ACM Government Opportunity Fund, Inc.","AOF",2006-09-13,NA,NA,NA,NA,FALSE,TRUE
"1793115020","EZ2 Cos Inc","EZTO",2006-09-13,NA,NA,NA,NA,FALSE,TRUE
"1791680020","Metrologic Instruments Inc","MTLG",2006-09-12,NA,NA,NA,NA,FALSE,TRUE
"1791925020","Vernon Bank Corp","VBNY",2006-09-12,NA,NA,NA,NA,FALSE,TRUE
"1791540020","TM Century Inc","TMCI",2006-09-11,"   1630627","sec_bulk","high","TREACE MEDICAL CONCEPTS, INC.",TRUE,FALSE
"1791422020","NS Group Inc","NSS",2006-09-10,NA,NA,NA,NA,FALSE,TRUE
"1791290020","Vision Works Media Group Inc","VWKM",2006-09-08,NA,NA,NA,NA,FALSE,TRUE
"1791883020","Educational Insights Inc","EDIN",2006-09-08,NA,NA,NA,NA,FALSE,TRUE
"1790634020","Pure H2O Inc","PURH",2006-09-07,NA,NA,NA,NA,FALSE,TRUE
"1790725020","Evans Systems Inc","EVSY",2006-09-07,NA,NA,NA,NA,FALSE,TRUE
"1791316020","Bio-Lok International Inc","BLLI",2006-09-07,NA,NA,NA,NA,FALSE,TRUE
"1790042020","BUCS Financial Corp","BUCS",2006-09-06,NA,NA,NA,NA,FALSE,TRUE
"1790075020","CardXX Inc","CXCQ",2006-09-06,"0001073489","browse_edgar","high","CARDXX INC",TRUE,FALSE
"1790231020","Provena Foods Inc","PZA",2006-09-06,NA,NA,NA,NA,FALSE,TRUE
"1790441020","Embarcadero Technologies Inc","EMBT",2006-09-06,NA,NA,NA,NA,FALSE,TRUE
"1789537020","Veritas DGC Inc","VTS",2006-09-05,"   1944558","sec_bulk","high","Vitesse Energy, Inc.",TRUE,FALSE
"1789604020","Click Commerce Inc","CKCM",2006-09-05,NA,NA,NA,NA,FALSE,TRUE
"1790257020","Plymouth Rubber Co Inc","PLRA",2006-09-05,NA,NA,NA,NA,FALSE,TRUE
"1789627020","International DisplayWorks Inc","IDWK",2006-09-04,NA,NA,NA,NA,FALSE,TRUE
"1789114020","Sentigen Holding Corp","SGHL",2006-09-02,NA,NA,NA,NA,FALSE,TRUE
"1789023020","Summa Industries","SUMX",2006-09-01,NA,NA,NA,NA,FALSE,TRUE
"1789031020","Applied Imaging Corp","AICX",2006-09-01,NA,NA,NA,NA,FALSE,TRUE
"1791749020","Peach Holdings Inc","PSF",2006-09-01,"   1498612","sec_bulk","high","Cohen & Steers Select Preferred & Income Fund, Inc.",TRUE,FALSE
"1788554020","Glamis Gold Ltd","GLG",2006-08-31,NA,NA,NA,NA,FALSE,TRUE
"1788570020","BNP Residential Properties Inc","BNP",2006-08-31,NA,NA,NA,NA,FALSE,TRUE
"1788717020","Intergraph Corp","INGR",2006-08-31,"   1046257","sec_bulk","high","Ingredion Inc",TRUE,FALSE
"1790037020","MacDermid Inc","MRD",2006-08-31,NA,NA,NA,NA,FALSE,TRUE
"1791102020","Integrated Performance Systems Inc","IPFS",2006-08-31,NA,NA,NA,NA,FALSE,TRUE
"1823996020","Irex Corp","DIGJ",2006-08-31,NA,NA,NA,NA,FALSE,TRUE
"1788582020","Exabyte Corp","EXBT",2006-08-30,NA,NA,NA,NA,FALSE,TRUE
"1788584020","PSB Bancorp Inc,Philadelphia, Pennsylvania","PSBI",2006-08-30,NA,NA,NA,NA,FALSE,TRUE
"1788164020","DSL net Inc","DSLN",2006-08-29,NA,NA,NA,NA,FALSE,TRUE
"1788268020","Old Florida Bankshares Inc, Fort Meyers,Florida","OFBS",2006-08-29,NA,NA,NA,NA,FALSE,TRUE
"1788416020","Rotonics Manufacturing Inc","RMI",2006-08-29,"   1746967","sec_bulk","high","RiverNorth Opportunistic Municipal Income Fund, Inc.",TRUE,FALSE
"1787681020","Giant Industries Inc","GI",2006-08-28,NA,NA,NA,NA,FALSE,TRUE
"1787726020","Seitel Inc","SEI",2006-08-28,"   1697500","sec_bulk","high","Solaris Energy Infrastructure, Inc.",TRUE,FALSE
"1787754020","InterVideo Inc","IVII",2006-08-28,NA,NA,NA,NA,FALSE,TRUE
"1788028020","The Oilgear Co","OLGR",2006-08-28,NA,NA,NA,NA,FALSE,TRUE
"1788985020","Gardant Pharmaceuticals Inc","GRDP",2006-08-25,NA,NA,NA,NA,FALSE,TRUE
"1786711020","Internet Security Systems Inc","ISSX",2006-08-23,NA,NA,NA,NA,FALSE,TRUE
"1787059020","Firearms Training Systems Inc","FATS",2006-08-23,NA,NA,NA,NA,FALSE,TRUE
"1786134020","Glenborough Realty Trust Inc","GLB",2006-08-21,NA,NA,NA,NA,FALSE,TRUE
"1787216020","Radnor Holdings Corp","RHCX",2006-08-21,NA,NA,NA,NA,FALSE,TRUE
"1785907020","Lone Star Steakhouse & Saloon Inc","STAR",2006-08-18,NA,NA,NA,NA,FALSE,TRUE
"1785918020","Harbor Global Co Ltd","HRBGF",2006-08-18,NA,NA,NA,NA,FALSE,TRUE
"1785984020","Gold Kist Inc","GKIS",2006-08-18,NA,NA,NA,NA,FALSE,TRUE
"1785312020","Southern Energy Homes Inc","SEHI",2006-08-16,NA,NA,NA,NA,FALSE,TRUE
"1784780020","Delta & Pine Land Co","DLP",2006-08-15,NA,NA,NA,NA,FALSE,TRUE
"1785151020","High Plains Uranium Inc","HPU",2006-08-15,NA,NA,NA,NA,FALSE,TRUE
"1785495020","G/O International Inc","GOBS",2006-08-15,NA,NA,NA,NA,FALSE,TRUE
"1784591020","Tripath Imaging Inc","TPTH",2006-08-14,NA,NA,NA,NA,FALSE,TRUE
"1784785020","Micro Linear Corp","MLIN",2006-08-14,NA,NA,NA,NA,FALSE,TRUE
"1792693020","eXegenics Inc","EXEG",2006-08-14,NA,NA,NA,NA,FALSE,TRUE
"1783492020","FLAG Financial Corp","FLAG",2006-08-09,NA,NA,NA,NA,FALSE,TRUE
"1783627020","Zomax Inc","ZMXI",2006-08-09,NA,NA,NA,NA,FALSE,TRUE
"1783783020","FileNet Corp","FILE",2006-08-09,NA,NA,NA,NA,FALSE,TRUE
"1783059020","Aleris International Inc","ARS",2006-08-08,NA,NA,NA,NA,FALSE,TRUE
"1783159020","Reynolds & Reynolds Co","REY",2006-08-08,NA,NA,NA,NA,FALSE,TRUE
"1783232020","Sizeler Property Investors Inc","SIZ",2006-08-08,NA,NA,NA,NA,FALSE,TRUE
"1783587020","Saxon Capital Inc","SAX",2006-08-08,NA,NA,NA,NA,FALSE,TRUE
"1783075020","Loudeye Corp","LOUD",2006-08-07,NA,NA,NA,NA,FALSE,TRUE
"1783172020","McDATA Corp","MCDT",2006-08-07,NA,NA,NA,NA,FALSE,TRUE
"1783292020","Rent-Way Inc","RWY",2006-08-07,NA,NA,NA,NA,FALSE,TRUE
"1809471020","HealtheTech Inc","HETC",2006-08-07,NA,NA,NA,NA,FALSE,TRUE
"1782539020","Republic Cos Group Inc","RUTX",2006-08-04,NA,NA,NA,NA,FALSE,TRUE
"1782654020","Opinion Research Corp","ORCI",2006-08-04,NA,NA,NA,NA,FALSE,TRUE
"1793520020","Integrated Surgical Systems Inc","RDOC",2006-08-04,NA,NA,NA,NA,FALSE,TRUE
"1782145020","MRO Software Inc","MROI",2006-08-03,NA,NA,NA,NA,FALSE,TRUE
"1782164020","Reckson Associates Realty Corp","RA",2006-08-03,"   1655099","sec_bulk","high","Brookfield Real Assets Income Fund Inc.",TRUE,FALSE
"1781416020","Mountain National Bank,Galax, Virginia","MNBG",2006-07-31,NA,NA,NA,NA,FALSE,TRUE
"1781426020","First National Bank,Rocky Mount,Virginia","FNRM",2006-07-31,NA,NA,NA,NA,FALSE,TRUE
"1780976020","Naturade Inc","NRDC",2006-07-28,NA,NA,NA,NA,FALSE,TRUE
"1782443020","MAI Systems Corp","MAIJ",2006-07-28,NA,NA,NA,NA,FALSE,TRUE
"1780073020","Featherlite Inc","FTHR",2006-07-27,NA,NA,NA,NA,FALSE,TRUE
"1780236020","Fidelity Bankshares Inc,West Palm Beach,Florida","FFFL",2006-07-27,NA,NA,NA,NA,FALSE,TRUE
"1780328020","Pocahontas Bancorp Inc, Pocahontas,Arkansas","PFSL",2006-07-27,NA,NA,NA,NA,FALSE,TRUE
"1780794020","Element K Corp","LMNK",2006-07-27,NA,NA,NA,NA,FALSE,TRUE
"1779287020","Ryan's Restaurant Group Inc","RYAN",2006-07-25,"   1849253","sec_bulk","high","RYAN SPECIALTY HOLDINGS, INC.",TRUE,FALSE
"1779371020","Mercury Interactive Corp","MERQ",2006-07-25,NA,NA,NA,NA,FALSE,TRUE
"1779409020","WatchGuard Technologies Inc","WGRD",2006-07-25,NA,NA,NA,NA,FALSE,TRUE
"1779442020","Immunotechnology Corp","IMUO",2006-07-25,NA,NA,NA,NA,FALSE,TRUE
"1778715020","HCA Inc","HCA",2006-07-24,"    860730","sec_bulk","high","HCA Healthcare, Inc.",TRUE,FALSE
"1778957020","Newkirk Realty Trust Inc","NKT",2006-07-23,NA,NA,NA,NA,FALSE,TRUE
"1778281020","Excelligence Learning Corp","LRNS",2006-07-19,NA,NA,NA,NA,FALSE,TRUE
"1778286020","Niagara Corp","NGCN",2006-07-19,NA,NA,NA,NA,FALSE,TRUE
"1777559020","Y-Tel International Inc","YTLI",2006-07-18,NA,NA,NA,NA,FALSE,TRUE
"1777692020","NationsRent Cos Inc","NRI",2006-07-18,NA,NA,NA,NA,FALSE,TRUE
"1777931020","Texas United Bancshares Inc, La Grange,Texas","TXUI",2006-07-18,NA,NA,NA,NA,FALSE,TRUE
"2261381020","creditgroup.com Inc","CRCO",2006-07-18,NA,NA,NA,NA,FALSE,TRUE
"1776756020","Petco Animal Supplies Inc","PETC",2006-07-14,NA,NA,NA,NA,FALSE,TRUE
"1777257020","Superior Galleries Inc","SPGR",2006-07-14,NA,NA,NA,NA,FALSE,TRUE
"1776070020","MortgageIT Holdings Inc","MHL",2006-07-11,NA,NA,NA,NA,FALSE,TRUE
"1775370020","Pan Pacific Retail Properties Inc","PNP",2006-07-10,NA,NA,NA,NA,FALSE,TRUE
"1775897020","Harbor Florida Bancshares Inc, Fort Pierce,Florida","HARB",2006-07-10,NA,NA,NA,NA,FALSE,TRUE
"1775239020","Heritage Property Investment Trust Inc","HTG",2006-07-09,NA,NA,NA,NA,FALSE,TRUE
"1775218020","Cascade Natural Gas Corp","CGC",2006-07-08,"   1737927","sec_bulk","high","Canopy Growth Corp",TRUE,FALSE
"1776483020","Conversion Solutions Inc","CVSU",2006-07-08,NA,NA,NA,NA,FALSE,TRUE
"1775023020","AmerUS Group Co","AMH",2006-07-07,"   1562401","sec_bulk","high","American Homes 4 Rent",TRUE,FALSE
"1775105020","Radiologix Inc","RGX",2006-07-07,NA,NA,NA,NA,FALSE,TRUE
"1775403020","Peoples Energy Corp","PGL",2006-07-06,NA,NA,NA,NA,FALSE,TRUE
"1774469020","Duquesne Light Holdings","DQE",2006-07-05,NA,NA,NA,NA,FALSE,TRUE
"1774498020","CD & L Inc","CDV",2006-07-05,NA,NA,NA,NA,FALSE,TRUE
"1774816020","ADVO Inc","AD",2006-07-05,"    821130","sec_bulk","high","ARRAY DIGITAL INFRASTRUCTURE, INC.",TRUE,FALSE
"1774064020","Summit Bancshares Inc","SBIT",2006-07-03,NA,NA,NA,NA,FALSE,TRUE
"1782982020","Salomon Brothers Inflation Management Fund","IMF",2006-07-03,NA,NA,NA,NA,FALSE,TRUE
"1773740020","Centrue Financial Corp, Kankakee,Illinois","TRUE",2006-06-30,"   1327318","sec_bulk","high","TrueCar, Inc.",TRUE,FALSE
"1773766020","Woodhead Industries Inc","WDHD",2006-06-30,NA,NA,NA,NA,FALSE,TRUE
"1773811020","Encore Medical Corp","ENMC",2006-06-30,NA,NA,NA,NA,FALSE,TRUE
"1773838020","Michaels Stores Inc","MIKE",2006-06-30,NA,NA,NA,NA,FALSE,TRUE
"1773127020","RSA Security Inc","RSAS",2006-06-29,NA,NA,NA,NA,FALSE,TRUE
"1772907020","Valley Bancorp","VLLY",2006-06-28,NA,NA,NA,NA,FALSE,TRUE
"1756972020","Univision Communications Inc","UVN",2006-06-27,NA,NA,NA,NA,FALSE,TRUE
"1772190020","Hector Communications Corp","HCT",2006-06-27,NA,NA,NA,NA,FALSE,TRUE
"1771464020","Somera Communications Inc","SMRA",2006-06-26,NA,NA,NA,NA,FALSE,TRUE
"1778132020","AXCESS International Inc","AXSI",2006-06-26,NA,NA,NA,NA,FALSE,TRUE
"1770900020","Kerr-McGee Corp","KMG",2006-06-23,NA,NA,NA,NA,FALSE,TRUE
"1770916020","Western Gas Resources Inc","WGR",2006-06-23,NA,NA,NA,NA,FALSE,TRUE
"1771189020","Farnsworth Bancorp Inc","FNSW",2006-06-23,NA,NA,NA,NA,FALSE,TRUE
"1771710020","Marwich II Ltd","MWII",2006-06-23,NA,NA,NA,NA,FALSE,TRUE
"1772636020","Qualmax Inc","QMXI",2006-06-22,NA,NA,NA,NA,FALSE,TRUE
"1770282020","English Language Learning Instruction System Inc","ELLG",2006-06-21,NA,NA,NA,NA,FALSE,TRUE
"1770387020","Concorde Career Colleges Inc","CCDC",2006-06-21,NA,NA,NA,NA,FALSE,TRUE
"1770649020","Green Mountain Power Corp","GMP",2006-06-21,NA,NA,NA,NA,FALSE,TRUE
"1769956020","CFC International Inc","CFCI",2006-06-20,NA,NA,NA,NA,FALSE,TRUE
"1769975020","Trestle Holdings Inc","TLHO",2006-06-20,NA,NA,NA,NA,FALSE,TRUE
"1769479020","Telebyte Inc","TBTI",2006-06-16,NA,NA,NA,NA,FALSE,TRUE
"1768660020","Intermagnetics General Corp","IMGC",2006-06-15,NA,NA,NA,NA,FALSE,TRUE
"1768800020","Venture Catalyst Inc","VCAT",2006-06-15,NA,NA,NA,NA,FALSE,TRUE
"1768881020","FCB Bancorp,Camarillo, California","FCBA",2006-06-15,NA,NA,NA,NA,FALSE,TRUE
"1768943020","Bairnco Corp","BZ",2006-06-15,"   1842827","sec_bulk","high","Kanzhun Ltd",TRUE,FALSE
"1768195020","Anywhere MD Inc","ANWM",2006-06-13,NA,NA,NA,NA,FALSE,TRUE
"1768244020","Security Capital Corp","SCC",2006-06-13,NA,NA,NA,NA,FALSE,TRUE
"1767728020","Pacific Energy Partners LP","PPX",2006-06-12,NA,NA,NA,NA,FALSE,TRUE
"1767748020","State National Bancshares Inc, Forth Worth,Texas","SNBI",2006-06-12,NA,NA,NA,NA,FALSE,TRUE
"1767774020","Texas Regional Bancshares Inc, McAllen,Texas","TRBS",2006-06-12,NA,NA,NA,NA,FALSE,TRUE
"1768024020","Maverick Tube Corp","MVK",2006-06-12,NA,NA,NA,NA,FALSE,TRUE
"1766617020","Ace Cash Express Inc","AACE",2006-06-07,NA,NA,NA,NA,FALSE,TRUE
"1766626020","Warrantech Corp","WTEC",2006-06-07,NA,NA,NA,NA,FALSE,TRUE
"1766678020","eNotes Systems Inc","ENSY",2006-06-07,NA,NA,NA,NA,FALSE,TRUE
"1765696020","Trizec Properties Inc","TRZ",2006-06-05,NA,NA,NA,NA,FALSE,TRUE
"1765766020","Laserscope Inc","LSCP",2006-06-05,NA,NA,NA,NA,FALSE,TRUE
"1765844020","FirstBank NW Corp,Clarkston, Washington","FBNW",2006-06-05,NA,NA,NA,NA,FALSE,TRUE
"1766194020","Onyx Software Corp","ONXS",2006-06-05,NA,NA,NA,NA,FALSE,TRUE
"1765399020","Hemcure Inc","HEMC",2006-06-02,NA,NA,NA,NA,FALSE,TRUE
"1764894020","Vail Banks Inc,Vail,Colorado","VAIL",2006-06-01,NA,NA,NA,NA,FALSE,TRUE
"1765252020","GBC Bancorp Inc,Lawrenceville, Georgia","GBCP",2006-06-01,NA,NA,NA,NA,FALSE,TRUE
"1764290020","West Corp","WSTC",2006-05-31,NA,NA,NA,NA,FALSE,TRUE
"1764821020","Royal Palm Bancorp Inc,Naples, Florida","RYPL",2006-05-31,NA,NA,NA,NA,FALSE,TRUE
"1763594020","Kinder Morgan Inc","KMI",2006-05-29,"   1506307","sec_bulk","high","KINDER MORGAN, INC.",TRUE,FALSE
"1989277020","Photonics Corp","PHTX",2006-05-26,NA,NA,NA,NA,FALSE,TRUE
"1763012020","AmSouth Bancorp,Birmingham, Alabama","ASO",2006-05-25,"   1817358","sec_bulk","high","Academy Sports & Outdoors, Inc.",TRUE,FALSE
"1763183020","Aames Investment Corp","AIC",2006-05-25,NA,NA,NA,NA,FALSE,TRUE
"1763252020","NWH Inc","NWIR",2006-05-25,NA,NA,NA,NA,FALSE,TRUE
"1763054020","NES Rentals Holdings Inc","NLEQ",2006-05-24,NA,NA,NA,NA,FALSE,TRUE
"1763115020","PB Financial Services Corp","PBFN",2006-05-24,NA,NA,NA,NA,FALSE,TRUE
"1763929020","BMXP Holdings Inc","BXPH",2006-05-24,NA,NA,NA,NA,FALSE,TRUE
"1762289020","Fargo Electronics Inc","FRGO",2006-05-23,NA,NA,NA,NA,FALSE,TRUE
"1762043020","Jameson Inns Inc","JAMS",2006-05-22,NA,NA,NA,NA,FALSE,TRUE
"1762065020","Sibling Entertainment Grp Inc","SDVC",2006-05-22,NA,NA,NA,NA,FALSE,TRUE
"1762144020","BWC Financial Corp,Walnut Creek,California","BWCF",2006-05-22,NA,NA,NA,NA,FALSE,TRUE
"1762185020","Main Street Restaurant Group Inc","MAIN",2006-05-22,"   1396440","sec_bulk","high","Main Street Capital CORP",TRUE,FALSE
"1761895020","Boykin Lodging Co","BOY",2006-05-19,NA,NA,NA,NA,FALSE,TRUE
"1761272020","Marisa Christina Inc","MRSA",2006-05-18,NA,NA,NA,NA,FALSE,TRUE
"1764167020","Integrated Alarm Services  Group Inc","IASG",2006-05-17,NA,NA,NA,NA,FALSE,TRUE
"1760329020","NCO Group Inc","NCOG",2006-05-16,NA,NA,NA,NA,FALSE,TRUE
"1760482020","Community Bancorp Inc","CMBC",2006-05-16,NA,NA,NA,NA,FALSE,TRUE
"1760765020","Physicians Healthcare Management Group Inc","PHYH",2006-05-16,NA,NA,NA,NA,FALSE,TRUE
"1760850020","Sands Regent","SNDS",2006-05-16,NA,NA,NA,NA,FALSE,TRUE
"1760134020","E4World Corp","EFWD",2006-05-15,NA,NA,NA,NA,FALSE,TRUE
"1760118020","SSA Global Technologies Inc","SSAG",2006-05-14,NA,NA,NA,NA,FALSE,TRUE
"1759699020","American Retirement Corp","ACR",2006-05-12,"   1332551","sec_bulk","high","ACRES Commercial Realty Corp.",TRUE,FALSE
"1819514020","IntraLinks Inc","ILNX",2006-05-12,NA,NA,NA,NA,FALSE,TRUE
"1759457020","Remedytemp Inc","REMX",2006-05-11,NA,NA,NA,NA,FALSE,TRUE
"1759552020","Stroud Energy Inc","STRO",2006-05-11,"   1382101","sec_bulk","high","SUTRO BIOPHARMA, INC.",TRUE,FALSE
"1758927020","San Diego Community Bank, Chula Vista,California","SDCO",2006-05-10,NA,NA,NA,NA,FALSE,TRUE
"1759555020","Owens Corning LLC","OC",2006-05-10,"   1370946","sec_bulk","high","Owens Corning",TRUE,FALSE
"1758070020","Fisher Scientific International Inc","FSH",2006-05-08,NA,NA,NA,NA,FALSE,TRUE
"1812149020","Silicon Graphics Inc","SGI",2006-05-08,"   1206264","sec_bulk","high","SOMNIGROUP INTERNATIONAL INC.",TRUE,FALSE
"1757869020","Golden West Financial Corp, Oakland,California","GDW",2006-05-07,NA,NA,NA,NA,FALSE,TRUE
"1757728020","Mpower Holding Corp","MPE",2006-05-05,NA,NA,NA,NA,FALSE,TRUE
"1757982020","Sportsmans Guide Inc","SGDE",2006-05-05,NA,NA,NA,NA,FALSE,TRUE
"1757400020","Applied Films Corp","AFCO",2006-05-04,NA,NA,NA,NA,FALSE,TRUE
"1764338020","Catalina Restaurant Group Inc","CLRG",2006-05-04,NA,NA,NA,NA,FALSE,TRUE
"1756882020","First Oak Brook Bancshares Inc,Oak Brook,Illinois","FOBB",2006-05-02,NA,NA,NA,NA,FALSE,TRUE
"1756906020","Advanced Digital Information Corp","ADIC",2006-05-02,NA,NA,NA,NA,FALSE,TRUE
"1758148020","Mid-State Raceway Inc","MRWY",2006-05-02,NA,NA,NA,NA,FALSE,TRUE
"1756341020","Aviall Inc","AVL",2006-05-01,NA,NA,NA,NA,FALSE,TRUE
"1756459020","Ceres Group Inc","CERG",2006-05-01,NA,NA,NA,NA,FALSE,TRUE
"1756464020","ARAMARK Corp","RMK",2006-05-01,NA,NA,NA,NA,FALSE,TRUE
"1756470020","Community Bancshares Inc, Blountsville,Alabama","COMB",2006-04-29,NA,NA,NA,NA,FALSE,TRUE
"1787697020","Back Yard Burgers Inc","BYBI",2006-04-28,NA,NA,NA,NA,FALSE,TRUE
"1755605020","Diagnostic Products Corp","DP",2006-04-27,NA,NA,NA,NA,FALSE,TRUE
"1755689020","NetIQ Corp","NTIQ",2006-04-27,NA,NA,NA,NA,FALSE,TRUE
"1755894020","Navigant International Inc","FLYR",2006-04-27,NA,NA,NA,NA,FALSE,TRUE
"1755967020","Laurel Capital Group Inc","LARL",2006-04-27,NA,NA,NA,NA,FALSE,TRUE
"1737227020","World Health Alternatives Inc","WHAI",2006-04-26,NA,NA,NA,NA,FALSE,TRUE
"1758440020","Sports Resorts International Inc","SPRI",2006-04-26,NA,NA,NA,NA,FALSE,TRUE
"1754947020","Serologicals Corp","SERO",2006-04-25,NA,NA,NA,NA,FALSE,TRUE
"1755131020","Scientific Technologies Inc","STIZ",2006-04-25,NA,NA,NA,NA,FALSE,TRUE
"1755136020","NewMil Bancorp,New Milford, Connecticut","NMIL",2006-04-25,NA,NA,NA,NA,FALSE,TRUE
"1755221020","Westlin Corp","WSTN",2006-04-25,"   2076192","sec_bulk","high","Westin Acquisition Corp",TRUE,FALSE
"1755551020","Home Building Bancorp Inc, Washington,Indiana","HBBI",2006-04-25,NA,NA,NA,NA,FALSE,TRUE
"1759991020","Agent155 Media Group Inc","AGMG",2006-04-25,NA,NA,NA,NA,FALSE,TRUE
"1754644020","Manugistics Group Inc","MANU",2006-04-24,"   1549107","sec_bulk","high","Manchester United plc",TRUE,FALSE
"1754720020","Bridge Street Financial Inc","OCNB",2006-04-24,NA,NA,NA,NA,FALSE,TRUE
"1754660020","Commercial Capital Bancorp Inc,Irvine,California","CCBI",2006-04-23,NA,NA,NA,NA,FALSE,TRUE
"1754145020","KCS Energy Inc","KCS",2006-04-21,NA,NA,NA,NA,FALSE,TRUE
"1754402020","ES&L Bancorp Inc","ESLB",2006-04-21,NA,NA,NA,NA,FALSE,TRUE
"1753819020","Ubiquitel Inc","UPCS",2006-04-20,NA,NA,NA,NA,FALSE,TRUE
"1754308020","Powersource Corp","PSRE",2006-04-20,NA,NA,NA,NA,FALSE,TRUE
"1757344020","Marsh Supermarkets Inc","MARSA",2006-04-20,NA,NA,NA,NA,FALSE,TRUE
"1753712020","Homestead Bank,Suwanee, Georgia","HMST",2006-04-19,NA,NA,NA,NA,FALSE,TRUE
"1754041020","Easy Gardener Products Ltd","EZY",2006-04-19,NA,NA,NA,NA,FALSE,TRUE
"1752986020","Russell Corp","RML",2006-04-17,NA,NA,NA,NA,FALSE,TRUE
"1752579020","RSV Bancorp Inc,Pittsburgh, Pennsylvania","RSVI",2006-04-14,NA,NA,NA,NA,FALSE,TRUE
"1748370020","Scudder New Asia Fund Inc","SAF",2006-04-13,NA,NA,NA,NA,FALSE,TRUE
"1752635020","West Pointe Bancorp Inc, Belleville,Illinois","WTPT",2006-04-13,NA,NA,NA,NA,FALSE,TRUE
"1752658020","Interchange Financial Services Corp,Saddle Brook,New Jersey","IFCJ",2006-04-13,NA,NA,NA,NA,FALSE,TRUE
"1754323020","Aztar Corp","AZR",2006-04-13,NA,NA,NA,NA,FALSE,TRUE
"1752047020","Sybron Dental Specialties Inc","SYD",2006-04-12,NA,NA,NA,NA,FALSE,TRUE
"1752095020","Portal Software Inc","PRSF",2006-04-12,NA,NA,NA,NA,FALSE,TRUE
"1752116020","Prosoft Learning Corp","POSOQ",2006-04-12,NA,NA,NA,NA,FALSE,TRUE
"1751837020","US Plastic Lumber Corp","USPL",2006-04-11,NA,NA,NA,NA,FALSE,TRUE
"1751040020","Suggestion Box Inc","SGTB",2006-04-07,NA,NA,NA,NA,FALSE,TRUE
"1751353020","Innova Holdings Inc","IVHG",2006-04-07,NA,NA,NA,NA,FALSE,TRUE
"1749691020","Port City Capital Bank Wilmington,North Carolina","POCY",2006-04-06,NA,NA,NA,NA,FALSE,TRUE
"1749436020","Sheffield Steel Corp","SST",2006-04-05,"   1805833","sec_bulk","high","System1, Inc.",TRUE,FALSE
"1749057020","Sequoia Interests Corp","SQNC",2006-04-04,NA,NA,NA,NA,FALSE,TRUE
"1748540020","Alderwoods Group Inc","AWGI",2006-04-03,NA,NA,NA,NA,FALSE,TRUE
"1748698020","Mossimo Inc","MGX",2006-04-03,"   1785279","sec_bulk","high","Metagenomi, Inc.",TRUE,FALSE
"1748903020","Predix Pharmaceuticals Inc","PRDX",2006-04-03,NA,NA,NA,NA,FALSE,TRUE
"1754422020","Triad Industries Inc","TDII",2006-03-31,NA,NA,NA,NA,FALSE,TRUE
"1747141020","Capital Title Group Inc","CTGI",2006-03-29,NA,NA,NA,NA,FALSE,TRUE
"1747236020","Smart Card Marketing Systems Inc","SMKG",2006-03-29,NA,NA,NA,NA,FALSE,TRUE
"1746409020","James Monroe Bancorp Inc","JMBI",2006-03-27,NA,NA,NA,NA,FALSE,TRUE
"1809491020","Sequenom Inc","SQNM",2006-03-27,NA,NA,NA,NA,FALSE,TRUE
"1745559020","Lucent Technologies Inc","LU",2006-03-24,"   1816007","sec_bulk","high","Lufax Holding Ltd",TRUE,FALSE
"1745979020","Spear & Jackson Inc","SJCK",2006-03-24,NA,NA,NA,NA,FALSE,TRUE
"2261038020","FNF Industries Inc","FNID",2006-03-23,NA,NA,NA,NA,FALSE,TRUE
"1747954020","Morton Industrial Group Inc","MGRPC",2006-03-22,NA,NA,NA,NA,FALSE,TRUE
"1745280020","TransMontaigne Inc","TMG",2006-03-21,NA,NA,NA,NA,FALSE,TRUE
"1746421020","Ridgestone Financial Services Inc","RFSV",2006-03-21,NA,NA,NA,NA,FALSE,TRUE
"1744252020","SBS Technologies Inc","SBSE",2006-03-20,NA,NA,NA,NA,FALSE,TRUE
"1744392020","Outlook Group Corp","OUTL",2006-03-20,NA,NA,NA,NA,FALSE,TRUE
"1775732020","Metrocorp Inc",NA,2006-03-20,NA,NA,NA,NA,FALSE,TRUE
"1743932020","Bayou Steel Corp","BYU",2006-03-17,NA,NA,NA,NA,FALSE,TRUE
"1746190020","William Lyon Homes Inc","WLS",2006-03-17,NA,NA,NA,NA,FALSE,TRUE
"1752111020","Meredith Enterprises Inc","MPQI",2006-03-17,NA,NA,NA,NA,FALSE,TRUE
"1743510020","Suncoast Bancorp Inc,Sarasota, Florida","SUNB",2006-03-16,NA,NA,NA,NA,FALSE,TRUE
"1760025020","Putnam Managed High Yield Trust","PTM",2006-03-14,NA,NA,NA,NA,FALSE,TRUE
"1711994020","Knight Ridder Inc","KRI",2006-03-13,NA,NA,NA,NA,FALSE,TRUE
"1742262020","Andrx Corp","ADRX",2006-03-13,NA,NA,NA,NA,FALSE,TRUE
"1742455020","General Motors Acceptance Corp","GMA",2006-03-13,NA,NA,NA,NA,FALSE,TRUE
"1742469020","Chaparral Resources Inc","CHAR",2006-03-13,"   2024459","sec_bulk","high","Charlton Aria Acquisition Corp",TRUE,FALSE
"1742254020","North Fork Bancorp Inc, Melville,New York","NFB",2006-03-12,NA,NA,NA,NA,FALSE,TRUE
"1742454020","Artemis International Solutions Corp","AMSI",2006-03-10,NA,NA,NA,NA,FALSE,TRUE
"1741737020","Buzz Technologies Inc","BZTG",2006-03-09,NA,NA,NA,NA,FALSE,TRUE
"1741256020","Lexar Media Inc","LEXR",2006-03-08,NA,NA,NA,NA,FALSE,TRUE
"1748203020","Tronox Inc","TRX",2006-03-08,"   1173643","sec_bulk","high","TRX GOLD Corp",TRUE,FALSE
"1741247020","SourceCorp Inc","SRCP",2006-03-07,NA,NA,NA,NA,FALSE,TRUE
"1740290020","CarrAmerica Realty Corp","CRE",2006-03-06,"   2003977","sec_bulk","high","Cre8 Enterprise Ltd",TRUE,FALSE
"1740348020","Education Management Corp","EDMC",2006-03-06,NA,NA,NA,NA,FALSE,TRUE
"1739992020","BellSouth Corp","BLS",2006-03-05,NA,NA,NA,NA,FALSE,TRUE
"1740229020","iVillage Inc","IVIL",2006-03-03,NA,NA,NA,NA,FALSE,TRUE
"1740749020","DTLL Inc","DTLI",2006-03-02,NA,NA,NA,NA,FALSE,TRUE
"1739503020","MatrixOne Inc","MONE",2006-03-01,NA,NA,NA,NA,FALSE,TRUE
"1736923020","KeySpan Corp","KSE",2006-02-27,NA,NA,NA,NA,FALSE,TRUE
"1738316020","Stewart & Stevenson Services Inc",NA,2006-02-27,NA,NA,NA,NA,FALSE,TRUE
"1738528020","Packaging Dynamics Corp","PKDY",2006-02-24,NA,NA,NA,NA,FALSE,TRUE
"1739216020","EZ Does It Cart Inc","EZDI",2006-02-24,NA,NA,NA,NA,FALSE,TRUE
"1737870020","ADE Corp","ADEX",2006-02-23,NA,NA,NA,NA,FALSE,TRUE
"1737043020","Thomas Nelson Inc","TNM",2006-02-21,NA,NA,NA,NA,FALSE,TRUE
"1737505020","MeriStar Hospitality Corp","MHX",2006-02-21,NA,NA,NA,NA,FALSE,TRUE
"1738978020","Singing Machine Co Inc","SINGW",2006-02-21,NA,NA,NA,NA,FALSE,TRUE
"1738957020","FiberCore Inc","FBCE",2006-02-17,NA,NA,NA,NA,FALSE,TRUE
"1736293020","AccuFacts Pre-Employment Screening Inc","APES",2006-02-16,NA,NA,NA,NA,FALSE,TRUE
"1736494020","Checkers Drive-In Restaurants Inc","CHKR",2006-02-16,"   1524769","sec_bulk","high","CHESAPEAKE GRANITE WASH TRUST",TRUE,FALSE
"1736256020","Southwest Community Bancorp, Encinitas,California","SWCB",2006-02-15,NA,NA,NA,NA,FALSE,TRUE
"1746447020","Integrated Electrical Services Inc","IESC",2006-02-14,"   1048268","sec_bulk","high","IES Holdings, Inc.",TRUE,FALSE
"1737854020","Resolve Staffing Inc","RSFF",2006-02-13,NA,NA,NA,NA,FALSE,TRUE
"1734917020","Bedford Property Investors Inc","BED",2006-02-10,NA,NA,NA,NA,FALSE,TRUE
"1734933020","Knape & Vogt Manufacturing Co","KNAP",2006-02-10,NA,NA,NA,NA,FALSE,TRUE
"1735275020","Xenogen Corp","XGEN",2006-02-10,NA,NA,NA,NA,FALSE,TRUE
"1734721020","Sound Federal Bancorp Inc, White Plains,New York","SFFS",2006-02-09,NA,NA,NA,NA,FALSE,TRUE
"1733921020","Electric Lightwave Inc","ELIX",2006-02-07,NA,NA,NA,NA,FALSE,TRUE
"1734353020","Segue Software Inc","SEGU",2006-02-07,NA,NA,NA,NA,FALSE,TRUE
"1734380020","Western Sierra Bancorp,Cameron Park,California","WSBA",2006-02-07,NA,NA,NA,NA,FALSE,TRUE
"1733273020","Lafarge North America Inc","LAF",2006-02-06,NA,NA,NA,NA,FALSE,TRUE
"1733282020","J Jill Group Inc","JILL",2006-02-06,"   1687932","sec_bulk","high","J.Jill, Inc.",TRUE,FALSE
"1733433020","Raindance Communications Inc","RNDC",2006-02-06,NA,NA,NA,NA,FALSE,TRUE
"1733468020","SterlingSouth Bank & Trust Co, Greensboro,North Carolina","SSBT",2006-02-06,NA,NA,NA,NA,FALSE,TRUE
"1733852020","Duratek Inc","DRTK",2006-02-06,NA,NA,NA,NA,FALSE,TRUE
"1733206020","Clover Leaf Financial Corp","CLOV",2006-02-03,"   1801170","sec_bulk","high","CLOVER HEALTH INVESTMENTS, CORP. /DE",TRUE,FALSE
"1732681020","Mid-Valley Bank,Woodburn, Oregon","MVBO",2006-02-01,NA,NA,NA,NA,FALSE,TRUE
"1732813020","Artesyn Technologies Inc","ATSN",2006-02-01,NA,NA,NA,NA,FALSE,TRUE
"1731707020","Stratford American Corp","STRC",2006-01-31,"   1050446","sec_bulk","high","Strategy Inc",TRUE,FALSE
"1731715020","Nova Technologies Inc","NOTL",2006-01-31,NA,NA,NA,NA,FALSE,TRUE
"1731410020","Lowrance Electronics Inc","LEIX",2006-01-29,NA,NA,NA,NA,FALSE,TRUE
"1731568020","Intrado Inc","TRDO",2006-01-29,NA,NA,NA,NA,FALSE,TRUE
"1731085020","Northern Savings & Loan Co, Elyria,Ohio","NLVS",2006-01-27,NA,NA,NA,NA,FALSE,TRUE
"1728815020","Pixar Inc","PIXR",2006-01-24,NA,NA,NA,NA,FALSE,TRUE
"1730021020","Fulton Bancshares Corp, McConnellsburg,Pennsylvania","FULB",2006-01-23,NA,NA,NA,NA,FALSE,TRUE
"1729450020","Sports Authority Inc","TSA",2006-01-22,NA,NA,NA,NA,FALSE,TRUE
"1729606020","Remington Oil & Gas Corp","REM",2006-01-22,NA,NA,NA,NA,FALSE,TRUE
"1729438020","Albertsons Inc","ABS",2006-01-20,NA,NA,NA,NA,FALSE,TRUE
"1728814020","Lifeline Systems Inc","LIFE",2006-01-19,"   1788451","sec_bulk","high","Ethos Technologies Inc.",TRUE,FALSE
"1728510020","Earle M Jorgensen Co","JOR",2006-01-18,NA,NA,NA,NA,FALSE,TRUE
"1728587020","Burlington Coat Factory Warehouse Corp","BCF",2006-01-18,NA,NA,NA,NA,FALSE,TRUE
"1727828020","Albemarle First Bank, Charlottesville,Virginia","AFBK",2006-01-13,NA,NA,NA,NA,FALSE,TRUE
"1727405020","Identix Inc","IDNX",2006-01-12,NA,NA,NA,NA,FALSE,TRUE
"1727222020","Mindset Interactive Corp","MSIA",2006-01-11,NA,NA,NA,NA,FALSE,TRUE
"1726780020","Hughes Supply Inc","HUG",2006-01-10,NA,NA,NA,NA,FALSE,TRUE
"1726810020","GTECH Holdings Corp","GTK",2006-01-10,NA,NA,NA,NA,FALSE,TRUE
"1728484020","China Media Networks International Inc","CMNW",2006-01-09,NA,NA,NA,NA,FALSE,TRUE
"1726521020","Water Pik Technologies Inc","PIK",2006-01-06,NA,NA,NA,NA,FALSE,TRUE
"1685219020","Strategic Healthcare Systems Inc","SHCS",2006-01-04,NA,NA,NA,NA,FALSE,TRUE
"1726048020","Datastream Systems Inc","DSTM",2006-01-04,NA,NA,NA,NA,FALSE,TRUE
"1725490020","Engelhard Corp","EC",2006-01-03,"   1444406","sec_bulk","high","ECOPETROL S.A.",TRUE,FALSE
"2259570020","MoneyGram International Inc","MGI",2006-01-01,"0001273931","browse_edgar","high","MONEYGRAM INTERNATIONAL INC",TRUE,FALSE
"1771801020","Anchor Glass Container Corp","AGCC",2005-12-30,"   2060016","sec_bulk","high","Agencia Comercial Spirits Ltd.",TRUE,FALSE
"1725018020","Hemlock Federal Financial Corp,Oak Forest,Illinois","HMKF",2005-12-29,NA,NA,NA,NA,FALSE,TRUE
"1725321020","Cape Coastal Trading Corp","CCSR",2005-12-29,NA,NA,NA,NA,FALSE,TRUE
"1722801020","Arden Realty Inc","ARI",2005-12-22,"   1467760","sec_bulk","high","Apollo Commercial Real Estate Finance, Inc.",TRUE,FALSE
"1722202020","Micromuse Inc","MUSE",2005-12-21,NA,NA,NA,NA,FALSE,TRUE
"1722442020","Legacy Bank,Harrisburg, Pennsylvania","LBOH",2005-12-21,NA,NA,NA,NA,FALSE,TRUE
"1722484020","Atlantic Liberty Financial Corp","ALFC",2005-12-21,NA,NA,NA,NA,FALSE,TRUE
"1722502020","Webhire Inc","HIRE",2005-12-21,NA,NA,NA,NA,FALSE,TRUE
"1722226020","Maxtor Corp","MXT",2005-12-20,NA,NA,NA,NA,FALSE,TRUE
"1721646020","Town & Country Trust","TCT",2005-12-19,NA,NA,NA,NA,FALSE,TRUE
"1721677020","Ault Inc","AULT",2005-12-19,NA,NA,NA,NA,FALSE,TRUE
"1721730020","Pegasus Solutions Inc","PEGS",2005-12-19,NA,NA,NA,NA,FALSE,TRUE
"1721898020","Neon Systems Inc","NEON",2005-12-19,"     87050","sec_bulk","high","Neonode Inc.",TRUE,FALSE
"1721315020","Animas Corp","PUMP",2005-12-16,"   1680247","sec_bulk","high","ProPetro Holding Corp.",TRUE,FALSE
"1720792020","Collegiate Funding Services LLC","CFSI",2005-12-15,NA,NA,NA,NA,FALSE,TRUE
"1721037020","Main Street Banks Inc,Atlanta, Georgia","MSBK",2005-12-15,NA,NA,NA,NA,FALSE,TRUE
"1721113020","Foothill Independent Bancorp, Glendora,California","FOOT",2005-12-15,NA,NA,NA,NA,FALSE,TRUE
"1721773020","Broadband Learning Corp","BLC",2005-12-15,NA,NA,NA,NA,FALSE,TRUE
"1720417020","Abgenix Inc","ABGX",2005-12-14,NA,NA,NA,NA,FALSE,TRUE
"1720042020","Anteon International Corp","ANT",2005-12-13,NA,NA,NA,NA,FALSE,TRUE
"1720488020","Aero Systems Engineering Inc","AERS",2005-12-13,NA,NA,NA,NA,FALSE,TRUE
"1719675020","Burlington Resources Inc","BR",2005-12-12,"   1383312","sec_bulk","high","BROADRIDGE FINANCIAL SOLUTIONS, INC.",TRUE,FALSE
"1719827020","Fox & Hound Restaurant Group","FOXX",2005-12-12,"   2013807","sec_bulk","high","Foxx Development Holdings Inc.",TRUE,FALSE
"1720337020","GoRemote Internet Communications Inc","GRIC",2005-12-09,NA,NA,NA,NA,FALSE,TRUE
"1718565020","JAMDAT Mobile Inc","JMDT",2005-12-08,NA,NA,NA,NA,FALSE,TRUE
"1718919020","Dave & Busters Inc",NA,2005-12-08,NA,NA,NA,NA,FALSE,TRUE
"1718072020","Versata Inc","VATA",2005-12-07,NA,NA,NA,NA,FALSE,TRUE
"1718558020","CenterPoint Properties Trust","CNT",2005-12-07,NA,NA,NA,NA,FALSE,TRUE
"1717035020","Guidant Corp","GDT",2005-12-05,NA,NA,NA,NA,FALSE,TRUE
"1717583020","Fresh Brands Inc","FRSH",2005-12-05,"   1544522","sec_bulk","high","Freshworks Inc.",TRUE,FALSE
"1769846020","Curative Health Services Inc","CURE",2005-12-05,NA,NA,NA,NA,FALSE,TRUE
"1717164020","Provide Commerce Inc","PRVD",2005-12-02,NA,NA,NA,NA,FALSE,TRUE
"1716375020","Atlantic Realty Trust","ATLRS",2005-12-01,NA,NA,NA,NA,FALSE,TRUE
"1716389020","Granite Energy Inc","GNGI",2005-12-01,NA,NA,NA,NA,FALSE,TRUE
"1716748020","Visual Networks Inc","VNWK",2005-12-01,NA,NA,NA,NA,FALSE,TRUE
"1715193020","Work Recovery Inc","WORK",2005-11-28,NA,NA,NA,NA,FALSE,TRUE
"1714055020","Big Lake Financial Corp, Okeechobee,Florida","BGFC",2005-11-22,NA,NA,NA,NA,FALSE,TRUE
"1714038020","First National Bank of Newport,Newport,Pennsylvania","FNBT",2005-11-21,NA,NA,NA,NA,FALSE,TRUE
"1713289020","Alamosa Holdings Inc","APCS",2005-11-21,NA,NA,NA,NA,FALSE,TRUE
"1714037020","Med-Design Corp","MEDC",2005-11-21,NA,NA,NA,NA,FALSE,TRUE
"1713553020","Beverly Enterprises Inc","BEV",2005-11-20,NA,NA,NA,NA,FALSE,TRUE
"1712956020","Scientific Atlanta Inc","SFA",2005-11-18,NA,NA,NA,NA,FALSE,TRUE
"1712382020","Intellisync Corp","SYNC",2005-11-16,NA,NA,NA,NA,FALSE,TRUE
"1712521020","SNB Bancshares Inc,Sugar Land, Texas","SNBT",2005-11-16,NA,NA,NA,NA,FALSE,TRUE
"1711877020","Learning Care Group Inc","LCGI",2005-11-15,NA,NA,NA,NA,FALSE,TRUE
"1711796020","Inamed Corp","IMDC",2005-11-14,NA,NA,NA,NA,FALSE,TRUE
"1711345020","Georgia-Pacific Corp","GP",2005-11-13,"   1584547","sec_bulk","high","GREENPOWER MOTOR Co INC.",TRUE,FALSE
"1712430020","Quincy Energy Corp","QYCE",2005-11-13,NA,NA,NA,NA,FALSE,TRUE
"1711573020","Enterasys Networks Inc","ETS",2005-11-11,"   2053641","sec_bulk","high","Elite Express Holding Inc.",TRUE,FALSE
"1711816020","Compex Technologies Inc","CMPX",2005-11-11,"   1738021","sec_bulk","high","Compass Therapeutics, Inc.",TRUE,FALSE
"1711077020","eCOST Com Inc","ECST",2005-11-10,"   2058007","sec_bulk","high","ECST Holdings Ltd",TRUE,FALSE
"1711308020","SERENA Software Inc","SRNA",2005-11-10,NA,NA,NA,NA,FALSE,TRUE
"1711413020","Central Freight Lines Inc","CENF",2005-11-10,NA,NA,NA,NA,FALSE,TRUE
"1710656020","La Quinta Corp","LQI",2005-11-09,NA,NA,NA,NA,FALSE,TRUE
"1711151020","Gold Banc Corp Inc,Leawood, Kansas","GLDB",2005-11-09,NA,NA,NA,NA,FALSE,TRUE
"1710240020","Linens n Things Inc","LIN",2005-11-08,"   1707925","sec_bulk","high","LINDE PLC",TRUE,FALSE
"1710537020","Castle Energy Corp","CECX",2005-11-08,NA,NA,NA,NA,FALSE,TRUE
"1726609020","Parallel Technologies Inc","PLLK",2005-11-08,NA,NA,NA,NA,FALSE,TRUE
"1710095020","Cap Rock Energy Corp","RKE",2005-11-07,NA,NA,NA,NA,FALSE,TRUE
"1710957020","OMII Corp",NA,2005-11-07,NA,NA,NA,NA,FALSE,TRUE
"1709684020","Renaissance Entertainment Corp","FAIR",2005-11-04,NA,NA,NA,NA,FALSE,TRUE
"1709688020","Pelican Financial Inc,Ann Arbor,Michigan","PFI",2005-11-04,NA,NA,NA,NA,FALSE,TRUE
"1709449020","Verity Inc","VRTY",2005-11-03,NA,NA,NA,NA,FALSE,TRUE
"1708817020","Benthos Inc","BTHS",2005-11-02,NA,NA,NA,NA,FALSE,TRUE
"1710031020","Advanced Power Technology Inc","APTI",2005-11-02,NA,NA,NA,NA,FALSE,TRUE
"1708556020","Fingerware Corp","FGWR",2005-11-01,NA,NA,NA,NA,FALSE,TRUE
"1716189020","Able Laboratories Inc","ABRX",2005-11-01,NA,NA,NA,NA,FALSE,TRUE
"1725666020","FiberMark Inc","FMK",2005-11-01,NA,NA,NA,NA,FALSE,TRUE
"1708306020","Exobox Technologies Corp","EXBX",2005-10-31,NA,NA,NA,NA,FALSE,TRUE
"1705460020","Transport Corp of America Inc","TCAM",2005-10-27,NA,NA,NA,NA,FALSE,TRUE
"1705540020","HFS Bank,FSB,Hobart,Indiana","HFSK",2005-10-26,NA,NA,NA,NA,FALSE,TRUE
"1705815020","Dynalyst Manufacturing Corp","DYMF",2005-10-26,NA,NA,NA,NA,FALSE,TRUE
"1704411020","Independence Community Bank Corp,Brooklyn,New York","ICBC",2005-10-24,NA,NA,NA,NA,FALSE,TRUE
"1704415020","AMLI Residential Properties Trust","AML",2005-10-24,NA,NA,NA,NA,FALSE,TRUE
"1705494020","Nextel Partners Inc","NXTP",2005-10-24,NA,NA,NA,NA,FALSE,TRUE
"1704101020","RAM Energy Inc","RAME",2005-10-21,NA,NA,NA,NA,FALSE,TRUE
"1703727020","Captiva Software Corp","CPTV",2005-10-20,NA,NA,NA,NA,FALSE,TRUE
"1703766020","Calnet Business Bank, Sacramento,California","CLNB",2005-10-20,NA,NA,NA,NA,FALSE,TRUE
"1703450020","Community First Financial Corp ,Lynchburg,Virginia","CYFC",2005-10-19,NA,NA,NA,NA,FALSE,TRUE
"1702915020","Roanoke Electric Steel Corp","RESC",2005-10-18,NA,NA,NA,NA,FALSE,TRUE
"1703373020","Lancer Corp","LAN",2005-10-18,NA,NA,NA,NA,FALSE,TRUE
"2281535020","Sun Oil & Gas Corp","GFEN",2005-10-17,NA,NA,NA,NA,FALSE,TRUE
"1702398020","Advanced Neuromodulation Systems Inc","ANSI",2005-10-16,NA,NA,NA,NA,FALSE,TRUE
"1702582020","Bio-Logic Systems Corp","BLSC",2005-10-16,NA,NA,NA,NA,FALSE,TRUE
"1756456020","O'Sullivan Industries Holdings Inc","OSU",2005-10-14,NA,NA,NA,NA,FALSE,TRUE
"1702043020","Vintage Petroleum Inc","VPI",2005-10-13,NA,NA,NA,NA,FALSE,TRUE
"1701923020","Central Coast Bancorp,Salinas, California","CCBN",2005-10-12,NA,NA,NA,NA,FALSE,TRUE
"1639772020","Neoforma Inc","NEOF",2005-10-11,NA,NA,NA,NA,FALSE,TRUE
"1701801020","Goody's Family Clothing Inc","GDYS",2005-10-11,NA,NA,NA,NA,FALSE,TRUE
"1700624020","Jefferson-Pilot Corp","JP",2005-10-10,NA,NA,NA,NA,FALSE,TRUE
"1699769020","CRIIMI MAE Inc","CMM",2005-10-06,NA,NA,NA,NA,FALSE,TRUE
"1699133020","Anderson Tully Co","ANTY",2005-10-05,NA,NA,NA,NA,FALSE,TRUE
"1699749020","Centra Software Inc","CTRA",2005-10-05,"    858470","sec_bulk","high","Coterra Energy Inc.",TRUE,FALSE
"1695710020","Dex Media Inc","DEX",2005-10-03,NA,NA,NA,NA,FALSE,TRUE
"1698395020","Bindview Development Corp","BVEW",2005-10-03,NA,NA,NA,NA,FALSE,TRUE
"1698479020","Prentiss Properties Trust","PP",2005-10-03,NA,NA,NA,NA,FALSE,TRUE
"1698501020","ShopKo Stores Inc","SKO",2005-10-03,NA,NA,NA,NA,FALSE,TRUE
"1699868020","Whitehall Jewellers Inc","JWL",2005-10-03,NA,NA,NA,NA,FALSE,TRUE
"1698086020","Specialty Laboratories Inc","SP",2005-09-30,NA,NA,NA,NA,FALSE,TRUE
"1698516020","Cavalry Bancorp Inc, Murfreesboro,Tennessee","CAVB",2005-09-30,NA,NA,NA,NA,FALSE,TRUE
"1697509020","IDX Systems Corp","IDXC",2005-09-29,NA,NA,NA,NA,FALSE,TRUE
"1697342020","Peoples Ohio Financial Corp, Troy,Ohio","POHF",2005-09-28,NA,NA,NA,NA,FALSE,TRUE
"1696592020","WellChoice Inc","WC",2005-09-27,NA,NA,NA,NA,FALSE,TRUE
"1696780020","Party City Corp","PCTY",2005-09-27,"   1591698","sec_bulk","high","Paylocity Holding Corp",TRUE,FALSE
"1696489020","Safety Components International Inc","SAFY",2005-09-26,NA,NA,NA,NA,FALSE,TRUE
"1696543020","Applied Nanoscience Inc","APNN",2005-09-26,NA,NA,NA,NA,FALSE,TRUE
"1696555020","AlgoRx Pharmaceuticals Inc","AGRX",2005-09-26,NA,NA,NA,NA,FALSE,TRUE
"1696829020","Apropos Technology Inc","APRS",2005-09-26,NA,NA,NA,NA,FALSE,TRUE
"1698464020","HPL Technologies Inc","HPLA",2005-09-26,NA,NA,NA,NA,FALSE,TRUE
"1696071020","Doc Hollywood Studios Inc","HYWS",2005-09-23,NA,NA,NA,NA,FALSE,TRUE
"1695530020","CCC Information Services Group Inc","CCCG",2005-09-21,NA,NA,NA,NA,FALSE,TRUE
"1695629020","Engineered Support Systems Inc","EASI",2005-09-21,NA,NA,NA,NA,FALSE,TRUE
"1695702020","FNB Financial Corp, Pennsylvania","FNBBD",2005-09-21,NA,NA,NA,NA,FALSE,TRUE
"2258901020","Stonebridge Resources Explorations Ltd","S3C1",2005-09-21,NA,NA,NA,NA,FALSE,TRUE
"1694258020","Spinnaker Exploration Co","SKE",2005-09-19,"   1713748","sec_bulk","high","Skeena Resources Ltd",TRUE,FALSE
"1694404020","Peregrine Systems Inc","PRGN",2005-09-19,NA,NA,NA,NA,FALSE,TRUE
"1694505020","CYIOS Corp","CYIO",2005-09-19,NA,NA,NA,NA,FALSE,TRUE
"1694877020","Icoria Inc","ICOR",2005-09-19,NA,NA,NA,NA,FALSE,TRUE
"1694497020","TBC Corp","TBCC",2005-09-18,NA,NA,NA,NA,FALSE,TRUE
"1693735020","UICI","UCI",2005-09-15,NA,NA,NA,NA,FALSE,TRUE
"1693907020","Imagistics International Inc","IGI",2005-09-15,"   1462586","sec_bulk","high","Western Asset Investment Grade Opportunity Trust Inc.",TRUE,FALSE
"1820330020","Northwest Airlines Corp","NWAC",2005-09-14,NA,NA,NA,NA,FALSE,TRUE
"1903503020","Delta Air Lines Inc","DAL",2005-09-14,"     27904","sec_bulk","high","DELTA AIR LINES, INC.",TRUE,FALSE
"1693169020","BayCorp Holdings Ltd","MWH",2005-09-13,"   2065636","sec_bulk","high","SOLV Energy, Inc.",TRUE,FALSE
"1692716020","Siebel Systems Inc","SEBL",2005-09-12,NA,NA,NA,NA,FALSE,TRUE
"1692980020","NorthStar Financial Corp, Seattle,Washington","NHST",2005-09-12,NA,NA,NA,NA,FALSE,TRUE
"1693207020","AmNet Mortgage Inc,San Diego, California","INV",2005-09-12,"   2001557","sec_bulk","high","Innventure, Inc.",TRUE,FALSE
"1847159020","ImageMAX Inc","IMAG",2005-09-12,NA,NA,NA,NA,FALSE,TRUE
"1692175020","PalmSource Inc","PSRC",2005-09-09,NA,NA,NA,NA,FALSE,TRUE
"1691222020","Maxim Pharmaceuticals Inc","MAXM",2005-09-06,NA,NA,NA,NA,FALSE,TRUE
"1691867020","Nittany Financial Corp,State College,Pennsylvania","NTNY",2005-09-06,NA,NA,NA,NA,FALSE,TRUE
"2258801020","AECOM Technology Corp","ACM",2005-09-06,"    868857","sec_bulk","high","AECOM",TRUE,FALSE
"1691331020","United Financial Mortgage Corp,Oak Brook, Illinois","UFMC",2005-09-05,NA,NA,NA,NA,FALSE,TRUE
"1691295020","Capital Automotive REIT","CARS",2005-09-02,"   1683606","sec_bulk","high","Cars.com Inc.",TRUE,FALSE
"1667587020","Comdial Corp","CMDZ",2005-09-01,NA,NA,NA,NA,FALSE,TRUE
"1690229020","Chiron Corp","CHIR",2005-09-01,NA,NA,NA,NA,FALSE,TRUE
"1696598020","United Mortgage Trust","UDMG",2005-09-01,NA,NA,NA,NA,FALSE,TRUE
"1763184020","Hugo International Telecom Inc","HGOI",2005-09-01,NA,NA,NA,NA,FALSE,TRUE
"1690101020","Access Anytime Bancorp Inc, Albuquerque,New Mexico","AABC",2005-08-31,NA,NA,NA,NA,FALSE,TRUE
"1690415020","Haggar Corp","HGGR",2005-08-31,NA,NA,NA,NA,FALSE,TRUE
"1654414020","NDCHealth Corp","NDC",2005-08-29,NA,NA,NA,NA,FALSE,TRUE
"1689208020","PanAmSat Holding Corp","PA",2005-08-29,NA,NA,NA,NA,FALSE,TRUE
"1689445020","Doane Pet Care Enterprises Inc",NA,2005-08-29,NA,NA,NA,NA,FALSE,TRUE
"1689663020","IWO Holdings Inc","IWHD",2005-08-29,NA,NA,NA,NA,FALSE,TRUE
"1689760020","Action Performance Cos Inc","ATN",2005-08-29,NA,NA,NA,NA,FALSE,TRUE
"1688912020","Liberty Corp","LC",2005-08-25,"   1409970","sec_bulk","high","LendingClub Corp",TRUE,FALSE
"1689178020","Advantage Bank,Branchburg, New Jersey","ADBK",2005-08-25,NA,NA,NA,NA,FALSE,TRUE
"1709292020","Cove Apparel Inc","CVAP",2005-08-25,NA,NA,NA,NA,FALSE,TRUE
"1688600020","York International Corp","YRK",2005-08-24,NA,NA,NA,NA,FALSE,TRUE
"1688185020","Spectrum Organic Products Inc","OFPI",2005-08-23,NA,NA,NA,NA,FALSE,TRUE
"1718729020","Union Community Bancorp, Crawfordsville,Indiana","UCBC",2005-08-23,NA,NA,NA,NA,FALSE,TRUE
"1687968020","Plumtree Software Inc","PLUM",2005-08-22,NA,NA,NA,NA,FALSE,TRUE
"1687737020","Eyetech Pharmaceuticals Inc","EYET",2005-08-21,NA,NA,NA,NA,FALSE,TRUE
"1687768020","Carlisle Cos Inc","CSL",2005-08-19,"    790051","sec_bulk","high","CARLISLE COMPANIES INC",TRUE,FALSE
"1687354020","Parlex Corp","PRLX",2005-08-18,NA,NA,NA,NA,FALSE,TRUE
"1687361020","Brooktrout Inc","BRKT",2005-08-18,NA,NA,NA,NA,FALSE,TRUE
"1687452020","CyberGuard Corp","CGFW",2005-08-18,NA,NA,NA,NA,FALSE,TRUE
"1687194020","NWB Financial Corp,Seattle, Washington","NWBF",2005-08-17,NA,NA,NA,NA,FALSE,TRUE
"1687294020","Town Bank,Westfield,New Jersey","TBWN",2005-08-17,NA,NA,NA,NA,FALSE,TRUE
"1687457020","Robocom Systems Inc","RIMS",2005-08-17,NA,NA,NA,NA,FALSE,TRUE
"1686710020","United Heritage Corp","UHCP",2005-08-15,NA,NA,NA,NA,FALSE,TRUE
"1686729020","Scan-Optics Inc","SOCR",2005-08-15,NA,NA,NA,NA,FALSE,TRUE
"1686712020","AeroGen Inc","AEGN",2005-08-12,NA,NA,NA,NA,FALSE,TRUE
"1686070020","Daou Systems Inc","DAOU",2005-08-11,NA,NA,NA,NA,FALSE,TRUE
"1686108020","Fastclick Inc","FSTC",2005-08-10,NA,NA,NA,NA,FALSE,TRUE
"1685325020","Register.com Inc","RCOM",2005-08-09,NA,NA,NA,NA,FALSE,TRUE
"1684872020","LabOne Inc","LABS",2005-08-08,NA,NA,NA,NA,FALSE,TRUE
"1685107020","Progressive Bancorp Inc","PEKS",2005-08-08,NA,NA,NA,NA,FALSE,TRUE
"1685145020","Occupational Health & Rehabilitation Inc","OHRI",2005-08-08,NA,NA,NA,NA,FALSE,TRUE
"1684307020","Metris Cos Inc","MXT",2005-08-04,NA,NA,NA,NA,FALSE,TRUE
"1711302020","Intermet Corp",NA,2005-08-04,NA,NA,NA,NA,FALSE,TRUE
"1683834020","E-Loan Inc","EELN",2005-08-03,NA,NA,NA,NA,FALSE,TRUE
"1683942020","Epiphany Inc","EPNY",2005-08-03,NA,NA,NA,NA,FALSE,TRUE
"1684000020","Chart Industries Inc","CIDI",2005-08-03,NA,NA,NA,NA,FALSE,TRUE
"1684072020","Bull Run Corp","BULL",2005-08-03,"   1866364","sec_bulk","high","Webull Corp",TRUE,FALSE
"1683721020","Reebok International Ltd","RBK",2005-08-02,NA,NA,NA,NA,FALSE,TRUE
"1683206020","Shurgard Storage Centers Inc","SHU",2005-08-01,NA,NA,NA,NA,FALSE,TRUE
"1683308020","Long Island Financial Corp, Islandia,New York","LICB",2005-08-01,NA,NA,NA,NA,FALSE,TRUE
"1682555020","SS&C Technologies Inc","SSNC",2005-07-28,"   1402436","sec_bulk","high","SS&C Technologies Holdings Inc",TRUE,FALSE
"1682594020","nStor Technologies Inc","NSO",2005-07-28,NA,NA,NA,NA,FALSE,TRUE
"1682975020","Extended Systems Inc","XTND",2005-07-28,NA,NA,NA,NA,FALSE,TRUE
"1682222020","Monroe Title Insurance Corp","MTTL",2005-07-27,NA,NA,NA,NA,FALSE,TRUE
"1682571020","First National Bancshares Inc, Bradenton,Florida","FBMT",2005-07-27,NA,NA,NA,NA,FALSE,TRUE
"1681761020","BioSource International Inc","BIOI",2005-07-26,NA,NA,NA,NA,FALSE,TRUE
"1681845020","National Vision Inc","NVI",2005-07-26,NA,NA,NA,NA,FALSE,TRUE
"1681862020","Columbia Bancorp Inc","CBMD",2005-07-26,NA,NA,NA,NA,FALSE,TRUE
"1681414020","IVAX Corp","IVX",2005-07-25,NA,NA,NA,NA,FALSE,TRUE
"1681108020","BEI Technologies Inc","BEIQ",2005-07-22,NA,NA,NA,NA,FALSE,TRUE
"1681365020","Sun Bancshares Inc,Murrels Inlet,South Carolina","SNBA",2005-07-22,NA,NA,NA,NA,FALSE,TRUE
"1680990020","Priority Healthcare Corp","PHCC",2005-07-21,NA,NA,NA,NA,FALSE,TRUE
"1680727020","Proxim Corp","PROXQ",2005-07-20,NA,NA,NA,NA,FALSE,TRUE
"1680735020","IQ Medical Corp","IQMC",2005-07-20,NA,NA,NA,NA,FALSE,TRUE
"1680978020","Guilford Pharmaceuticals Inc","GLFD",2005-07-20,NA,NA,NA,NA,FALSE,TRUE
"1619956020","Huffy Corp","HUFCQ",2005-07-19,NA,NA,NA,NA,FALSE,TRUE
"1679825020","Intermix Media Inc","MIX",2005-07-18,NA,NA,NA,NA,FALSE,TRUE
"1679925020","Summit Entertainment Group Corp Inc","SETG",2005-07-18,NA,NA,NA,NA,FALSE,TRUE
"1679969020","NowAuto Inc","NWAU",2005-07-18,NA,NA,NA,NA,FALSE,TRUE
"1679634020","Maytag Corp","MYG",2005-07-17,NA,NA,NA,NA,FALSE,TRUE
"1679376020","Bravo Foods International  Corp",NA,2005-07-13,NA,NA,NA,NA,FALSE,TRUE
"1678571020","Hudson United Bancorp, Mahwah,New Jersey","HU",2005-07-12,NA,NA,NA,NA,FALSE,TRUE
"1692435020","Coast Dental Services Inc","CDEN",2005-07-12,NA,NA,NA,NA,FALSE,TRUE
"1678343020","Helix Technology Corp","HELX",2005-07-11,NA,NA,NA,NA,FALSE,TRUE
"1678384020","D&K Healthcare Resources Inc","DKHR",2005-07-11,NA,NA,NA,NA,FALSE,TRUE
"1678314020","US Unwired Inc","UNWR",2005-07-10,NA,NA,NA,NA,FALSE,TRUE
"1678070020","Paradyne Networks Inc","PDYN",2005-07-07,"   1826681","sec_bulk","high","Palladyne AI Corp.",TRUE,FALSE
"1677444020","PacifiCare Health Systems Inc","PHS",2005-07-06,NA,NA,NA,NA,FALSE,TRUE
"1677519020","Amegy Bancorp Inc, Houston,Texas","ABNK",2005-07-06,NA,NA,NA,NA,FALSE,TRUE
"1677188020","Aspect Communications Corp","ASPT",2005-07-05,NA,NA,NA,NA,FALSE,TRUE
"1677346020","Sport Supply Group Inc","SSPY",2005-07-05,NA,NA,NA,NA,FALSE,TRUE
"1676792020","Tipperary Corp","TPY",2005-07-01,NA,NA,NA,NA,FALSE,TRUE
"1687749020","Global Energy Group Inc","GENG",2005-07-01,NA,NA,NA,NA,FALSE,TRUE
"1669824020","WestPoint Stevens Inc","WSPTQ",2005-06-30,NA,NA,NA,NA,FALSE,TRUE
"1676341020","MBNA Corp","KRB",2005-06-30,NA,NA,NA,NA,FALSE,TRUE
"1676360020","EFC Bancorp Inc,Elgin,Illinois","EFC",2005-06-30,"   1411342","sec_bulk","high","Ellington Financial Inc.",TRUE,FALSE
"1676212020","Juno Lighting Inc","JUNO",2005-06-29,NA,NA,NA,NA,FALSE,TRUE
"1676374020","1st State Bancorp Inc, Burlington,North Carolina","FSBC",2005-06-29,"   1275168","sec_bulk","high","FIVE STAR BANCORP",TRUE,FALSE
"1736121020","Kaiser Aluminum Corp","KALU",2005-06-29,"    811596","sec_bulk","high","KAISER ALUMINUM CORP",TRUE,FALSE
"1675578020","Net2Phone Inc","NTOP",2005-06-28,NA,NA,NA,NA,FALSE,TRUE
"1675474020","SeeBeyond Technology Corp","SBYN",2005-06-27,NA,NA,NA,NA,FALSE,TRUE
"1674381020","InKine Pharmaceutical Co Inc","INKP",2005-06-23,NA,NA,NA,NA,FALSE,TRUE
"1674369020","ImproveNet Inc","IMPV",2005-06-22,NA,NA,NA,NA,FALSE,TRUE
"1673843020","GSE Systems Inc","GVP",2005-06-21,"0000944480","browse_edgar","high","GSE SYSTEMS INC",TRUE,FALSE
"1673733020","Genaissance Pharmaceuticals Inc","GNSC",2005-06-20,NA,NA,NA,NA,FALSE,TRUE
"1679648020","MorNorth Mortgage Holdings Inc","MNMH",2005-06-19,NA,NA,NA,NA,FALSE,TRUE
"1673029020","CRT Properties Inc","CRO",2005-06-17,NA,NA,NA,NA,FALSE,TRUE
"1672411020","Vicuron Pharmaceuticals Inc","MICU",2005-06-16,NA,NA,NA,NA,FALSE,TRUE
"1672777020","LB Center Inc","LBCT",2005-06-16,NA,NA,NA,NA,FALSE,TRUE
"1672338020","Saxon Oil Co Ltd","SXN",2005-06-15,NA,NA,NA,NA,FALSE,TRUE
"1672557020","Integrated Circuit Systems Inc","ICST",2005-06-15,NA,NA,NA,NA,FALSE,TRUE
"1672725020","Pyramid Oil Co","PYOL",2005-06-15,NA,NA,NA,NA,FALSE,TRUE
"1671840020","Wyndham International Inc","WBR",2005-06-14,NA,NA,NA,NA,FALSE,TRUE
"1671929020","CNB Bancorp Inc,Gloversville, New York","CNBI",2005-06-14,NA,NA,NA,NA,FALSE,TRUE
"1671621020","Commercial Federal Corp,Omaha, Nebraska","CFB",2005-06-13,NA,NA,NA,NA,FALSE,TRUE
"1670620020","Niku Corp","NIKU",2005-06-09,NA,NA,NA,NA,FALSE,TRUE
"1670985020","Pacific Liberty Bank, Huntington Beach,California","PCLB",2005-06-09,NA,NA,NA,NA,FALSE,TRUE
"1670460020","Boston Acoustics Inc","BOSA",2005-06-08,NA,NA,NA,NA,FALSE,TRUE
"1669944020","Gables Residential Trust","GBP",2005-06-07,NA,NA,NA,NA,FALSE,TRUE
"1669555020","Providian Financial Corp","PVN",2005-06-06,NA,NA,NA,NA,FALSE,TRUE
"1669615020","Catellus Development Corp","CDX",2005-06-06,NA,NA,NA,NA,FALSE,TRUE
"1669730020","Pure World Inc","PURW",2005-06-06,NA,NA,NA,NA,FALSE,TRUE
"1665977020","Titan Corp","TTN",2005-06-02,NA,NA,NA,NA,FALSE,TRUE
"1668849020","Storage Technology Corp","STK",2005-06-02,"   1471420","sec_bulk","high","Columbia Seligman Premium Technology Growth Fund, Inc.",TRUE,FALSE
"1678068020","Cruzan International Inc","RUM",2005-06-02,"   1830081","sec_bulk","high","Rumble Inc.",TRUE,FALSE
"1668644020","Shopping com Ltd","SHOP",2005-06-01,"   1594805","sec_bulk","high","SHOPIFY INC.",TRUE,FALSE
"1668706020","Physiometrix Inc","PHYX",2005-06-01,NA,NA,NA,NA,FALSE,TRUE
"1668818020","EZ Auctions & Shipping","EZAU",2005-06-01,NA,NA,NA,NA,FALSE,TRUE
"1669127020","Saucony Inc","SCNYA",2005-06-01,NA,NA,NA,NA,FALSE,TRUE
"1670083020","New Harvest Capital Corp","HVST",2005-06-01,NA,NA,NA,NA,FALSE,TRUE
"1249996020","Fab Industries Inc","FIT",2005-05-27,"   2065232","sec_bulk","high","Fitness Fanatics Ltd",TRUE,FALSE
"1667490020","Blue Industries Inc","BDRI",2005-05-26,NA,NA,NA,NA,FALSE,TRUE
"1667605020","First Capital Bancorp, Norcross,Georgia","FCBX",2005-05-26,NA,NA,NA,NA,FALSE,TRUE
"1722296020","24Holdings Inc","TWFH",2005-05-26,NA,NA,NA,NA,FALSE,TRUE
"1667227020","Trinity Bank,Monroe,North Carolina","TYBN",2005-05-25,NA,NA,NA,NA,FALSE,TRUE
"1667234020","Blair Corp","BL",2005-05-25,"   1666134","sec_bulk","high","BLACKLINE, INC.",TRUE,FALSE
"1667265020","WISE Learning Solutions Inc",NA,2005-05-25,NA,NA,NA,NA,FALSE,TRUE
"1666817020","PCB Holding Co,Tell City,IN","PCBH",2005-05-24,NA,NA,NA,NA,FALSE,TRUE
"1686810020","Globe Amerada Glass Co","GAGC",2005-05-24,NA,NA,NA,NA,FALSE,TRUE
"1666886020","Sterling Capital Corp","SPR",2005-05-23,NA,NA,NA,NA,FALSE,TRUE
"1658706020","US Airways Group Inc","LCC",2005-05-19,NA,NA,NA,NA,FALSE,TRUE
"1665564020","Metals USA Inc","MUSA",2005-05-18,"   1573516","sec_bulk","high","Murphy USA Inc.",TRUE,FALSE
"1664745020","Overnite Corp","OVNT",2005-05-16,NA,NA,NA,NA,FALSE,TRUE
"1667245020","Vermont Teddy Bear Co Inc","BEAR",2005-05-16,NA,NA,NA,NA,FALSE,TRUE
"1696524020","Syratech Corp","SYRA",2005-05-16,"   1922335","sec_bulk","high","Syra Health Corp",TRUE,FALSE
"1665165020","iPayment Inc","IPMT",2005-05-13,NA,NA,NA,NA,FALSE,TRUE
"2258502020","Bay Acquisition Corp","SLGI",2005-05-13,NA,NA,NA,NA,FALSE,TRUE
"1664088020","Cuno Inc","CUNO",2005-05-12,NA,NA,NA,NA,FALSE,TRUE
"1664256020","Salmedix Inc","SMDX",2005-05-12,NA,NA,NA,NA,FALSE,TRUE
"1664280020","Infodata Systems Inc","INFD",2005-05-12,NA,NA,NA,NA,FALSE,TRUE
"1663990020","Liberty Group Publishing Inc","LBTY",2005-05-11,NA,NA,NA,NA,FALSE,TRUE
"1663599020","Oshkosh B Gosh Inc","GOSHA",2005-05-10,NA,NA,NA,NA,FALSE,TRUE
"1663622020","United Financial Inc,Graham, North Carolina","UTDF",2005-05-10,NA,NA,NA,NA,FALSE,TRUE
"1663652020","Tarantella Inc","TTLA",2005-05-10,NA,NA,NA,NA,FALSE,TRUE
"1663062020","Cinergy Corp","CIN",2005-05-09,NA,NA,NA,NA,FALSE,TRUE
"1663242020","Nuance Communications Inc","NUAN",2005-05-09,"0001002517","browse_edgar","high","Nuance Communications, Inc.",TRUE,FALSE
"1662201020","Renal Care Group Inc","RCI",2005-05-04,"    733099","sec_bulk","high","ROGERS COMMUNICATIONS INC",TRUE,FALSE
"1662256020","SpectraSite Inc","SSI",2005-05-04,NA,NA,NA,NA,FALSE,TRUE
"1662410020","Bone Care International Inc","BCII",2005-05-04,NA,NA,NA,NA,FALSE,TRUE
"1662417020","PFS Bancorp Inc","PBNC",2005-05-04,NA,NA,NA,NA,FALSE,TRUE
"1651411020","Neiman Marcus Group Inc","NMG.A",2005-05-02,NA,NA,NA,NA,FALSE,TRUE
"1667904020","Metaphor Corp","ONCL",2005-05-01,NA,NA,NA,NA,FALSE,TRUE
"1661437020","Corixa Corp","CRXA",2005-04-29,NA,NA,NA,NA,FALSE,TRUE
"1661439020","MDI Technologies Inc","MDD",2005-04-29,NA,NA,NA,NA,FALSE,TRUE
"1661124020","First American Bank,Rosemead, California","FTAB",2005-04-28,NA,NA,NA,NA,FALSE,TRUE
"1661189020","Black Warrior Wireline Corp","BWWL",2005-04-28,NA,NA,NA,NA,FALSE,TRUE
"1661219020","CipherPass Corp","CPHC",2005-04-28,"   1672909","sec_bulk","high","Canterbury Park Holding Corp",TRUE,FALSE
"1661432020","Worldwide Restaurant Concepts Inc","SZ",2005-04-28,NA,NA,NA,NA,FALSE,TRUE
"1660358020","PEC Solutions Inc","PECS",2005-04-26,NA,NA,NA,NA,FALSE,TRUE
"1659758020","Premcor Inc","PCO",2005-04-25,NA,NA,NA,NA,FALSE,TRUE
"1659790020","DoubleClick Inc","DCLK",2005-04-25,NA,NA,NA,NA,FALSE,TRUE
"1660080020","North East Bancshaes Inc,North East,Pennsylvania","NEBI",2005-04-25,NA,NA,NA,NA,FALSE,TRUE
"1658015020","Instinet Group Inc","INGP",2005-04-22,NA,NA,NA,NA,FALSE,TRUE
"1659728020","Rancho Bernardo Community Bank,San Diego,California","RBCB",2005-04-22,NA,NA,NA,NA,FALSE,TRUE
"1519913020","Adelphia Communications Corp","ADELQ",2005-04-21,NA,NA,NA,NA,FALSE,TRUE
"1659304020","Transkaryotic Therapies Inc","TKTX",2005-04-21,NA,NA,NA,NA,FALSE,TRUE
"1659051020","Secure Solutions Holdings Inc","SSLX",2005-04-20,NA,NA,NA,NA,FALSE,TRUE
"1658648020","Orphan Medical Inc","ORPH",2005-04-19,NA,NA,NA,NA,FALSE,TRUE
"1658702020","Astrex Inc","ASXI",2005-04-19,NA,NA,NA,NA,FALSE,TRUE
"1658774020","Mayors Jewelers Inc","MYR",2005-04-19,NA,NA,NA,NA,FALSE,TRUE
"1658081020","Macromedia Inc","MACR",2005-04-18,NA,NA,NA,NA,FALSE,TRUE
"1658212020","Electronics Boutique Holdings Corp","ELBO",2005-04-18,NA,NA,NA,NA,FALSE,TRUE
"1658341020","Manchester Technologies Inc","MANC",2005-04-18,NA,NA,NA,NA,FALSE,TRUE
"1657998020","Brookstone Inc","BKST",2005-04-15,NA,NA,NA,NA,FALSE,TRUE
"1658333020","Rantoul First Bank SB,Rantoul, Illinois","RFBK",2005-04-15,NA,NA,NA,NA,FALSE,TRUE
"1669865020","Neptune Society Inc","NPTI",2005-04-15,NA,NA,NA,NA,FALSE,TRUE
"1657814020","Keith Cos Inc","TKCI",2005-04-14,NA,NA,NA,NA,FALSE,TRUE
"1659106020","FransAction Inc","FCTN",2005-04-14,NA,NA,NA,NA,FALSE,TRUE
"1657420020","Exchange Bancshares Inc,Luckey ,Ohio","EBLO",2005-04-13,NA,NA,NA,NA,FALSE,TRUE
"1657479020","Cornerstone Bancorp,Stamford, Connecticut","CBN",2005-04-13,NA,NA,NA,NA,FALSE,TRUE
"1657128020","Noland Co","NOLD",2005-04-12,NA,NA,NA,NA,FALSE,TRUE
"1656074020","Concord Communications Inc","CCRD",2005-04-07,"0000320340","browse_edgar","high","CoreCard Corp",TRUE,FALSE
"1656092020","NEFF Corp","NFFCA",2005-04-07,NA,NA,NA,NA,FALSE,TRUE
"1643548020","Unocal Corp","UCL",2005-04-04,"   1775898","sec_bulk","high","uCloudlink Group Inc.",TRUE,FALSE
"1648091020","Maxcor Financial Group Inc","MAXF",2005-04-04,NA,NA,NA,NA,FALSE,TRUE
"1655190020","Mission Resources Corp","MSSN",2005-04-04,NA,NA,NA,NA,FALSE,TRUE
"1655303020","RiceX Co","RICX",2005-04-04,NA,NA,NA,NA,FALSE,TRUE
"1654920020","Technology Flavors & Fragrances Inc","TFF'S",2005-04-01,NA,NA,NA,NA,FALSE,TRUE
"1655829020","Veridium Corp","VRDM",2005-04-01,NA,NA,NA,NA,FALSE,TRUE
"1655838020","Incode Technologies Inc","ICDT",2005-04-01,NA,NA,NA,NA,FALSE,TRUE
"1672909020","Technology Flavors & Fragrances Inc","TFF'S",2005-04-01,NA,NA,NA,NA,FALSE,TRUE
"1655291020","PPOL Inc","PPLC",2005-03-31,NA,NA,NA,NA,FALSE,TRUE
"1655309020","InteliData Technologies Corp","INTD",2005-03-31,NA,NA,NA,NA,FALSE,TRUE
"1653796020","Vialta Inc","VLTA",2005-03-29,NA,NA,NA,NA,FALSE,TRUE
"1653802020","Universal Access Global Holdings Inc","UAXS",2005-03-29,NA,NA,NA,NA,FALSE,TRUE
"1651960020","SunGard Data Systems Inc","SDS",2005-03-28,NA,NA,NA,NA,FALSE,TRUE
"1653294020","Digital Impact Inc","DIGI",2005-03-28,NA,NA,NA,NA,FALSE,TRUE
"1653298020","Gexa Corp","GEXA",2005-03-28,NA,NA,NA,NA,FALSE,TRUE
"1653449020","Payless Communications Holdings Inc","PCNH",2005-03-28,NA,NA,NA,NA,FALSE,TRUE
"1624396020","Datatec Systems Inc","DATC",2005-03-21,NA,NA,NA,NA,FALSE,TRUE
"1651818020","Ask Jeeves Inc","ASKJ",2005-03-21,NA,NA,NA,NA,FALSE,TRUE
"1651846020","Mykrolis Corp","MYK",2005-03-21,NA,NA,NA,NA,FALSE,TRUE
"1651910020","Pinnacle Systems Inc","PCLE",2005-03-21,NA,NA,NA,NA,FALSE,TRUE
"1651963020","State Financial Services Corp, Milwaukee,Wisconsin","SFSW",2005-03-21,NA,NA,NA,NA,FALSE,TRUE
"1651537020","CTI Molecular Imaging Inc","CTMI",2005-03-18,NA,NA,NA,NA,FALSE,TRUE
"1642846020","Toys R Us Inc","TOY",2005-03-17,NA,NA,NA,NA,FALSE,TRUE
"1651105020","Horizon PCS Inc","HZPS",2005-03-17,NA,NA,NA,NA,FALSE,TRUE
"1673845020","SEMX Corp","SEMX",2005-03-17,NA,NA,NA,NA,FALSE,TRUE
"1650925020","Seabulk International Inc","SBLK",2005-03-16,"   1386716","sec_bulk","high","Star Bulk Carriers Corp.",TRUE,FALSE
"1650527020","Medicore Inc","MDKI",2005-03-15,NA,NA,NA,NA,FALSE,TRUE
"1650719020","Trikon Technologies Inc","TRKN",2005-03-15,NA,NA,NA,NA,FALSE,TRUE
"1649957020","Ascential Software Corp","ASCL",2005-03-14,NA,NA,NA,NA,FALSE,TRUE
"1659404020","NetCert Inc","NTCI",2005-03-10,NA,NA,NA,NA,FALSE,TRUE
"1648949020","Great Lakes Chemical Corp","GLK",2005-03-09,NA,NA,NA,NA,FALSE,TRUE
"1649091020","Thomas Industries Inc","TII",2005-03-09,"   1791703","sec_bulk","high","Titan Mining Corp",TRUE,FALSE
"1648798020","Retek Inc","RETK",2005-03-08,NA,NA,NA,NA,FALSE,TRUE
"1648203020","United Defense Industries Inc","UDI",2005-03-07,NA,NA,NA,NA,FALSE,TRUE
"1648436020","Insight Communications Co Inc","ICCI",2005-03-07,NA,NA,NA,NA,FALSE,TRUE
"1648483020","Summit Financial Corp, Greenville,South Carolina","SUMM",2005-03-07,NA,NA,NA,NA,FALSE,TRUE
"1681369020","WHX Corp","WHX",2005-03-07,NA,NA,NA,NA,FALSE,TRUE
"1648001020","Hibernia Corp,New Orleans, Louisiana","HIB",2005-03-06,NA,NA,NA,NA,FALSE,TRUE
"1647764020","Closure Medical Corp","CLSR",2005-03-04,NA,NA,NA,NA,FALSE,TRUE
"1643103020","First Virtual Communications Inc","FVCCQ",2005-03-02,NA,NA,NA,NA,FALSE,TRUE
"1642734020","Blue Martini Software Inc","BLUE",2005-03-01,NA,NA,NA,NA,FALSE,TRUE
"1633480020","May Department Stores Co","MAY",2005-02-28,NA,NA,NA,NA,FALSE,TRUE
"1642291020","Quinton Cardiology Systems Inc","QUIN",2005-02-28,NA,NA,NA,NA,FALSE,TRUE
"1642328020","NCRIC Group Inc","NCRI",2005-02-28,NA,NA,NA,NA,FALSE,TRUE
"1649915020","First Bancshares Inc,San Luis Obispo County,California","FSLO",2005-02-28,NA,NA,NA,NA,FALSE,TRUE
"1679448020","United Diagnostic Inc","UNDG",2005-02-28,NA,NA,NA,NA,FALSE,TRUE
"1641144020","USF Corp","USFC",2005-02-27,NA,NA,NA,NA,FALSE,TRUE
"1686342020","Keystone Consolidated Industries Inc","KYCN",2005-02-26,NA,NA,NA,NA,FALSE,TRUE
"1642076020","North American Technologies Group Inc","NATK",2005-02-25,NA,NA,NA,NA,FALSE,TRUE
"1641678020","Tarpon Coast Bancorp Inc,Port Charlotte,Florida","TCBA",2005-02-24,NA,NA,NA,NA,FALSE,TRUE
"1641075020","Accredo Health Inc","ACDO",2005-02-23,NA,NA,NA,NA,FALSE,TRUE
"2258299020","USA Technologies Inc","USAT",2005-02-23,NA,NA,NA,NA,FALSE,TRUE
"1641284020","Insurance Auto Auctions Inc","IAAI",2005-02-22,NA,NA,NA,NA,FALSE,TRUE
"1640516020","Eon Labs Inc","ELAB",2005-02-21,"   1840563","sec_bulk","high","PMGC Holdings Inc.",TRUE,FALSE
"1640037020","Prime Group Realty Trust","PGE",2005-02-17,NA,NA,NA,NA,FALSE,TRUE
"1640053020","Gadzooks Inc","GADZ",2005-02-16,NA,NA,NA,NA,FALSE,TRUE
"1672896020","Lincoln National Convertible Securities Fund Inc","LNV",2005-02-16,NA,NA,NA,NA,FALSE,TRUE
"1639400020","Tickets.com Inc","TIXX",2005-02-15,NA,NA,NA,NA,FALSE,TRUE
"1639426020","AMX Corp","AMXC",2005-02-15,NA,NA,NA,NA,FALSE,TRUE
"1638490020","MCI Inc","MCIP",2005-02-14,NA,NA,NA,NA,FALSE,TRUE
"1639088020","Hytek Microsystems Inc","HTEK",2005-02-14,NA,NA,NA,NA,FALSE,TRUE
"1733281020","Computer Software Innovations Inc","CSWI",2005-02-14,NA,NA,NA,NA,FALSE,TRUE
"1638821020","Copper Mountain Networks Inc","CMTN",2005-02-11,NA,NA,NA,NA,FALSE,TRUE
"1637492020","John Q Hammons Hotels Inc","JQH",2005-02-04,NA,NA,NA,NA,FALSE,TRUE
"1637062020","Osteoimplant Technology Inc","OINT",2005-02-03,NA,NA,NA,NA,FALSE,TRUE
"2258178020","Meditech Pharmaceuticals Inc","MDPM",2005-02-02,NA,NA,NA,NA,FALSE,TRUE
"1635535020","AT&T Corp","T",2005-01-31,"    732717","sec_bulk","high","AT&T INC.",TRUE,FALSE
"1635728020","Pulitzer Inc","PTZ",2005-01-31,NA,NA,NA,NA,FALSE,TRUE
"1636082020","VerticalBuyer Inc","VBYR",2005-01-31,NA,NA,NA,NA,FALSE,TRUE
"1635132020","Gillette Co","G",2005-01-28,"   1398659","sec_bulk","high","Genpact LTD",TRUE,FALSE
"1635119020","MAPICS Inc","MAPX",2005-01-27,NA,NA,NA,NA,FALSE,TRUE
"1635161020","August Technology Corp","AUGT",2005-01-27,NA,NA,NA,NA,FALSE,TRUE
"1634502020","Magnum Hunter Resources Inc","MHR",2005-01-26,NA,NA,NA,NA,FALSE,TRUE
"1634108020","Corio Inc","CRIO",2005-01-25,NA,NA,NA,NA,FALSE,TRUE
"1634210020","Community Bank of Northern Virginia,Sterling,Virginia","CBNV",2005-01-25,NA,NA,NA,NA,FALSE,TRUE
"1634285020","AlphaSmart Inc","ALSM",2005-01-25,NA,NA,NA,NA,FALSE,TRUE
"1633967020","Correctional Systems Inc","CRXS",2005-01-24,NA,NA,NA,NA,FALSE,TRUE
"1633691020","VirtGame Corp","VGTI",2005-01-23,NA,NA,NA,NA,FALSE,TRUE
"1633222020","Falcon Financial Investment Trust","FLCN",2005-01-20,NA,NA,NA,NA,FALSE,TRUE
"1633427020","Chester Valley Bancorp, Downingtown,Pennsylvania","CVAL",2005-01-20,NA,NA,NA,NA,FALSE,TRUE
"1632474020","Impac Medical Systems Inc","IMPC",2005-01-18,NA,NA,NA,NA,FALSE,TRUE
"1632555020","FFLC Bancorp Inc,Leesburg, Florida","FFLC",2005-01-18,NA,NA,NA,NA,FALSE,TRUE
"1632561020","Computer Network Technology Corp","CMNT",2005-01-18,NA,NA,NA,NA,FALSE,TRUE
"1632733020","National Properties Corp","NAPE",2005-01-18,NA,NA,NA,NA,FALSE,TRUE
"1632658020","Penn Engineering & Manufacturing Corp","PNN",2005-01-17,NA,NA,NA,NA,FALSE,TRUE
"1631719020","Verisity Ltd","VRST",2005-01-12,NA,NA,NA,NA,FALSE,TRUE
"1647925020","Precise Positioning Products Inc","PPPD",2005-01-12,NA,NA,NA,NA,FALSE,TRUE
"1631278020","SVB Financial Services Inc, Sommerville,New Jersey","SVBF",2005-01-11,NA,NA,NA,NA,FALSE,TRUE
"1630501020","Western Wireless Corp","WWCA",2005-01-10,NA,NA,NA,NA,FALSE,TRUE
"1725038020","Mirant Corp","MIR",2005-01-09,"   1809987","sec_bulk","high","Mirion Technologies, Inc.",TRUE,FALSE
"1630101020","Vastera Inc","VAST",2005-01-07,NA,NA,NA,NA,FALSE,TRUE
"1630184020","Polaroid Holding Co","POHC",2005-01-07,NA,NA,NA,NA,FALSE,TRUE
"1630237020","InfoSearch Media Inc","ISHM",2005-01-07,NA,NA,NA,NA,FALSE,TRUE
"1629260020","Quality Systems Inc","QSII",2005-01-04,NA,NA,NA,NA,FALSE,TRUE
"1629274020","Total Logistics Inc","TLCX",2005-01-04,NA,NA,NA,NA,FALSE,TRUE
"1630085020","Education Lending Group Inc","EDLG",2005-01-04,NA,NA,NA,NA,FALSE,TRUE
"1629040020","Illinois Community Bancorp Inc,Effingham,Illinois","ILCM",2004-12-31,NA,NA,NA,NA,FALSE,TRUE
"1628331020","Classic Bancshares Inc, Ashland,Kentucky","CLAS",2004-12-29,NA,NA,NA,NA,FALSE,TRUE
"1627820020","Yeahronimo Media Ventures Inc","YNMO",2004-12-28,NA,NA,NA,NA,FALSE,TRUE
"1627515020","META Group Inc","METG",2004-12-27,NA,NA,NA,NA,FALSE,TRUE
"1626798020","Belmont Bancorp,Bridgeport, Ohio","BLMT",2004-12-22,NA,NA,NA,NA,FALSE,TRUE
"1674436020","Photoworks Inc","FOTO",2004-12-22,NA,NA,NA,NA,FALSE,TRUE
"1626368020","Valley Commerce Bancorp Ltd, Phoenix,Arizona","VLYB",2004-12-21,NA,NA,NA,NA,FALSE,TRUE
"1626037020","Norstan Inc","NRRD",2004-12-20,NA,NA,NA,NA,FALSE,TRUE
"1625741020","Kramont Realty Trust","KRT",2004-12-19,"   1758021","sec_bulk","high","Karat Packaging Inc.",TRUE,FALSE
"1625749020","Dixon Ticonderoga Co","DXT",2004-12-17,NA,NA,NA,NA,FALSE,TRUE
"1625772020","Woronoco Bancorp Inc, Westfield,Massachusetts","WRO",2004-12-17,NA,NA,NA,NA,FALSE,TRUE
"1625789020","New Commerce Bancorp, Greenville,South Carolina","NCBS",2004-12-17,NA,NA,NA,NA,FALSE,TRUE
"1625810020","Superior Consultant Holdings Corp","SUPC",2004-12-17,NA,NA,NA,NA,FALSE,TRUE
"1627818020","Red Oak Bank,Morristown,New Jersey","ROBK",2004-12-17,NA,NA,NA,NA,FALSE,TRUE
"1625146020","Veritas Software Corp","VRTS",2004-12-16,"    883237","sec_bulk","high","VIRTUS INVESTMENT PARTNERS, INC.",TRUE,FALSE
"1625351020","Patina Oil & Gas Corp","POG",2004-12-16,NA,NA,NA,NA,FALSE,TRUE
"1625444020","Tropical Sportswear Intl Corp","TSIC",2004-12-16,NA,NA,NA,NA,FALSE,TRUE
"1638083020","Sports Entertainment Enterprises Inc","SPEA",2004-12-16,NA,NA,NA,NA,FALSE,TRUE
"1623687020","Nextel Communications Inc","NXTL",2004-12-15,NA,NA,NA,NA,FALSE,TRUE
"1731018020","Embarq Corp","EQ",2004-12-15,"   1746466","sec_bulk","high","Equillium, Inc.",TRUE,FALSE
"1624254020","TippingPoint Technologies Inc","TPTI",2004-12-13,NA,NA,NA,NA,FALSE,TRUE
"1623899020","Pacific Magtron International Corp","PMIC",2004-12-10,NA,NA,NA,NA,FALSE,TRUE
"1623525020","Northeast Pennsylvania Financial Corp,Hazleton, Pennsylvania","NEPF",2004-12-09,NA,NA,NA,NA,FALSE,TRUE
"1622159020","Sola International Inc","SOL",2004-12-05,"0001417892","browse_edgar","high","Emeren Group Ltd",TRUE,FALSE
"1621719020","Shrewsbury Bancorp,Shrewsbury, New Jersey","SHRW",2004-12-02,NA,NA,NA,NA,FALSE,TRUE
"1621364020","Nassda Corp","NSDA",2004-12-01,NA,NA,NA,NA,FALSE,TRUE
"1621404020","ProCyte Corp","PRCY",2004-12-01,NA,NA,NA,NA,FALSE,TRUE
"1619784020","Ionics Inc","ION",2004-11-24,NA,NA,NA,NA,FALSE,TRUE
"1619933020","Accuimage Diagnostics Corp","AIDP",2004-11-24,NA,NA,NA,NA,FALSE,TRUE
"2260503020","I N A Investment Securities","IIS",2004-11-24,NA,NA,NA,NA,FALSE,TRUE
"1619575020","Starcraft Corp","STCR",2004-11-23,NA,NA,NA,NA,FALSE,TRUE
"1618940020","Hollywood Entertainment Corp","HLYW",2004-11-19,NA,NA,NA,NA,FALSE,TRUE
"1618150020","Sears Roebuck & Co","S",2004-11-17,"   1583708","sec_bulk","high","SentinelOne, Inc.",TRUE,FALSE
"1618451020","SMTEK International Inc","SMTI",2004-11-17,"    714256","sec_bulk","high","Sanara MedTech Inc.",TRUE,FALSE
"1617968020","PennRock Financial Services Corp,Blue Ball,Pennsylvania","PRFS",2004-11-16,NA,NA,NA,NA,FALSE,TRUE
"1618394020","Inflow Inc","INFL",2004-11-16,NA,NA,NA,NA,FALSE,TRUE
"1618048020","Western Standard Corp","WSTD",2004-11-15,NA,NA,NA,NA,FALSE,TRUE
"1624468020","Protection One Inc","PONN",2004-11-15,NA,NA,NA,NA,FALSE,TRUE
"1617829020","MarketWatch Inc","MKTW",2004-11-14,"   1805651","sec_bulk","high","MARKETWISE, INC.",TRUE,FALSE
"1616418020","VISX Inc","EYE",2004-11-09,"   1710155","sec_bulk","high","National Vision Holdings, Inc.",TRUE,FALSE
"1616420020","American Pacific Bank, Portland,Oregon","AMPB",2004-11-09,NA,NA,NA,NA,FALSE,TRUE
"1615968020","Infonet Services Corp","IN",2004-11-08,NA,NA,NA,NA,FALSE,TRUE
"1616249020","Citizens First Financial Corp,Bloomingtion,Illinois","CFSB",2004-11-08,"0001879103","browse_edgar","high","CFSB Bancorp, Inc. /MA/",TRUE,FALSE
"1615730020","Cypress Communications Holding Co Inc","CYHI",2004-11-05,NA,NA,NA,NA,FALSE,TRUE
"1615801020","Sequoia National Bank,San Francisco,California","SQNB",2004-11-05,NA,NA,NA,NA,FALSE,TRUE
"1615416020","Assisted Living Concepts Inc","ASLC",2004-11-04,NA,NA,NA,NA,FALSE,TRUE
"1615117020","Argosy Gaming Co","AGY",2004-11-03,NA,NA,NA,NA,FALSE,TRUE
"1614387020","Kaneb Services LLC","KSL",2004-11-01,NA,NA,NA,NA,FALSE,TRUE
"1614609020","Kaneb Pipe Line Partners LP","KPP",2004-11-01,NA,NA,NA,NA,FALSE,TRUE
"1613401020","Pointe Financial Corp,Boca Raton,Florida","PNTE",2004-10-27,NA,NA,NA,NA,FALSE,TRUE
"1766120020","ATA Holdings Corp","ATAHQ",2004-10-26,NA,NA,NA,NA,FALSE,TRUE
"1612470020","International Steel Group Inc","ISG",2004-10-25,NA,NA,NA,NA,FALSE,TRUE
"1612904020","Trump Hotels & Casino Resorts Inc","DJT",2004-10-25,"   1849635","sec_bulk","high","Trump Media & Technology Group Corp.",TRUE,FALSE
"1612283020","Yosemite Bank,Mariposa, California","PVLY",2004-10-22,NA,NA,NA,NA,FALSE,TRUE
"1612504020","Cornerstone Realty Income Trust Inc","TCR",2004-10-22,NA,NA,NA,NA,FALSE,TRUE
"1611308020","Optometrics Corp","OPT",2004-10-19,NA,NA,NA,NA,FALSE,TRUE
"1610780020","Select Medical Corp","SEM",2004-10-18,"   1320414","sec_bulk","high","SELECT MEDICAL HOLDINGS CORP",TRUE,FALSE
"1611069020","Peoples Community Capital Corp ,Aiken,South Carolina","PPLM",2004-10-18,NA,NA,NA,NA,FALSE,TRUE
"1610526020","Penn-America Group Inc","PNG",2004-10-15,NA,NA,NA,NA,FALSE,TRUE
"1610710020","NSD Bancorp Inc,Pittsburgh, Pennsylvania","NSDB",2004-10-15,NA,NA,NA,NA,FALSE,TRUE
"1610386020","First Health Group Corp","FHCC",2004-10-14,NA,NA,NA,NA,FALSE,TRUE
"1609707020","Lawrence Financial Holdings Inc","LWFH",2004-10-12,NA,NA,NA,NA,FALSE,TRUE
"1609227020","Arrow-Magnolia International Inc","ARWM",2004-10-07,NA,NA,NA,NA,FALSE,TRUE
"1608579020","SI Technologies Inc","SINT",2004-10-06,"   1269026","sec_bulk","high","Sintx Technologies, Inc.",TRUE,FALSE
"1608136020","DuPont Photomasks Inc","DPMI",2004-10-05,NA,NA,NA,NA,FALSE,TRUE
"1608182020","Summit Properties Inc","SMT",2004-10-04,NA,NA,NA,NA,FALSE,TRUE
"1608361020","FNBG Bancshares Inc,Duluth, Georgia","FNBG",2004-10-04,NA,NA,NA,NA,FALSE,TRUE
"1608007020","American Restaurant Group Inc","ARUGA",2004-10-01,NA,NA,NA,NA,FALSE,TRUE
"1922041020","Interstate Bakeries Corp","IBC",2004-09-23,NA,NA,NA,NA,FALSE,TRUE
"1605246020","Onyx Acceptance Corp","ONYX",2004-09-22,NA,NA,NA,NA,FALSE,TRUE
"1605758020","Endocardial Solutions Inc","ECSI",2004-09-22,NA,NA,NA,NA,FALSE,TRUE
"1604810020","Obie Media Corp","OBIE",2004-09-20,NA,NA,NA,NA,FALSE,TRUE
"1603918020","Pressure BioSciences Inc","BBII",2004-09-15,NA,NA,NA,NA,FALSE,TRUE
"1517053020","Metro-Goldwyn-Mayer Inc","MGM",2004-09-13,"    789570","sec_bulk","high","MGM Resorts International",TRUE,FALSE
"1589099020","Grey Global Group Inc","GREY",2004-09-13,NA,NA,NA,NA,FALSE,TRUE
"1609026020","Neuberger Berman Real Estate Income Fund Inc","NRL",2004-09-10,NA,NA,NA,NA,FALSE,TRUE
"1654016020","Trico Marine Services Inc","TMAR",2004-09-08,NA,NA,NA,NA,FALSE,TRUE
"1651702020","eCOST Com Inc","ECST",2004-09-01,"   2058007","sec_bulk","high","ECST Holdings Ltd",TRUE,FALSE
"1597176020","LNR Property Corp","LNR",2004-08-27,NA,NA,NA,NA,FALSE,TRUE
"1596281020","Banknorth Group Inc,Portland, Maine","BNK",2004-08-26,NA,NA,NA,NA,FALSE,TRUE
"1596859020","FNB Bankshares,Bar Harbor, Maine","FBSH",2004-08-26,NA,NA,NA,NA,FALSE,TRUE
"1596468020","Winton Financial Corp, Cincinnati,Ohio","WFI",2004-08-25,NA,NA,NA,NA,FALSE,TRUE
"1596566020","Redwood Empire Bancorp,Santa Rosa,California","REBC",2004-08-25,NA,NA,NA,NA,FALSE,TRUE
"1597110020","GFSB Bancorp Inc,Gallop,New Mexico","GUPB",2004-08-25,NA,NA,NA,NA,FALSE,TRUE
"1595905020","Futurus Financial Services Inc","FUTF",2004-08-19,NA,NA,NA,NA,FALSE,TRUE
"1681582020","Loral Space & Communications Inc","LORL",2004-08-19,NA,NA,NA,NA,FALSE,TRUE
"1594235020","Province Healthcare Co","PRHC",2004-08-16,NA,NA,NA,NA,FALSE,TRUE
"1593707020","Varco International Inc","VRC",2004-08-12,NA,NA,NA,NA,FALSE,TRUE
"1593902020","PHSB Financial Corp,Beaver Falls,Pennsylvania","PHSB",2004-08-12,NA,NA,NA,NA,FALSE,TRUE
"1593002020","CNL Income Fund Ltd","XXKVD",2004-08-09,NA,NA,NA,NA,FALSE,TRUE
"1593039020","Chronimed Inc","CHMD",2004-08-09,NA,NA,NA,NA,FALSE,TRUE
"1592208020","ComBanc Inc,Delphos,Ohio","COBI",2004-08-04,NA,NA,NA,NA,FALSE,TRUE
"1591516020","First National Bankshares of Florida Inc,Naples,Florida","FLB",2004-08-02,NA,NA,NA,NA,FALSE,TRUE
"1595272020","Applied Extrusion Technologies Inc","AETC",2004-08-02,NA,NA,NA,NA,FALSE,TRUE
"1591973020","Sea Pines Associates Inc","SOCI",2004-07-29,NA,NA,NA,NA,FALSE,TRUE
"1766516020","Sea Pines Associates Inc","SOCI",2004-07-29,NA,NA,NA,NA,FALSE,TRUE
"1725013020","Dan River Inc","DRF",2004-07-28,NA,NA,NA,NA,FALSE,TRUE
"1590332020","Ocular Sciences Inc","OCLR",2004-07-27,NA,NA,NA,NA,FALSE,TRUE
"1485140020","Texas Genco Holdings Inc","TGN",2004-07-21,NA,NA,NA,NA,FALSE,TRUE
"1587346020","Riggs National Corp, Washington,District of Columbia","RIGS",2004-07-16,NA,NA,NA,NA,FALSE,TRUE
"1587603020","Frankfort First Bancorp Inc, Frankfort,Kentucky","FKKY",2004-07-16,NA,NA,NA,NA,FALSE,TRUE
"1587044020","Caesars Entertainment Inc","CZR",2004-07-15,"   1590895","sec_bulk","high","Caesars Entertainment, Inc.",TRUE,FALSE
"1587235020","Heritage Financial Holding Co,Decatur,Alabama","HBFH",2004-07-15,NA,NA,NA,NA,FALSE,TRUE
"1585622020","Mystic Financial Inc,Medford, Massachusetts","MYST",2004-07-07,NA,NA,NA,NA,FALSE,TRUE
"1584836020","Del Laboratories Inc","DLI",2004-07-02,NA,NA,NA,NA,FALSE,TRUE
"1584798020","Genus Inc","GENUS",2004-07-01,NA,NA,NA,NA,FALSE,TRUE
"1584354020","Allaire Community Bank,Belmar, New Jersey","ALCY",2004-06-30,"   1901336","sec_bulk","high","Alchemy Investments Acquisition Corp 1",TRUE,FALSE
"1581566020","BostonFed Bancorp Inc, Burlington,Massachusetts","BFD",2004-06-21,NA,NA,NA,NA,FALSE,TRUE
"1580540020","Quality Dining Inc","QDIN",2004-06-15,NA,NA,NA,NA,FALSE,TRUE
"1532503020","Mandalay Resort Group","MBG",2004-06-04,NA,NA,NA,NA,FALSE,TRUE
"1529228020","NeighborCare Inc","NCRX",2004-05-24,NA,NA,NA,NA,FALSE,TRUE
"1624354020","Chalone Wine Group Ltd","CHLN",2004-05-17,NA,NA,NA,NA,FALSE,TRUE
"1512240020","Hudson River Bancorp Inc, Hudson,New York","HRBT",2004-04-02,NA,NA,NA,NA,FALSE,TRUE
"1504592020","Waypoint Financial Corp, Harrisburg,Pennsylvania","WYPT",2004-03-09,NA,NA,NA,NA,FALSE,TRUE
"1501323020","Progressive Return Fund Inc","PGF",2004-02-25,NA,NA,NA,NA,FALSE,TRUE
"1636573020","Oglebay Norton Co","OGBY",2004-02-23,NA,NA,NA,NA,FALSE,TRUE
"1775416020","Atlas America Inc","ATLS",2004-02-10,NA,NA,NA,NA,FALSE,TRUE
"1470606020","Unizan Financial Corp,Canton, Ohio","UNIZ",2004-01-27,NA,NA,NA,NA,FALSE,TRUE
"1470640020","Dover Investments Corp",NA,2004-01-27,NA,NA,NA,NA,FALSE,TRUE
"1693921020","ATX Communications Inc","COMM",2004-01-15,"0001517228","browse_edgar","high","Vistance Networks, Inc.",TRUE,FALSE
"1458512020","BSD Software Inc","BSDSE",2003-12-11,NA,NA,NA,NA,FALSE,TRUE
"1449453020","Cotton States Life Insurance Co","CSLI",2003-11-10,NA,NA,NA,NA,FALSE,TRUE
"1440608020","Crown Resources Corp","CRCE",2003-10-08,"   1911467","sec_bulk","high","Circle Energy, Inc./NV",TRUE,FALSE
"1402097020","PeopleSoft Inc","PSFT",2003-06-06,NA,NA,NA,NA,FALSE,TRUE
"1313495020","Finger Lakes Bancorp Inc, Geneva,New York","FLBC",2002-07-22,NA,NA,NA,NA,FALSE,TRUE
"911801020","Peerless Mfg Co","PMFG",1999-08-09,NA,NA,NA,NA,FALSE,TRUE
