"deal_id","target_name","target_cik","cik_match_method"
"3064117020","IXIA","0001120295","exact"
"2024195020","SM&A","0001050031","exact"
"1849765020","TODCO","0001210697","exact"
"2939290020","1st Century Bancshares Inc","0001420525","cleaned"
"3770728020","1st Constitution Bancorp","0001141807","cleaned"
"2126747020","3Com Corp","0000738076","cleaned"
"2213457020","3PAR Inc","0001408501","cleaned"
"3091348020","8point3 Energy Partners LP","0001635581","cleaned"
"3995248020","ABIOMED Inc","0000815094","cleaned"
"1885402020","ACR Group Inc","0000711307","cleaned"
"2215403020","ADAM Inc","0000863650","cleaned"
"2201491020","ADC Telecommunications Inc","0000061478","cleaned"
"1737870020","ADE Corp","0000884498","cleaned"
"1824596020","ADESA Inc","0001281949","cleaned"
"1774816020","ADVO Inc","0000801622","cleaned"
"2998550020","AEP Industries Inc","0000785787","cleaned"
"2793763020","AGL Resources Inc","0001004155","cleaned"
"3484257020","AK Steel Holding Corp","0000918160","cleaned"
"2490724020","ALJ Regional Holdings Inc","0001438731","cleaned"
"3645151020","AMAG Pharmaceuticals Inc","0000792977","cleaned"
"1934142020","AMIS Holdings Inc","0001161963","cleaned"
"2297768020","AML Communications Inc","0001003640","cleaned"
"2899176020","ANADIGICS Inc","0000940332","cleaned"
"2667653020","ANN Inc","0000874214","cleaned"
"2712561020","AOL Inc","0001468516","cleaned"
"2326656020","APAC Customer Services Inc","0000949297","cleaned"
"2925243020","API Technologies Corp","0001081078","cleaned"
"3058405020","ARIAD Pharmaceuticals Inc","0000884731","cleaned"
"2788743020","ASB Bancorp Inc","0001520300","cleaned"
"3422236020","ASV Holdings Inc","0001690881","cleaned"
"2203117020","ATC Technology Corp","0000933405","cleaned"
"2607013020","ATMI Inc","0001041577","cleaned"
"2390076020","ATS Corp","0001325460","cleaned"
"2179073020","ATS Medical Inc","0000824068","cleaned"
"3253093020","AV Homes Inc","0000039677","cleaned"
"1763183020","Aames Investment Corp","0001282552","cleaned"
"3244936020","Abaxis Inc","0000881890","cleaned"
"2039961020","Abigail Adams National Bancorp Inc","0000356809","cleaned"
"1856203020","Ablest Inc","0000046653","cleaned"
"2397981020","AboveNet Inc","0001043533","cleaned"
"3426694020","Acacia Communications Inc","0001651235","cleaned"
"3805445020","Acceleron Pharma Inc","0001280600","cleaned"
"2408870020","Accelr8 Technology Corp","0000727207","cleaned"
"2607034020","Accelrys Inc","0001002388","cleaned"
"3296125020","Access National Corp","0001176316","cleaned"
"1873961020","Accredited Home Lenders Holding Co","0001174735","cleaned"
"3001489020","Accuride Corp","0000817979","cleaned"
"3466471020","Achillion Pharmaceuticals Inc","0001070336","cleaned"
"2492905020","Acme Packet Inc","0001130258","cleaned"
"2226436020","Actel Corp","0000907687","cleaned"
"2702968020","Actuate Corp","0001062478","cleaned"
"3812474020","Adamas Pharmaceuticals Inc","0001328143","cleaned"
"2397925020","Adams Golf Inc","0001059763","cleaned"
"1932497020","Adams Respiratory Therapeutics Inc","0001319439","cleaned"
"2801966020","Adept Technology Inc","0000865415","cleaned"
"3516740020","Adesto Technologies Corp","0001395848","cleaned"
"1839166020","Adeza Biomedical Corp","0000902482","cleaned"
"2355975020","Adolor Corp","0001076167","cleaned"
"2388742020","Advance America Cash Advance Centers Inc","0001299704","cleaned"
"3096518020","AdvancePierre Foods Holdings Inc","0001669792","cleaned"
"2313537020","Advanced Analogic Technologies Inc","0001104042","cleaned"
"1756906020","Advanced Digital Information Corp","0000770403","cleaned"
"3381210020","Advanced Disposal Services Inc","0001585790","cleaned"
"2041856020","Advanced Medical Optics Inc","0001168335","cleaned"
"2721298020","Advanced Photonix Inc","0000869986","cleaned"
"3699776020","Aegion Corp","0000353020","cleaned"
"3965344020","Aerie Pharmaceuticals Inc","0001337553","cleaned"
"2638501020","Aeroflex Holding Corp","0001487990","cleaned"
"1860600020","Aeroflex Inc","0000002601","cleaned"
"3168570020","Aetna Inc","0001013761","cleaned"
"2112178020","Affiliated Computer Services Inc","0000002135","cleaned"
"2891630020","Affymetrix Inc","0000913077","cleaned"
"1817674020","Agere Systems Inc","0001129446","cleaned"
"1867910020","Agile Software Corp","0001088653","cleaned"
"3628117020","Aimmune Therapeutics Inc","0001631650","cleaned"
"3066079020","Air Methods Corp","0000816159","cleaned"
"1965401020","AirNet Systems Inc","0001011696","cleaned"
"2223873020","AirTran Holdings Inc","0000948846","cleaned"
"3473674020","Aircastle Ltd","0001362988","cleaned"
"2820964020","Airgas Inc","0000804212","cleaned"
"2110436020","Airspan Networks Inc","0001105542","cleaned"
"2139437020","Airvana Inc","0001116435","cleaned"
"3683873020","Alaska Communications Systems Group Inc","0001089511","cleaned"
"3111386020","Albany Molecular Research Inc","0001065087","cleaned"
"3453108020","Alder BioPharmaceuticals Inc","0001423824","cleaned"
"1748540020","Alderwoods Group Inc","0000927914","cleaned"
"2473977020","Aldila Inc","0000902272","cleaned"
"2915628020","Alere Inc","0001145460","cleaned"
"3672563020","Alexion Pharmaceuticals Inc","0000899866","cleaned"
"2924772020","Alexza Pharmaceuticals Inc","0001344413","cleaned"
"2491265020","Alico Inc","0000003545","cleaned"
"2999794020","Allegheny Valley Bancorp Inc","0000816248","cleaned"
"3827342020","Allegiance Bancshares Inc","0001642081","cleaned"
"2677195020","Allergan Inc","0000850693","cleaned"
"3420434020","Allergan PLC","0001578845","cleaned"
"2003489020","Allergy Research Group Inc","0001044119","cleaned"
"2943873020","Alliance Fiber Optic Products Inc","0001122342","cleaned"
"2457912020","Alliance Financial Corp","0000719143","cleaned"
"2803171020","Alliance HealthCare Services Inc","0000817135","cleaned"
"2333618020","Allied Healthcare International Inc","0000890634","cleaned"
"1986728020","Allied Waste Industries Inc","0000848865","cleaned"
"2119081020","Allion Healthcare Inc","0000847935","cleaned"
"2403781020","Allos Therapeutics Inc","0001097264","cleaned"
"3177987020","Almost Family Inc","0000799231","cleaned"
"3018423020","Alon USA Energy Inc","0001325955","cleaned"
"2106261020","Alpha Innotech Corp","0000830736","cleaned"
"2006377020","Alpharma Inc","0000730469","cleaned"
"2221905020","Altair Nanotechnologies Inc","0001016546","cleaned"
"2738084020","Altera Corp","0000768251","cleaned"
"2797424020","Alteva Inc","0000104777","cleaned"
"1834670020","Altiris Inc","0001139650","cleaned"
"1942305020","AmCOMP Inc","0000004417","cleaned"
"3412174020","Amber Road Inc","0001314223","cleaned"
"2610455020","Amcol International Corp","0000813621","cleaned"
"1775023020","AmerUS Group Co","0001051767","cleaned"
"2204522020","AmeriCredit Corp","0000804269","cleaned"
"3375613020","AmeriGas Partners LP","0000932628","cleaned"
"2769894020","Ameriana Bancorp","0000855574","cleaned"
"1881479020","America First Apartment Investors Inc","0001175167","cleaned"
"1933103020","American Bank Note Holographics Inc","0001052489","cleaned"
"3910535020","American Campus Communities Inc","0001283630","cleaned"
"2824359020","American Capital Ltd","0000817473","cleaned"
"2230664020","American Commercial Lines LLC","0001068078","cleaned"
"2112132020","American Community Properties Trust","0001065645","cleaned"
"3030843020","American DG Energy Inc","0001378706","cleaned"
"2359960020","American Dental Partners Inc","0001028087","cleaned"
"2283490020","American Eagle Energy Inc","0001401983","cleaned"
"3007425020","American Farmland Co","0001474777","cleaned"
"1921292020","American Financial Realty Trust","0001193558","cleaned"
"2454177020","American Greetings Corp","0000005133","cleaned"
"2194164020","American Italian Pasta Co","0000849667","cleaned"
"2034018020","American Land Lease Inc","0000804138","cleaned"
"2347384020","American Medical Alert Corp","0000700721","cleaned"
"2299065020","American Medical Systems Holdings Inc","0001114200","cleaned"
"2200230020","American Physicians Capital Inc","0001118148","cleaned"
"2216230020","American Physicians Service Group Inc","0000724024","cleaned"
"1806703020","American Power Conversion Corp","0000835910","cleaned"
"2642097020","American Realty Capital Healthcare Trust Inc","0001499875","cleaned"
"2447925020","American Realty Capital Trust Inc","0001410997","cleaned"
"2826440020","American Residential Properties Inc","0001548981","cleaned"
"3730688020","American River Bankshares","0001108236","cleaned"
"2252162020","American Surgical Holdings Inc","0001257499","cleaned"
"1878821020","American Technical Ceramics Corp","0000766430","cleaned"
"2431961020","Amerigroup Corp","0001064863","cleaned"
"2480227020","Ameristar Casinos Inc","0000912145","cleaned"
"2325946020","Ameron International Corp","0000790730","cleaned"
"3389157020","Amplify Energy Corp","0001521847","cleaned"
"3191838020","Amplify Snack Brands Inc","0001640313","cleaned"
"2400893020","Amylin Pharmaceuticals Inc","0000881464","cleaned"
"3381053020","Anadarko Petroleum Corp","0000773910","cleaned"
"2353995020","Anadys Pharmaceuticals Inc","0001128495","cleaned"
"1832041020","Analex Corp","0000044800","cleaned"
"3233404020","Analogic Corp","0000006284","cleaned"
"2561837020","Analysts International Corp","0000006292","cleaned"
"3890678020","Anaplan Inc","0001540755","cleaned"
"2580801020","Anaren Inc","0000006314","cleaned"
"2422194020","Ancestry.com Inc","0001469433","cleaned"
"2893518020","Anchor BanCorp Wisconsin Inc","0000885322","cleaned"
"3268045020","Anchor Bancorp","0001448301","cleaned"
"1881591020","Andrew Corp","0000317093","cleaned"
"1742262020","Andrx Corp","0000911755","cleaned"
"3098448020","Angie's List Inc","0001491778","cleaned"
"3494334020","Anixter International Inc","0000052795","cleaned"
"2461565020","Annapolis Bancorp Inc","0001041429","cleaned"
"2672223020","Annies Inc","0001431897","cleaned"
"1965275020","Ansoft Corp","0000849433","cleaned"
"2277358020","Answers Corp","0001283073","cleaned"
"3297005020","Antero Midstream Partners LP","0001598968","cleaned"
"3669462020","Anworth Mortgage Asset Corp","0001047884","cleaned"
"3003339020","Apigee Corp","0001324772","cleaned"
"2892107020","Apollo Education Group Inc","0000929887","cleaned"
"2925445020","Apollo Residential Mortgage Inc","0001515980","cleaned"
"1840079020","Applebees International Inc","0000853665","cleaned"
"1792936020","Applica Inc","0000217084","cleaned"
"1757400020","Applied Films Corp","0001040660","cleaned"
"3991677020","Applied Genetic Technologies Corp","0001273636","cleaned"
"1789031020","Applied Imaging Corp","0000816066","cleaned"
"1842566020","Applied Innovation Inc","0000798399","cleaned"
"3038546020","Applied Micro Circuits Corp","0000711065","cleaned"
"2232777020","Applied Signal Technology Inc","0000741696","cleaned"
"3308171020","Apptio Inc","0001419625","cleaned"
"1988534020","Apria Healthcare Group Inc","0000882289","cleaned"
"1896185020","Aptimus Inc","0001087277","cleaned"
"3388340020","Aquantia Corp","0001316016","cleaned"
"3493696020","Aquaventure Holdings Ltd","0001422841","cleaned"
"3746546020","Aquesta Financial Holdings Inc","0001687884","cleaned"
"3487167020","ArQule Inc","0001019695","cleaned"
"3386118020","Aratana Therapeutics Inc","0001509190","cleaned"
"2238560020","Arbinet Corp","0001136655","cleaned"
"2478767020","Arbitron Inc","0000109758","cleaned"
"3143345020","Arc Logistics Partners LP","0001583744","cleaned"
"2394007020","Archipelago Learning Inc","0001470699","cleaned"
"1871760020","Archstone-Smith Trust","0001156826","cleaned"
"3063835020","Arctic Cat Inc","0000719866","cleaned"
"2595789020","Arden Group Inc","0000225051","cleaned"
"3845384020","Arena Pharmaceuticals Inc","0001080709","cleaned"
"2170848020","Arena Resources Inc","0001123871","cleaned"
"2145536020","Argon ST Inc","0000026537","cleaned"
"2417538020","Ariba Inc","0001084755","cleaned"
"1862992020","Arkona Inc","0000925662","cleaned"
"1865254020","Armor Holdings Inc","0000845752","cleaned"
"3456870020","Arotech Corp","0000916529","cleaned"
"3416141020","Array Biopharma Inc","0001100412","cleaned"
"3304081020","Arris International Plc","0001645494","cleaned"
"1890551020","Arrow International Inc","0000886046","cleaned"
"2235458020","Art Technology Group Inc","0001086195","cleaned"
"1742454020","Artemis International Solutions Corp","0001099674","cleaned"
"1732813020","Artesyn Technologies Inc","0000023071","cleaned"
"2606595020","ArthroCare Corp","0001005010","cleaned"
"2496082020","Artio Global Investors Inc","0001419178","cleaned"
"2019359020","Ashworth Inc","0000820774","cleaned"
"2112200020","Aspect Medical Systems Inc","0000886235","cleaned"
"3812049020","Aspen Technology Inc","0000356942","cleaned"
"2502135020","Asset Acceptance Capital Corp","0001264707","cleaned"
"2499634020","Assisted Living Concepts Inc","0000929994","cleaned"
"2745495020","Associated Estates Realty Corp","0000911635","cleaned"
"3550306020","Asta Funding Inc","0001001258","cleaned"
"3464272020","Astea International Inc","0000945989","cleaned"
"3477678020","Astea International Inc","0000945989","cleaned"
"3310138020","Asterias Biotherapeutics Inc","0001572552","cleaned"
"2563627020","Astex Pharmaceuticals Inc","0000919722","cleaned"
"3077333020","Astoria Financial Corp","0000910322","cleaned"
"3381205020","At Home Group Inc","0001646228","cleaned"
"1820031020","At Road Inc","0001109537","cleaned"
"3256393020","Athens Bancshares Corp","0001472093","cleaned"
"2256571020","Atheros Communications Inc","0001140486","cleaned"
"2679781020","Athlon Energy Inc","0001574648","cleaned"
"3190191020","Atlantic Bancshares Inc","0001334504","cleaned"
"3776079020","Atlantic Capital Bancshares Inc","0001461755","cleaned"
"3179023020","Atlantic Coast Financial Corp","0001404296","cleaned"
"3688733020","Atlantic Power Corp","0001419242","cleaned"
"2237671020","Atlas Energy Inc","0001279228","cleaned"
"2068521020","Atlas Energy Resources LLC","0001368802","cleaned"
"2684890020","Atlas Pipeline Partners LP","0001092914","cleaned"
"2879721020","Atmel Corp","0000872448","cleaned"
"3350619020","Attunity Ltd","0000893821","cleaned"
"3108898020","Atwood Oceanics Inc","0000008411","cleaned"
"3484028020","Audentes Therapeutics Inc","0001628738","cleaned"
"1948533020","Audible Inc","0001077926","cleaned"
"2748354020","Audience Inc","0001201663","cleaned"
"2738613020","Auspex Pharmaceuticals Inc","0001454189","cleaned"
"2437465020","AuthenTec Inc","0001138830","cleaned"
"1878871020","Authorize.Net Holdings Inc","0001017172","cleaned"
"2675174020","Auxilium Pharmaceuticals Inc","0001182129","cleaned"
"3959012020","Avalara Inc","0001348036","cleaned"
"2046141020","Avanex Corp","0001056794","cleaned"
"2701044020","Avanir Pharmaceuticals Inc","0000858803","cleaned"
"1871749020","Avaya Inc","0001116521","cleaned"
"3232429020","AveXis Inc","0001652923","cleaned"
"3441537020","Avedro Inc","0001343304","cleaned"
"2711885020","Aventine Renewable Energy Holdings Inc","0001285043","cleaned"
"2913290020","Avenue Financial Holdings Inc","0001616297","cleaned"
"2856557020","Avesis Inc","0000795574","cleaned"
"2115437020","Avocent Corp","0001109808","cleaned"
"2056800020","Axsys Technologies Inc","0000206030","cleaned"
"1754323020","Aztar Corp","0000852807","cleaned"
"2634022020","B/E Aerospace Inc","0000861361","cleaned"
"2530126020","BCSB Bancorp Inc","0001391137","cleaned"
"1913932020","BEA Systems Inc","0001031798","cleaned"
"1864012020","BISYS Group Inc","0000883587","cleaned"
"1883897020","BIW Ltd","0001169237","cleaned"
"2461812020","BMC Software Inc","0000835729","cleaned"
"3627187020","BMC Stock Holdings Inc","0001574815","cleaned"
"2234352020","BMP Sunstone Corp","0001281696","cleaned"
"1788570020","BNP Residential Properties Inc","0000812150","cleaned"
"1934692020","BOE Financial Services of Virginia Inc","0001109848","cleaned"
"2135540020","BPW Acquisition Corp","0001418255","cleaned"
"2590117020","BRE Properties Inc","0000009677","cleaned"
"2688093020","BTU International Inc","0000840883","cleaned"
"1790042020","BUCS Financial Corp","0001125813","cleaned"
"1787697020","Back Yard Burgers Inc","0000901495","cleaned"
"2243927020","Baldor Electric Co","0000009342","cleaned"
"2374395020","Baldwin Technology Co Inc","0000805792","cleaned"
"2660504020","Bally Technologies Inc","0000002491","cleaned"
"2743435020","Baltic Trading Ltd","0001474042","cleaned"
"2399507020","BancTrust Financial Group Inc","0000783739","cleaned"
"3450784020","Bancorp of New Jersey Inc","0001390312","cleaned"
"1818235020","Bandag Inc","0000009534","cleaned"
"2304201020","Bank of Granite Corp","0000810689","cleaned"
"2672213020","Bank of Kentucky Financial Corp","0000934547","cleaned"
"2750125020","Bank of the Carolinas Corp","0001365997","cleaned"
"1807341020","Banta Corp","0000009801","cleaned"
"2146905020","Bare Escentuals Inc","0001295557","cleaned"
"3406342020","Barnes & Noble Inc","0000890491","cleaned"
"1996847020","Barr Pharmaceuticals Inc","0000010081","cleaned"
"2916384020","Barracuda Networks Inc","0001348334","cleaned"
"1989419020","Barrier Therapeutics Inc","0001173657","cleaned"
"1868140020","Bausch & Lomb Inc","0000010427","cleaned"
"2787906020","Baxalta Inc","0001620546","cleaned"
"3624032020","Bay Banks of Virginia Inc","0001034594","cleaned"
"2798762020","Baylake Corp","0000275119","cleaned"
"3182565020","Bazaarvoice Inc","0001330421","cleaned"
"3140981020","Bear State Financial Inc","0001006424","cleaned"
"2248553020","Beckman Coulter Inc","0000840467","cleaned"
"2740142020","Belk Inc","0001051771","cleaned"
"2169153020","Bell Microproducts Inc","0000900708","cleaned"
"1739992020","BellSouth Corp","0000732713","cleaned"
"2529718020","Belo Corp","0000356080","cleaned"
"3147860020","Bemis Co Inc","0000011199","cleaned"
"3275056020","Beneficial Bancorp Inc","0001615418","cleaned"
"2417517020","Benihana Inc","0000935226","cleaned"
"1965141020","Bentley Pharmaceuticals Inc","0000821616","cleaned"
"2498334020","Berry Petroleum Co","0000778438","cleaned"
"1791316020","Bio-Lok International Inc","0000840573","cleaned"
"2759062020","Bio-Reference Laboratories Inc","0000792641","cleaned"
"2491644020","BioClinica Inc","0000822418","cleaned"
"2143345020","BioForm Medical Inc","0001282393","cleaned"
"2803929020","BioMed Realty Trust Inc","0001289236","cleaned"
"2469126020","BioMimetic Therapeutics Inc","0001138400","cleaned"
"3649600020","BioSpecifics Technologies Corp","0000875622","cleaned"
"3675217020","BioTelemetry Inc","0001574774","cleaned"
"1856202020","BioVeris Corp","0001264899","cleaned"
"3874146020","Biodelivery Sciences International Inc","0001103021","cleaned"
"1871767020","Bioenvision Inc","0001028205","cleaned"
"3917838020","Biohaven Pharmaceutical Holding Co Ltd","0001689813","cleaned"
"1822606020","Biomet Inc","0000351346","cleaned"
"2183255020","Biosphere Medical Inc","0000919015","cleaned"
"2237463020","Biotel Inc","0001300128","cleaned"
"3204492020","Bioverativ Inc","0001681689","cleaned"
"3295959020","Birner Dental Management Services Inc","0000948072","cleaned"
"3308489020","Black Box Corp","0000849547","cleaned"
"2325147020","Blackboard Inc","0001106942","cleaned"
"2429842020","Blackwater Midstream Corp","0001292518","cleaned"
"1832782020","Blair Corp","0000071525","cleaned"
"2838591020","Blount International Inc","0001001606","cleaned"
"3216076020","Blue Buffalo Pet Products Inc","0001609989","cleaned"
"2369899020","Blue Coat Systems Inc","0001095600","cleaned"
"3290748020","Blue Hills Bancorp Inc","0001601545","cleaned"
"3032703020","Blue Nile Inc","0001091171","cleaned"
"3336279020","Blue Valley Ban Corp","0000901842","cleaned"
"3849250020","Bluerock Residential Growth REIT Inc","0001442626","cleaned"
"2796288020","Blyth Inc","0000921503","cleaned"
"3152425020","Bob Evans Farms Inc","0000033769","cleaned"
"3518230020","Boingo Wireless Inc","0001169988","cleaned"
"1973840020","Bois d'Arc Energy Inc","0001304069","cleaned"
"2566741020","Boise Inc","0001391390","cleaned"
"3306571020","Bojangles' Inc","0001630132","cleaned"
"2671080020","Bolt Technology Corp","0000354655","cleaned"
"2172926020","Boots & Coots Inc","0000833845","cleaned"
"2749522020","Borderfree Inc","0001277141","cleaned"
"2070997020","Borland Software Corp","0000853273","cleaned"
"1887158020","Boston Communications Group Inc","0001012887","cleaned"
"2823116020","Boulder Brands Inc","0001331301","cleaned"
"3747221020","Bowl America Inc","0000013573","cleaned"
"2158432020","Bowne & Co Inc","0000013610","cleaned"
"1761895020","Boykin Lodging Co","0001015859","cleaned"
"1919616020","Bradley Pharmaceuticals Inc","0000864268","cleaned"
"3221611020","Bravo Brio Restaurant Group Inc","0001495479","cleaned"
"2183099020","Brazauro Resources Corp","0000908177","cleaned"
"2821702020","Breeze-Eastern Corp","0000099359","cleaned"
"2731199020","Bridge Capital Holdings","0001304740","cleaned"
"1754720020","Bridge Street Financial Inc","0001182555","cleaned"
"2353980020","Brigham Exploration Co","0001034755","cleaned"
"2461706020","Bright Mountain Holdings Inc","0001473490","cleaned"
"2147628020","Brink's Home Security Holdings Inc","0001436040","cleaned"
"1844640020","Bristol West Holdings Inc","0001272957","cleaned"
"2581554020","Britton & Koontz Capital Corp","0000707604","cleaned"
"2756356020","Broadcom Corp","0001054374","cleaned"
"1802401020","Broadwing Corp","0001060490","cleaned"
"3030905020","Brocade Communications Systems Inc","0001009626","cleaned"
"3708858020","Bryn Mawr Bank Corp","0000802681","cleaned"
"2515874020","Buckeye Technologies Inc","0000899597","cleaned"
"2239300020","Bucyrus International Inc","0000740761","cleaned"
"3175586020","Buffalo Wild Wings Inc","0001062449","cleaned"
"2386688020","Bullion Monarch Mining Inc","0000015288","cleaned"
"2216007020","Burger King Holdings Inc","0001352801","cleaned"
"1728587020","Burlington Coat Factory Warehouse Corp","0000718916","cleaned"
"2124025020","Burlington Northern Santa Fe LLC","0000934612","cleaned"
"1905954020","Business Objects SA","0000928753","cleaned"
"2169141020","Bway Holding Co","0001392179","cleaned"
"1907922020","C-COR Inc","0000350621","cleaned"
"2818584020","C1 Financial Inc","0001609132","cleaned"
"3266289020","CA Inc","0000356028","cleaned"
"3757647020","CAI International Inc","0001388430","cleaned"
"1985447020","CAM Commerce Solutions Inc","0000819334","cleaned"
"1802343020","CBOT Holdings Inc","0001161448","cleaned"
"3094821020","CBT Financial Corp","0001652275","cleaned"
"1774498020","CD & L Inc","0001000779","cleaned"
"3133084020","CDI Corp","0000018396","cleaned"
"3899664020","CDK Global Inc","0001609702","cleaned"
"3057489020","CEB Inc","0001066104","cleaned"
"2602262020","CEC Entertainment Inc","0000813920","cleaned"
"1769956020","CFC International Inc","0000949859","cleaned"
"2521034020","CFS Bancorp Inc","0001058438","cleaned"
"2389952020","CH Energy Group Inc","0001061393","cleaned"
"2996811020","CIFC Corp","0001313918","cleaned"
"1864600020","CIMNET Inc","0001063832","cleaned"
"2172033020","CKE Restaurants Inc","0000919628","cleaned"
"2307767020","CKx Inc","0000793044","cleaned"
"2678949020","CMS Bancorp Inc","0001350072","cleaned"
"2073218020","CNB Financial Corp","0001345622","cleaned"
"1978079020","CNET Networks Inc","0001015577","cleaned"
"1800170020","CNS Inc","0000862846","cleaned"
"2235646020","COMFORCE Corp","0000006814","cleaned"
"2152401020","COMSYS IT Partners Inc","0000948850","cleaned"
"1825116020","CPAC Inc","0000351717","cleaned"
"2256329020","CPEX Pharmaceuticals Inc","0001418919","cleaned"
"1948905020","CSK Auto Inc","0001017450","cleaned"
"3212274020","CSRA Inc","0001646383","cleaned"
"3505281020","CSS Industries Inc","0000020629","cleaned"
"2969654020","CST Brands Inc","0001562039","cleaned"
"2813054020","CTI Group(Holdings)Inc","0000355627","cleaned"
"2056951020","CV Therapeutics Inc","0000921506","cleaned"
"2389397020","CVR Energy Inc","0001376139","cleaned"
"2460586020","CYBEX International Inc","0000060876","cleaned"
"3239608020","CYS Investments Inc","0001396446","cleaned"
"2954450020","Cabelas Inc","0001267130","cleaned"
"2801523020","Cablevision Systems Corp","0000784681","cleaned"
"2227697020","Cadence Financial Corp","0000742054","cleaned"
"2608844020","Cadence Pharmaceuticals Inc","0001333248","cleaned"
"2708859020","Caesars Acquisition Co","0001575879","cleaned"
"3365110020","Caesars Entertainment Corp","0000858339","cleaned"
"3294104020","CafePress Inc","0001117733","cleaned"
"3169961020","CalAtlantic Group Inc","0000878560","cleaned"
"3153654020","Calgon Carbon Corp","0000812701","cleaned"
"2137467020","California Micro Devices Corp","0000800460","cleaned"
"2952956020","California Republic Bancorp","0001567861","cleaned"
"2343194020","Caliper Life Sciences Inc","0001014672","cleaned"
"3207542020","Callidus Software Inc","0001035748","cleaned"
"2079595020","Callwave Inc","0001115091","cleaned"
"3103254020","Calpine Corp","0000916457","cleaned"
"3468746020","Calwest Bancorp","0001257580","cleaned"
"3298889020","Cambium Learning Group Inc","0001466815","cleaned"
"3438953020","Cambrex Corp","0000820081","cleaned"
"2574894020","Camco Financial Corp","0000016614","cleaned"
"2794567020","Cameron International Corp","0000941548","cleaned"
"2812080020","Campus Crest Communities Inc","0001490983","cleaned"
"3685801020","Cantel Medical Corp","0000019446","cleaned"
"1925431020","Canyon Resources Corp","0000739460","cleaned"
"2525192020","CapLease Inc","0001057689","cleaned"
"2881758020","Cape Bancorp Inc","0001411303","cleaned"
"3169578020","Capella Education Co","0001104349","cleaned"
"3099495020","Capital Bank Financial Corp","0001479750","cleaned"
"2226305020","Capital Gold Corp","0000726845","cleaned"
"2697953020","Capital Pacific Bancorp","0001431054","cleaned"
"2256982020","CapitalSource Inc","0001241199","cleaned"
"3776809020","Capstead Mortgage Corp","0000766701","cleaned"
"2009506020","Captaris Inc","0000931784","cleaned"
"3961280020","CarLotz Inc","0001517739","cleaned"
"3444324020","Carbon Black Inc","0001366527","cleaned"
"3475394020","Carbonite Inc","0001340127","cleaned"
"3108658020","CardConnect Corp","0001614818","cleaned"
"2231010020","Cardiac Science Corp","0001323115","cleaned"
"2996263020","Cardinal Financial Corp","0001060523","cleaned"
"2080797020","CardioDynamics International Corp","0000719722","cleaned"
"3684533020","Cardtronics plc","0001671013","cleaned"
"3100226020","Care Capital Properties Inc","0001639947","cleaned"
"2164920020","Care Investment Trust Inc","0001393726","cleaned"
"3492916020","Care.Com Inc","0001412270","cleaned"
"2682158020","CareFusion Corp","0001457543","cleaned"
"1807541020","Caremark Rx Inc","0001000736","cleaned"
"2337036020","Caribou Coffee Co Inc","0000894512","cleaned"
"2733163020","Carmike Cinemas Inc","0000799088","cleaned"
"3478126020","Carolina Financial Corp","0000870385","cleaned"
"1900462020","Carolina National Corp","0001157648","cleaned"
"3429894020","Carolina Trust BancShares Inc","0001676667","cleaned"
"1740290020","CarrAmerica Realty Corp","0000893577","cleaned"
"1935512020","Carrier Access Corp","0001018074","cleaned"
"3429231020","Carrizo Oil & Gas Inc","0001040593","cleaned"
"3523475020","Carroll Bancorp Inc","0001515069","cleaned"
"3384620020","Cas Medical Systems Inc","0000764579","cleaned"
"2461418020","Cascade Corp","0000018061","cleaned"
"2917886020","Cascade Microtech Inc","0000864559","cleaned"
"1775218020","Cascade Natural Gas Corp","0000018072","cleaned"
"3208273020","Cascadian Therapeutics Inc","0001412067","cleaned"
"2952431020","Cash America International Inc","0000807884","cleaned"
"1987242020","Cash Systems Inc","0000861050","cleaned"
"3831126020","Casper Sleep Inc","0001598674","cleaned"
"3446797020","Castle Brands Inc","0001311538","cleaned"
"3857908020","Castlight Health Inc","0001433714","cleaned"
"2406806020","Catalyst Health Solutions Inc","0001090403","cleaned"
"1996671020","Catalyst Semiconductor Inc","0000899636","cleaned"
"2738592020","Catamaran Corp","0001363851","cleaned"
"2072411020","Catapult Communications Corp","0001063085","cleaned"
"2082231020","Cavalier Homes Inc","0000789863","cleaned"
"3172242020","Cavium Inc","0001175609","cleaned"
"2964791020","Celator Pharmaceuticals Inc","0001327467","cleaned"
"2291302020","Celera Corp","0001428156","cleaned"
"2087068020","Cell Genesys Inc","0000865231","cleaned"
"2221049020","Cellu Tissue Holdings Inc","0001295976","cleaned"
"3479262020","Cellular Biomedicine Group Inc","0001378624","cleaned"
"2738540020","Cellular Dynamics International Inc","0001482080","cleaned"
"2025989020","Centennial Communications Corp","0001028468","cleaned"
"2522796020","Centerline Holding Co","0001043325","cleaned"
"2013490020","Centerplate Inc","0001086774","cleaned"
"2064347020","Centex Corp","0000018532","cleaned"
"1994742020","Centillium Communications Inc","0001107194","cleaned"
"1794725020","Centracore Properties Trust","0001056218","cleaned"
"3504555020","Central Federal Bancshares Inc","0001651987","cleaned"
"1841755020","Central Parking Corp","0000949298","cleaned"
"2321860020","Central Vermont Public Service Corp","0000018808","cleaned"
"3723343020","Century Bancorp Inc","0000812348","cleaned"
"2289646020","Century Mining Corp","0001340878","cleaned"
"2305216020","Cephalon Inc","0000873364","cleaned"
"2455742020","Ceradyne Inc","0000018937","cleaned"
"1756459020","Ceres Group Inc","0000215403","cleaned"
"1872425020","Ceridian Corp","0000109758","cleaned"
"1742469020","Chaparral Resources Inc","0000019252","cleaned"
"2410711020","Charming Shoppes Inc","0000019353","cleaned"
"2139800020","Chattem Inc","0000019520","cleaned"
"1894576020","CheckFree Corp","0000831516","cleaned"
"3911215020","Checkmate Pharmaceuticals Inc","0001651431","cleaned"
"2928488020","Checkpoint Systems Inc","0000215419","cleaned"
"2635283020","Chelsea Therapeutics International Ltd","0001333763","cleaned"
"3009853020","Chemtura Corp","0001091862","cleaned"
"2014996020","Cherokee International Corp","0001090069","cleaned"
"3388213020","Chesapeake Lodging Trust","0001473078","cleaned"
"2942282020","Chicopee Bancorp Inc","0001355786","cleaned"
"2610467020","Chindex International Inc","0000922717","cleaned"
"2663749020","Chiquita Brands International Inc","0000101063","cleaned"
"3422271020","Choice Bancorp Inc","0001487623","cleaned"
"1954295020","ChoicePoint Inc","0001040596","cleaned"
"2164370020","Chordiant Software Inc","0001042134","cleaned"
"2770926020","Chubb Corp","0000020171","cleaned"
"2697047020","ChyronHego Corp","0000020232","cleaned"
"3744148020","Cimarex Energy Co","0001168054","cleaned"
"3506834020","Cincinnati Bell Inc","0000716133","cleaned"
"3360468020","Cision Ltd","0001701040","cleaned"
"2251196020","Citadel Broadcasting Corp","0001174527","cleaned"
"3352756020","Citizens First Corp","0001073475","cleaned"
"3378680020","Citrix Systems Inc","0000877890","cleaned"
"2717656020","City National Corp","0000201461","cleaned"
"1849479020","City Savings Financial Corp","0001159404","cleaned"
"1834117020","Civitas BankGroup Inc","0001092099","cleaned"
"3296542020","Civitas Solutions Inc","0001608638","cleaned"
"3412058020","Clarkston Financial Corp","0001068366","cleaned"
"1932411020","Claymont Steel Holdings Inc","0001371455","cleaned"
"1805812020","Clear Channel Communications Inc","0000739708","cleaned"
"1789604020","Click Commerce Inc","0001107050","cleaned"
"3171036020","Clifton Bancorp Inc","0001592329","cleaned"
"2282703020","Clinical Data Inc","0000716646","cleaned"
"3748100020","Cloudera Inc","0001535379","cleaned"
"3060624020","ClubCorp Holdings Inc","0001577095","cleaned"
"3256629020","CoBiz Financial Inc","0001028734","cleaned"
"1813831020","CoTherix Inc","0001138812","cleaned"
"2774878020","Coast Distribution System Inc","0000728303","cleaned"
"1895265020","Coast Financial Holdings Inc","0001262276","cleaned"
"2567328020","Coastal Energy Co","0001457064","cleaned"
"3223636020","Coastway Bancorp Inc","0001585023","cleaned"
"2668564020","Cobra Electronics Corp","0000030828","cleaned"
"2375042020","Cogdell Spencer Inc","0001332896","cleaned"
"2215357020","Cogent Inc","0001289434","cleaned"
"3697628020","Coherent Inc","0000021510","cleaned"
"1929982020","Cohesant Technologies Inc","0000928420","cleaned"
"1878341020","Coinmach Service Corp","0001282858","cleaned"
"2577956020","Cole Real Estate Investments Inc","0001425923","cleaned"
"2580127020","Coleman Cable Inc","0001323653","cleaned"
"1955559020","CollaGenex Pharmaceuticals Inc","0001012270","cleaned"
"2382542020","Collective Brands Inc","0001060232","cleaned"
"2056401020","Collectors Universe Inc","0001089143","cleaned"
"1796689020","Collins Industries Inc","0000021759","cleaned"
"2673579020","Colonial Financial Services Inc","0001485527","cleaned"
"2966668020","Colony Capital Inc","0001467076","cleaned"
"1879398020","Color Kinetics Inc","0001048611","cleaned"
"1809321020","Columbia Equity Trust Inc","0001316710","cleaned"
"1998353020","Columbia Financial Corp","0000717425","cleaned"
"2932395020","Columbia Pipeline Group Inc","0001629995","cleaned"
"3010357020","Columbia Pipeline Partners LP","0001420783","cleaned"
"3795096020","Columbia Property Trust Inc","0001252849","cleaned"
"2232605020","CommScope Inc","0001035884","cleaned"
"3290694020","Command Security Corp","0000864509","cleaned"
"2373264020","CommerceFirst Bancorp Inc","0001098813","cleaned"
"3220180020","CommerceHub Inc","0001665658","cleaned"
"1760482020","Community Bancorp Inc","0001089503","cleaned"
"3749742020","Community Bankers Trust Corp","0001323648","cleaned"
"2722710020","Community Southern Holdings Inc","0001482219","cleaned"
"2822873020","CommunityOne Bancorp","0000764811","cleaned"
"2240767020","Compellent Technologies Inc","0001253955","cleaned"
"2450878020","Complete Genomics Inc","0001361103","cleaned"
"1895830020","CompuDyne Corp","0000022912","cleaned"
"2501560020","Compuware Corp","0000859014","cleaned"
"2799118020","Con-way Inc","0000023675","cleaned"
"2516972020","Conceptus Inc","0000896778","cleaned"
"1770387020","Concorde Career Colleges Inc","0000832483","cleaned"
"2278764020","Conexant Systems Inc","0001069353","cleaned"
"2433903020","Conmed Healthcare Management Inc","0000943324","cleaned"
"1804461020","Connetics Corp","0001004960","cleaned"
"1813328020","Conor Medsystems Inc","0001108271","cleaned"
"2816438020","Constant Contact Inc","0001405277","cleaned"
"2229022020","Constellation Energy Group Inc","0001004440","cleaned"
"3748909020","Constellation Pharmaceuticals Inc","0001434418","cleaned"
"3475925020","Continental Building Products Inc","0001592480","cleaned"
"2322903020","Continucare Corp","0000803352","cleaned"
"3258295020","Convergys Corp","0001062047","cleaned"
"2673763020","Conversant Inc","0001080034","cleaned"
"3700733020","Cooper Tire & Rubber Co","0000024491","cleaned"
"2961787020","Cordia Bancorp Inc","0001466292","cleaned"
"3830696020","CoreSite Realty Corp","0001490892","cleaned"
"3694551020","Corelogic Inc","0000036047","cleaned"
"1840037020","Corillian Corp","0001041403","cleaned"
"3439275020","Corindus Vascular Robotics Inc","0001528557","cleaned"
"3298136020","Corium International Inc","0001594337","cleaned"
"3781415020","Cornerstone OnDemand Inc","0001401680","cleaned"
"3686842020","Corning Natural Gas Holding Corp","0001582244","cleaned"
"3269599020","Corporate Capital Trust Inc","0001494538","cleaned"
"3761013020","Cortland Bancorp Inc","0000774569","cleaned"
"1900631020","Cost-U-Less Inc","0000851368","cleaned"
"2582793020","Costa Inc","0000025793","cleaned"
"3257106020","Cotiviti Holdings Inc","0001657197","cleaned"
"1942146020","Countrywide Financial Corp","0000025191","cleaned"
"3760870020","County Bancorp Inc","0001470205","cleaned"
"3370530020","County Bank Corp","0000830480","cleaned"
"2722650020","Courier Corp","0000025212","cleaned"
"1919176020","Covad Communications Group Inc","0001043769","cleaned"
"2691363020","Covance Inc","0001023131","cleaned"
"1862451020","Covansys Corp","0001028461","cleaned"
"3771541020","Covanta Holding Corp","0000225648","cleaned"
"2443150020","Coventry Health Care Inc","0001054833","cleaned"
"3111378020","Covisint Corp","0001563699","cleaned"
"3476467020","Craft Brew Alliance Inc","0000892222","cleaned"
"2352049020","Craftmade International Inc","0000856250","cleaned"
"3394245020","Cray Inc","0000949158","cleaned"
"2467253020","CreXus Investment Corp","0001467027","cleaned"
"1989389020","Credence Systems Corp","0000893162","cleaned"
"2421499020","Credo Petroleum Corp","0000277924","cleaned"
"2283901020","Crescent Financial Corp","0001143921","cleaned"
"1870125020","Crescent Real Estate Equities Co","0000918958","cleaned"
"2517492020","Crimson Exploration Inc","0000813779","cleaned"
"2577304020","Crosstex Energy Inc","0001209821","cleaned"
"3212611020","Crystal Rock Holdings Inc","0001123316","cleaned"
"2703228020","Cubist Pharmaceuticals Inc","0000912183","cleaned"
"2948219020","Cvent Inc","0001122897","cleaned"
"2748960020","Cyan Inc","0001391636","cleaned"
"2176130020","CyberSource Corp","0000934280","cleaned"
"3959200020","Cyberoptics Corp","0000768411","cleaned"
"2459948020","Cymer Inc","0000897067","cleaned"
"3070009020","Cynosure Inc","0000885306","cleaned"
"2203326020","Cypress Bioscience Inc","0000716054","cleaned"
"3401557020","Cypress Semiconductor Corp","0000743669","cleaned"
"3443262020","CyrusOne Inc","0001553023","cleaned"
"1869224020","Cytyc Corp","0000849778","cleaned"
"2072292020","D&E Communications Inc","0001011737","cleaned"
"3013666020","DCB Financial Corp","0001025877","cleaned"
"3239737020","DCT Industrial Trust Inc","0001170991","cleaned"
"2403371020","DDi Corp","0001104252","cleaned"
"2309050020","DEI Holdings Inc","0001323630","cleaned"
"2625119020","DFC Global Corp","0001271625","cleaned"
"1888175020","DJO Inc","0001157972","cleaned"
"2302205020","DPL Inc","0000787250","cleaned"
"1976738020","DRS Technologies Inc","0000028630","cleaned"
"3201174020","DST Systems Inc","0000714603","cleaned"
"3007790020","DTS Inc","0001226308","cleaned"
"2466410020","DUSA Pharmaceuticals Inc","0000879993","cleaned"
"1891717020","Dade Behring Holdings Inc","0001183920","cleaned"
"2810464020","Daegis Inc","0000880562","cleaned"
"1991943020","Darwin Professional Underwriters Inc","0001355795","cleaned"
"3032635020","Datalink Corp","0001056923","cleaned"
"2012484020","Datascope Corp","0000027096","cleaned"
"1726048020","Datastream Systems Inc","0000938481","cleaned"
"3308496020","Datawatch Corp","0000792130","cleaned"
"2762949020","DealerTrack Technologies Inc","0001333513","cleaned"
"1892719020","Deb Shops Inc","0000715779","cleaned"
"3419950020","Del Frisco's Restaurant Group LLC","0001415301","cleaned"
"2240841020","Del Monte Foods Co","0000866873","cleaned"
"3841873020","Del Taco Restaurants Inc","0001585583","cleaned"
"2487615020","Dell Inc","0000826083","cleaned"
"3590047020","Delmarva Bancshares Inc","0001539496","cleaned"
"1784780020","Delta & Pine Land Co","0000902277","cleaned"
"3072510020","Delta Natural Gas Co Inc","0000277375","cleaned"
"2434802020","Deltek Inc","0001029299","cleaned"
"3166767020","Deltic Timber Corp","0001022469","cleaned"
"2965642020","Demandware Inc","0001301031","cleaned"
"1844877020","Dendrite International Inc","0000880321","cleaned"
"3500732020","Dermira Inc","0001557883","cleaned"
"1755605020","Diagnostic Products Corp","0000702259","cleaned"
"2684964020","Dialogic Inc","0001366649","cleaned"
"2173947020","Dialysis Corp of America","0000201653","cleaned"
"2813860020","Diamond Foods Inc","0001320947","cleaned"
"2213852020","Diamond Management & Technology Consultants Inc","0000924940","cleaned"
"2978306020","Diamond Resorts International Inc","0001566897","cleaned"
"3832761020","Dicerna Pharmaceuticals Inc","0001399529","cleaned"
"2130447020","Diedrich Coffee Inc","0000947661","cleaned"
"1873513020","Digene Corp","0001011582","cleaned"
"2637619020","Digital Cinema Destinations Corp","0001510326","cleaned"
"2029700020","Digital Fusion Inc","0001123451","cleaned"
"1816844020","Digital Insight Corp","0001037275","cleaned"
"2118413020","Digital Lightwave Inc","0001016100","cleaned"
"2688759020","Digital River Inc","0000930049","cleaned"
"2920508020","Diligent Corp","0001433269","cleaned"
"3151720020","Dimension Therapeutics Inc","0001592288","cleaned"
"3452949020","Diplomat Pharmacy Inc","0001610092","cleaned"
"2633051020","DirecTV Inc","0001237918","cleaned"
"1818106020","Direct General Corp","0001023031","cleaned"
"2055727020","Discovery Bancorp","0001313868","cleaned"
"2451391020","Ditech Networks Inc","0001080667","cleaned"
"2188803020","DivX Inc","0001342960","cleaned"
"3791311020","Diversicare Healthcare Services Inc","0000919956","cleaned"
"3475828020","Diversified Restaurant Holdings Inc","0001394156","cleaned"
"1884020020","Dobson Communications Corp","0001035985","cleaned"
"1818335020","DocuCorp International Inc","0001033864","cleaned"
"1938717020","Document Sciences Corp","0001016831","cleaned"
"2529039020","Dole Food Co Inc","0000018169","cleaned"
"1847431020","Dollar General Corp","0000029534","cleaned"
"2444725020","Dollar Thrifty Automotive Group Inc","0001049108","cleaned"
"3736841020","Domtar Corp","0001381531","cleaned"
"2792182020","Dot Hill Systems Corp","0001042783","cleaned"
"2173071020","Double-Take Software Inc","0001370314","cleaned"
"3460636020","Dova Pharmaceuticals Inc","0001685071","cleaned"
"3828691020","Dover Motorsports Inc","0001017673","cleaned"
"2743341020","Dover Saddlery Inc","0001071625","cleaned"
"1863671020","Dow Jones & Co Inc","0000029924","cleaned"
"3207238020","Dr Pepper Snapple Group Inc","0001418135","cleaned"
"2951486020","DreamWorks Animation SKG Inc","0001297401","cleaned"
"2406133020","Dreams Inc","0000810829","cleaned"
"2676447020","Dresser-Rand Group Inc","0001316656","cleaned"
"3112909020","DuPont Fabros Technology Inc","0001407739","cleaned"
"3917881020","Duke Realty Corp","0000783280","cleaned"
"3275239020","Dun & Bradstreet Corp","0000030419","cleaned"
"3652061020","Dunkin Brands Group Inc","0001357204","cleaned"
"2682467020","Durata Therapeutics Inc","0001544116","cleaned"
"2816369020","Dyax Corp","0000907562","cleaned"
"2172957020","DynCorp International LLC","0001333142","cleaned"
"2249662020","Dynamex Inc","0001015483","cleaned"
"2595841020","Dynamics Research Corp","0000030822","cleaned"
"3516586020","E*TRADE Financial Corp","0001015780","cleaned"
"1919636020","E-Z-EM Inc","0000727008","cleaned"
"2716238020","E2open Inc","0001540400","cleaned"
"2505487020","EDAC Technologies Corp","0000772572","cleaned"
"1906080020","EDO Corp","0000031617","cleaned"
"2184111020","EF Johnson Technologies Inc","0001023516","cleaned"
"1850844020","EGL Inc","0001001718","cleaned"
"2678114020","EMC Corp","0000790070","cleaned"
"2313321020","EMS Technologies Inc","0000032198","cleaned"
"1967995020","EP MedSystems Inc","0001012394","cleaned"
"2690527020","ESB Financial Corp","0000872835","cleaned"
"1954731020","ESS Technology Inc","0000907410","cleaned"
"2613172020","EVOQ Properties Inc","0001665562","cleaned"
"3086387020","EXAR Corp","0000753568","cleaned"
"1836550020","Eagle Hospitality Properties Trust Inc","0001289169","cleaned"
"2008705020","Eagle Test Systems Inc","0001290096","cleaned"
"3032690020","EarthLink Holdings Corp","0001102541","cleaned"
"2569487020","Eastern Insurance Holdings Inc","0001321268","cleaned"
"2410630020","EasyLink Services International Corp","0000894738","cleaned"
"3645819020","Eaton Vance Corp","0000350797","cleaned"
"3262209020","Echelon Corp","0000031347","cleaned"
"2190866020","Eclipsys Corp","0001034088","cleaned"
"3076936020","Eco-Stim Energy Solutions Inc","0001135657","cleaned"
"3446654020","Ecology & Environment Inc","0000809933","cleaned"
"1983519020","Econergy International PLC","0001356087","cleaned"
"2417514020","Edgar Online Inc","0001080224","cleaned"
"2571973020","Edgen Group Inc","0001537951","cleaned"
"1796094020","Educate Inc","0001286862","cleaned"
"1740348020","Education Management Corp","0000880059","cleaned"
"3251300020","Education Realty Trust Inc","0001302343","cleaned"
"1791883020","Educational Insights Inc","0000919570","cleaned"
"2679880020","Einstein Noah Restaurant Group Inc","0000949373","cleaned"
"2965125020","Electro Rent Corp","0000032166","cleaned"
"3304333020","Electro Scientific Industries Inc","0000726514","cleaned"
"1936495020","Electronic Clearing House Inc","0000721773","cleaned"
"1976878020","Electronic Data Systems Corp","0000032232","cleaned"
"3381586020","Electronics For Imaging Inc","0000867374","cleaned"
"2972389020","Elizabeth Arden Inc","0000095052","cleaned"
"1813103020","ElkCorp","0000032017","cleaned"
"3345558020","Ellie Mae Inc","0001122388","cleaned"
"2479774020","Eloqua Inc","0001375271","cleaned"
"2052532020","Emageon Inc","0001121439","cleaned"
"1790441020","Embarcadero Technologies Inc","0001107112","cleaned"
"2017006020","Embarq Corp","0001350031","cleaned"
"2332665020","Emdeon Inc","0001444598","cleaned"
"2611837020","Emeritus Corp","0000848579","cleaned"
"2461366020","Empeiria Acquisition Corp","0001514418","cleaned"
"2919443020","Empire District Electric Co","0000032689","cleaned"
"2056919020","En Pointe Technologies Inc","0001010305","cleaned"
"3301353020","EnLink Midstream Partners LP","0001179060","cleaned"
"3699062020","Enable Midstream Partners LP","0001591763","cleaned"
"3245551020","Enbridge Energy Partners LP","0000880285","cleaned"
"2123646020","Encore Acquisition Co","0001125057","cleaned"
"2293736020","Encore Energy Partners LP","0001398664","cleaned"
"1773811020","Encore Medical Corp","0000944763","cleaned"
"1953988020","Encysive Pharmaceuticals Inc","0000887023","cleaned"
"3010886020","EndoChoice Holdings Inc","0001623919","cleaned"
"3300139020","Endocyte Inc","0001235007","cleaned"
"3655211020","Endurance International Group Holdings Inc","0001237746","cleaned"
"2278268020","Endwave Corp","0001118941","cleaned"
"3118101020","EnerNOC Inc","0001244937","cleaned"
"3277022020","Energen Corp","0000277595","cleaned"
"1881581020","Energy East Corp","0001046861","cleaned"
"3038669020","Energy Transfer Partners LP","0001012569","cleaned"
"3085989020","Energy XXI Gulf Coast Inc","0001404973","cleaned"
"2286245020","EnergyConnect Group Inc","0000944947","cleaned"
"2484535020","EnergySolutions Inc","0001393744","cleaned"
"1999390020","EnergySouth Inc","0001051286","cleaned"
"1725490020","Engelhard Corp","0000352947","cleaned"
"3285848020","Engility Holdings Inc","0001544229","cleaned"
"1976160020","Enliven Marketing Technologies Corp","0000919794","cleaned"
"3385127020","Entegra Financial Corp","0001522327","cleaned"
"2721689020","Entropic Communications Inc","0001227930","cleaned"
"2065084020","Entrust Inc","0001031283","cleaned"
"2651883020","Enventis Corp","0000766561","cleaned"
"2970487020","Envision Healthcare Holdings Inc","0001578318","cleaned"
"2466627020","EpiCept Corp","0001208261","cleaned"
"2922736020","Epiq Systems Inc","0001027207","cleaned"
"3940821020","Epizyme Inc","0001571498","cleaned"
"2484499020","Epocrates Inc","0001096738","cleaned"
"1880473020","Equity Inns Inc","0000916530","cleaned"
"1813551020","Equity Office Properties Trust","0001038339","cleaned"
"1850547020","Eschelon Telecom Inc","0001110507","cleaned"
"3286029020","Essendant Inc","0000355999","cleaned"
"3269691020","Esterline Technologies Corp","0000033619","cleaned"
"3513408020","Evans & Sutherland Computer Corp","0000276283","cleaned"
"3972380020","Evergreen Gaming Corp","0001381215","cleaned"
"1883492020","Everlast Worldwide Inc","0000934795","cleaned"
"3020919020","Everyday Health Inc","0001358483","cleaned"
"3157102020","Exa Corp","0000890264","cleaned"
"3166762020","Exactech Inc","0000913165","cleaned"
"2951832020","ExamWorks Group Inc","0001498021","cleaned"
"1994894020","Excel Technology Inc","0000873603","cleaned"
"2742159020","Excel Trust Inc","0001478950","cleaned"
"1778281020","Excelligence Learning Corp","0001130950","cleaned"
"2722605020","Exelis Inc","0001524471","cleaned"
"3221029020","Express Scripts Holding Co","0001532063","cleaned"
"2208527020","ExpressJet Holdings Inc","0001144331","cleaned"
"3865829020","Exterran Corp","0001635881","cleaned"
"3738319020","Extraction Oil & Gas Inc","0001655020","cleaned"
"3072515020","FBR & Co","0001371446","cleaned"
"3270094020","FCB Financial Holdings Inc","0001476651","cleaned"
"2087860020","FCStone Group Inc","0001297846","cleaned"
"2964120020","FEI Co","0000914329","cleaned"
"2138335020","FGX International Holdings Ltd","0001357227","cleaned"
"3682911020","FLIR Systems Inc","0000354908","cleaned"
"3189923020","FNB Bancorp","0001467933","cleaned"
"3782830020","FNBH Bancorp Inc","0000943119","cleaned"
"3307358020","FPB Financial Corp","0001081049","cleaned"
"2312232020","FPIC Insurance Group Inc","0001010247","cleaned"
"2441698020","FSI International Inc","0000841692","cleaned"
"1973808020","FTD Group Inc","0001283157","cleaned"
"3818121020","FTS International Inc","0001529463","cleaned"
"2431881020","FX Alliance Inc","0001529979","cleaned"
"2791322020","FX Energy Inc","0000907649","cleaned"
"2162802020","Facet Biotech Corp","0001441848","cleaned"
"2732707020","FairPoint Communications Inc","0001062613","cleaned"
"2811347020","Fairchild Semiconductor International Inc","0001036960","cleaned"
"2744058020","Fairmount Bancorp Inc","0001477968","cleaned"
"2648357020","Family Dollar Stores Inc","0000034408","cleaned"
"1762289020","Fargo Electronics Inc","0001098834","cleaned"
"3238351020","Farmers Capital Bank Corp","0000713095","cleaned"
"1771189020","Farnsworth Bancorp Inc","0001063568","cleaned"
"1822967020","Farrel Corp","0000034645","cleaned"
"1780073020","Featherlite Inc","0000928064","cleaned"
"3064362020","FelCor Lodging Trust Inc","0000923603","cleaned"
"1857268020","FermaVir Pharmaceuticals Inc","0001283383","cleaned"
"3738846020","Ferro Corp","0000035214","cleaned"
"2077299020","FiberNet Telecom Group Inc","0001001868","cleaned"
"3106786020","Fidelity & Guaranty Life","0001585064","cleaned"
"3322666020","Fidelity Southern Corp","0000822662","cleaned"
"1840767020","Fieldstone Investment Corp","0001271831","cleaned"
"1783783020","FileNet Corp","0000706015","cleaned"
"1943372020","Financial Industries Corp","0000035733","cleaned"
"3307823020","Finisar Corp","0001094739","cleaned"
"3592028020","Finjan Holdings Inc","0001366340","cleaned"
"1787059020","Firearms Training Systems Inc","0001021770","cleaned"
"3237632020","First American International Corp","0000865973","cleaned"
"2412646020","First California Financial Group Inc","0001370291","cleaned"
"2458237020","First Capital Bancshares Inc","0001051270","cleaned"
"3733351020","First Choice Bancorp","0001474904","cleaned"
"2955080020","First Clover Leaf Financial Corp","0001283582","cleaned"
"2202942020","First Commerce Bancorp Inc","0001376627","cleaned"
"3068612020","First Community Financial Partners Inc","0001469134","cleaned"
"3257125020","First Connecticut Bancorp Inc","0001511198","cleaned"
"1920038020","First Consulting Group Inc","0001049758","cleaned"
"3334705020","First Data Corp","0000883980","cleaned"
"1854977020","First Data Corp","0000883980","cleaned"
"2497867020","First Financial Holdings Inc","0000764038","cleaned"
"2229659020","First Franklin Corp","0000742161","cleaned"
"2454194020","First Investors Financial Services Group Inc","0000948034","cleaned"
"2941412020","First Marblehead Corp","0001262279","cleaned"
"2234371020","First Mercury Financial Corp","0000929186","cleaned"
"2805637020","First Niagara Financial Group Inc","0001051741","cleaned"
"3120594020","First Potomac Realty Trust","0001254595","cleaned"
"3205353020","First Priority Financial Corp","0001389772","cleaned"
"3247134020","First Security Inc","0001425576","cleaned"
"3177204020","First Sentry Bancshares Inc","0001451432","cleaned"
"2480326020","FirstCity Financial Corp","0000828678","cleaned"
"2907272020","FirstMerit Corp","0000354869","cleaned"
"2485836020","Fisher Communications Inc","0001034669","cleaned"
"3456719020","Fitbit Inc","0001447599","cleaned"
"3705454020","Five Prime Therapeutics Inc","0001175505","cleaned"
"3732854020","Flagstar Bancorp Inc","0001033012","cleaned"
"2036636020","Flagstar Bancorp Inc","0001033012","cleaned"
"2398215020","Flanders Corp","0000799526","cleaned"
"2396501020","Flatbush Federal Bancorp Inc","0001243496","cleaned"
"2989815020","Fleetmatics Group PLC","0001526160","cleaned"
"3812385020","Flexion Therapeutics Inc","0001419600","cleaned"
"2066641020","Florida Public Utilities Co","0000037643","cleaned"
"1841203020","Florida Rock Industries Inc","0000037651","cleaned"
"2570300020","Flow International Corp","0000713002","cleaned"
"3214881020","Fogo De Chao Inc","0001627487","cleaned"
"2590926020","Food Technology Service Inc","0000868267","cleaned"
"3210283020","Forest City Realty Trust Inc","0001647509","cleaned"
"2610322020","Forest Laboratories Inc","0000038074","cleaned"
"3111073020","Forestar Group Inc","0001406587","cleaned"
"2231490020","Fort Orange Financial Corp","0001419017","cleaned"
"2663760020","Fortegra Financial Corp","0001495925","cleaned"
"3700751020","Forterra Inc","0001678463","cleaned"
"3520429020","Forty Seven Inc","0001667633","cleaned"
"3660287020","Foundation Building Materials Inc","0001688941","cleaned"
"2072553020","Foundation Coal Holdings Inc","0001301063","cleaned"
"1997430020","Foundry Networks Inc","0001090071","cleaned"
"3119961020","Four Oaks Fincorp Inc","0001040799","cleaned"
"2252790020","Franconia Minerals Corp","0001271559","cleaned"
"2077668020","Franklin Electronic Publishers Inc","0000356841","cleaned"
"2656829020","Franklin Financial Corp","0001505823","cleaned"
"3505326020","Franklin Financial Network Inc","0001407067","cleaned"
"3482317020","Frankly Inc","0001688667","cleaned"
"2813080020","Fraternity Community Bancorp Inc","0001503063","cleaned"
"1791384020","Freescale Semiconductor Inc","0001272547","cleaned"
"2724775020","Freescale Semiconductor Ltd","0001392522","cleaned"
"2301567020","Fremont Michigan InsuraCorp Inc","0001271245","cleaned"
"2812384020","Fresh Market Inc","0001489979","cleaned"
"1846949020","Friendly Ice Cream Corp","0000039135","cleaned"
"2796678020","Fuel Systems Solutions Inc","0001340786","cleaned"
"2345035020","Fundtech Ltd","0001054836","cleaned"
"2611435020","Furiex Pharmaceuticals Inc","0001484478","cleaned"
"2646364020","Fusion-io Inc","0001383729","cleaned"
"2995355020","G&K Services Inc","0000039648","cleaned"
"3636009020","GAINSCO Inc","0000786344","cleaned"
"3841501020","GCP Applied Technologies Inc","0001644440","cleaned"
"2673260020","GFI Group Inc","0001292426","cleaned"
"1935045020","GFI Oil & Gas Corp","0001384826","cleaned"
"3175100020","GGP Inc","0001496048","cleaned"
"2183939020","GLG Partners Inc","0001365790","cleaned"
"1951729020","GMH Communities Trust","0001293200","cleaned"
"3682415020","GNB Financial Services Inc","0000797574","cleaned"
"3772728020","GP Strategies Corp","0000070415","cleaned"
"1726810020","GTECH Holdings Corp","0000857323","cleaned"
"2411874020","GTSI Corp","0000850483","cleaned"
"3915190020","GTY Technology Holdings Inc","0001682325","cleaned"
"2120598020","GVI Security Solutions Inc","0001021444","cleaned"
"3314157020","Gaming Partners International Corp","0000918580","cleaned"
"2112682020","Gander Mountain Co","0001277475","cleaned"
"3406297020","Gannett Co Inc","0001635718","cleaned"
"2462984020","Gardner Denver Inc","0000916459","cleaned"
"3593486020","Garrison Capital Inc","0001509892","cleaned"
"3015908020","Gas Natural Inc","0000043350","cleaned"
"2014594020","Gateway Financial Holdings Inc","0001156953","cleaned"
"1900446020","Gateway Inc","0000895812","cleaned"
"2758161020","Geeknet Inc","0001096199","cleaned"
"2010236020","Gehl Co","0000856386","cleaned"
"1931934020","Gemstar-TV Guide International Inc","0000923282","cleaned"
"2316627020","Gen-Probe Inc","0000820237","cleaned"
"3711299020","GenMark Diagnostics Inc","0001487371","cleaned"
"2435616020","GenOn Energy Inc","0001126294","cleaned"
"2112297020","GenTek Inc","0001077552","cleaned"
"3063531020","GenVec Inc","0000934473","cleaned"
"2023495020","Genelabs Technologies Inc","0000818821","cleaned"
"3193963020","Gener8 Maritime Inc","0001443799","cleaned"
"3185262020","General Cable Technologies Corp","0001279217","cleaned"
"3364428020","Genesee & Wyoming Inc","0001012620","cleaned"
"1830756020","Genesis HealthCare Corp","0001236736","cleaned"
"1933030020","Genesis Microchip Inc","0001053782","cleaned"
"1927336020","Genlyte Group Inc","0000833076","cleaned"
"3434769020","Genomic Health Inc","0001131324","cleaned"
"2250243020","Genoptix Inc","0001138412","cleaned"
"1897233020","Gensym Corp","0001005387","cleaned"
"2637444020","Gentiva Health Services Inc","0001096142","cleaned"
"2205321020","Genzyme Corp","0000732485","cleaned"
"2435729020","GeoEye Inc","0001040570","cleaned"
"2408837020","GeoResources Inc","0000041023","cleaned"
"2318582020","Gerber Scientific Inc","0000041133","cleaned"
"1945263020","Getty Images Inc","0001047202","cleaned"
"2055231020","Gevity HR Inc","0001035185","cleaned"
"1960653020","Gibraltar Packaging Group Inc","0000882830","cleaned"
"3069696020","GigPeak Inc","0001432150","cleaned"
"3148976020","Gigamon Inc","0001484504","cleaned"
"1788554020","Glamis Gold Ltd","0000782819","cleaned"
"1786134020","Glenborough Realty Trust Inc","0000929454","cleaned"
"2675070020","Glimcher Realty Trust","0000912898","cleaned"
"3958422020","Global Blood Therapeutics Inc","0001629137","cleaned"
"3379988020","Global Brass & Copper Holdings Inc","0001533526","cleaned"
"2286225020","Global Defense Technology & Systems Inc","0001471038","cleaned"
"1855208020","Global Imaging Systems Inc","0001050167","cleaned"
"2343868020","Global Industries Ltd","0000895663","cleaned"
"2152074020","Global Med Technologies Inc","0001009463","cleaned"
"1799771020","Global Signal Inc","0001278382","cleaned"
"2334545020","Global Traffic Network Inc","0001344907","cleaned"
"3611376020","GlobalSCAPE Inc","0001112920","cleaned"
"1890554020","GlobalSantaFe Corp","0001038914","cleaned"
"2560834020","GlobeComm Systems Inc","0001031028","cleaned"
"3695772020","Glu Mobile Inc","0001366246","cleaned"
"1942876020","Golden Cycle Gold Corp","0000719754","cleaned"
"2985195020","Golden Enterprises Inc","0000042228","cleaned"
"2099765020","Goldleaf Financial Solutions Inc","0001069469","cleaned"
"1811697020","Golf Galaxy Inc","0001327098","cleaned"
"2413848020","Golfsmith International Holdings Inc","0001202273","cleaned"
"1916660020","Goodman Global Inc","0001314655","cleaned"
"2345907020","Goodrich Corp","0000042542","cleaned"
"3834764020","Goodrich Petroleum Corp","0000943861","cleaned"
"1804680020","Government Properties Trust Inc","0001266112","cleaned"
"2318494020","Graham Packaging Co Inc","0001478085","cleaned"
"3241685020","Gramercy Property Trust","0001297587","cleaned"
"2770952020","Gramercy Property Trust Inc","0001287701","cleaned"
"1935163020","Grant PrideCo Inc","0001097313","cleaned"
"2818171020","Grayson Bankshares Inc","0000883758","cleaned"
"2932929020","Great Plains Energy Inc","0001143068","cleaned"
"2396362020","Great Wolf Resorts Inc","0001294538","cleaned"
"2494342020","Greater China Fund Inc","0000887546","cleaned"
"2685925020","Greater Sacramento Bancorp","0001317628","cleaned"
"1770649020","Green Mountain Power Corp","0000043704","cleaned"
"2007856020","Greenfield Online Inc","0001108906","cleaned"
"2569087020","Greenway Medical Technologies Inc","0001080747","cleaned"
"3033317020","Greer Bancshares Inc","0001145547","cleaned"
"1985540020","Grey Wolf Inc","0000320186","cleaned"
"2148608020","Gryphon Gold Corp","0001262751","cleaned"
"2294183020","Gsi Commerce Inc","0000828750","cleaned"
"3247138020","Guaranty Bancorp","0001324410","cleaned"
"3828445020","Guaranty Federal Bancshares Inc","0001046203","cleaned"
"1883384020","Guideline Inc","0000801338","cleaned"
"3267597020","GulfMark Offshore Inc","0001030749","cleaned"
"2228197020","Gymboree Corp","0000786110","cleaned"
"2317833020","H&Q Life Sciences Investors","0000884121","cleaned"
"2818488020","HASCO Medical Inc","0001131675","cleaned"
"3094688020","HCSB Financial Corp","0001091491","cleaned"
"3660473020","HD Supply Holdings Inc","0001573097","cleaned"
"2824993020","HF Financial Corp","0000881790","cleaned"
"3366161020","HFF Inc","0001380509","cleaned"
"2083566020","HLTH Corp","0001009575","cleaned"
"3676606020","HMS Holdings Corp","0001196501","cleaned"
"3216631020","HRG Group Inc","0000109177","cleaned"
"3206773020","Hamilton State Bancshares Inc","0001380988","cleaned"
"3952843020","Hanger Inc","0000722723","cleaned"
"2949153020","Hansen Medical Inc","0001276591","cleaned"
"3172585020","Hardinge Inc","0000313716","cleaned"
"2347962020","Harleysville Group Inc","0000792013","cleaned"
"2587086020","Harris Interactive Inc","0001094238","cleaned"
"2495783020","Harris Teeter Supermarkets Inc","0000085704","cleaned"
"3680758020","Harvest Capital Credit Corp","0001559909","cleaned"
"2619203020","Hastings Entertainment Inc","0001054579","cleaned"
"2944674020","Hatteras Financial Corp","0001419521","cleaned"
"3125164020","Hawaiian Telcom Holdco Inc","0001487986","cleaned"
"2198340020","Hawk Corp","0000849240","cleaned"
"3038256020","Headwaters Inc","0001003344","cleaned"
"2771383020","Health Net Inc","0000916085","cleaned"
"2355895020","HealthSpring Inc","0001339553","cleaned"
"3810719020","Healthcare Trust of America Inc","0001360604","cleaned"
"2180990020","Healthtronics Inc","0001018871","cleaned"
"2847189020","Heartland Payment Systems Inc","0001144354","cleaned"
"2976679020","Heartware International Inc","0001389072","cleaned"
"1772190020","Hector Communications Corp","0000863437","cleaned"
"2475946020","Heelys Inc","0001373980","cleaned"
"3917579020","Hemisphere Media Group Inc","0001567345","cleaned"
"1895802020","HemoSense Inc","0001127393","cleaned"
"2227460020","Henry Bros Electronics Inc","0001099918","cleaned"
"1995199020","Hercules Inc","0000046989","cleaned"
"2705193020","Heritage Financial Group Inc","0001493491","cleaned"
"3047909020","Heritage Oaks Bancorp","0000921547","cleaned"
"1775239020","Heritage Property Investment Trust Inc","0001158265","cleaned"
"2108767020","Hi-Shear Technology Corp","0000918027","cleaned"
"2561109020","Hi-Tech Pharmacal Co Inc","0000887497","cleaned"
"3190532020","Hibernia Bancorp Inc","0001437425","cleaned"
"1861672020","Highland Hospitality Corp","0001262415","cleaned"
"3280404020","Highlands Bancorp Inc","0001494186","cleaned"
"3456116020","Highlands Bankshares Inc","0000756862","cleaned"
"2042961020","Hiland Holdings GP LP","0001363381","cleaned"
"2042960020","Hiland Partners LP","0001306527","cleaned"
"1984819020","Hilb Rogal & Hobbs Co","0000814898","cleaned"
"3962607020","Hill International Inc","0001287808","cleaned"
"2641303020","Hillshire Brands Co","0000023666","cleaned"
"1884574020","Hilton Hotels Corp","0000047580","cleaned"
"1985134020","HireRight Inc","0001168652","cleaned"
"2644268020","Hittite Microwave Corp","0001130866","cleaned"
"2152747020","Home Diagnostics Inc","0000884909","cleaned"
"2726572020","Home Loan Servicing Solutions Ltd","0001513161","cleaned"
"2765757020","Home Properties Inc","0000923118","cleaned"
"2817311020","HomeAway Inc","0001366684","cleaned"
"3294810020","HomeTown Bankshares Corp","0001461640","cleaned"
"3331582020","HopFed Bancorp Inc","0001041550","cleaned"
"1824102020","Horizon Health Corp","0000723211","cleaned"
"2694833020","Horizon Lines Inc","0001302707","cleaned"
"1876961020","Horizon Offshore Inc","0001051431","cleaned"
"3295472020","Hortonworks Inc","0001610532","cleaned"
"2722118020","Hospira Inc","0001274057","cleaned"
"1988583020","Hostopia.com Inc","0001365295","cleaned"
"3877772020","Houghton Mifflin Harcourt Co","0001580156","cleaned"
"1828198020","Houston Exploration Co","0001015293","cleaned"
"3721904020","Houston Wire & Cable Co","0001356949","cleaned"
"3771023020","Howard Bancorp Inc","0001390162","cleaned"
"1726780020","Hughes Supply Inc","0000049029","cleaned"
"2421064020","Hughes Telematics Inc","0001410240","cleaned"
"2407237020","Human Genome Sciences Inc","0000901219","cleaned"
"2816520020","Hutchinson Technology Inc","0000772897","cleaned"
"3891174020","Huttig Building Products Inc","0001093082","cleaned"
"2225277020","Hypercom Corp","0001045769","cleaned"
"1844303020","Hyperion Solutions Corp","0001001113","cleaned"
"2738614020","Hyperion Therapeutics Inc","0001386858","cleaned"
"2069490020","I-Many Inc","0001104017","cleaned"
"1961248020","I-trax Inc","0001110189","cleaned"
"3472912020","IBERIABANK Corp","0000933141","cleaned"
"2133941020","ICO Inc","0000353567","cleaned"
"2115539020","ICT Group Inc","0001013149","cleaned"
"2074159020","IDM Pharma Inc","0000822206","cleaned"
"3784691020","IEC Electronics Corp","0000049728","cleaned"
"2007219020","IKON Office Solutions Inc","0000003370","cleaned"
"3763066020","IKONICS Corp","0001083301","cleaned"
"3116510020","ILG Inc","0001434620","cleaned"
"2953743020","IMS Health Holdings Inc","0001595262","cleaned"
"2119307020","IMS Health Inc","0001058083","cleaned"
"2358557020","INX Inc","0001020017","cleaned"
"1831939020","ION Media Networks Inc","0000923877","cleaned"
"2787940020","IPC Healthcare Inc","0001410471","cleaned"
"2450880020","IRIS International Inc","0000319240","cleaned"
"2400222020","ISTA Pharmaceuticals Inc","0000930553","cleaned"
"2226082020","ITC Deltacom Inc","0001041954","cleaned"
"1933891020","ITEX Corp","0000860518","cleaned"
"3755288020","Iconix Brand Group Inc","0000857737","cleaned"
"2644269020","Idenix Pharmaceuticals Inc","0001093649","cleaned"
"1727405020","Identix Inc","0000735780","cleaned"
"2788991020","Ikanos Communications Inc","0001219210","cleaned"
"2325924020","Immucor Inc","0000736822","cleaned"
"3633916020","Immunomedics Inc","0000722830","cleaned"
"3013068020","Imperva Inc","0001364962","cleaned"
"2983283020","Imprivata Inc","0001328015","cleaned"
"2065092020","InFocus Corp","0000845434","cleaned"
"2801429020","InSite Vision Inc","0000802724","cleaned"
"2040457020","Indevus Pharmaceuticals Inc","0000854222","cleaned"
"1804473020","Indus International Inc","0001041333","cleaned"
"1967185020","Industrial Distribution Group Inc","0001042351","cleaned"
"2005445020","Industrial Rubber Products Inc","0001056093","cleaned"
"2250159020","InfoLogix Inc","0001315320","cleaned"
"1895431020","Infocrossing Inc","0000893816","cleaned"
"2718819020","Informatica Corp","0001080099","cleaned"
"1867502020","Inforte Corp","0001099944","cleaned"
"3300345020","InfraREIT Inc","0001506401","cleaned"
"1849692020","InfraSource Services Inc","0001276827","cleaned"
"2921555020","Ingram Micro Inc","0001018003","cleaned"
"2845173020","Inland Real Estate Corp","0000923284","cleaned"
"3603919020","InnerWorkings Inc","0001350381","cleaned"
"3468584020","Innophos Holdings Inc","0001364099","cleaned"
"2584384020","Innotrac Corp","0001051114","cleaned"
"3787201020","Inovalon Holdings Inc","0001619954","cleaned"
"1988580020","Insightful Corp","0000895095","cleaned"
"2297325020","Inspire Pharmaceuticals Inc","0001040416","cleaned"
"3472101020","Instructure Inc","0001355754","cleaned"
"2423594020","IntegraMed America Inc","0000885988","cleaned"
"1824086020","Integrated Alarm Services  Group Inc","0001200022","cleaned"
"1764167020","Integrated Alarm Services  Group Inc","0001200022","cleaned"
"3282974020","Integrated Device Technology Inc","0000703361","cleaned"
"2732444020","Integrated Silicon Solution Inc","0000854701","cleaned"
"2690587020","Integrity Bancshares Inc","0001103764","cleaned"
"2648906020","Integrys Energy Group Inc","0000916863","cleaned"
"3031073020","Inteliquent Inc","0001292653","cleaned"
"2192130020","Intelligroup Inc","0001016439","cleaned"
"2106249020","Intellon Corp","0001120105","cleaned"
"1862639020","Inter-Tel Inc","0000350066","cleaned"
"2616499020","InterMune Inc","0001087432","cleaned"
"1787754020","InterVideo Inc","0001114084","cleaned"
"1996272020","InterVoice Inc","0000764244","cleaned"
"2160068020","Interactive Data Corp","0000050934","cleaned"
"3000434020","Interactive Intelligence Group Inc","0001517650","cleaned"
"2358554020","Interclick Inc","0001378846","cleaned"
"1788717020","Intergraph Corp","0000351145","cleaned"
"2419745020","Interline Brands Inc","0001250189","cleaned"
"1768660020","Intermagnetics General Corp","0000351012","cleaned"
"2475617020","Intermec Inc","0001044590","cleaned"
"3391695020","Intermolecular Inc","0001311241","cleaned"
"2658579020","Intermountain Community Bancorp","0001284506","cleaned"
"1829183020","International Aluminum Corp","0000051103","cleaned"
"4222264020","International Baler Corp","0000781902","cleaned"
"2305206020","International Coal Group Inc","0001320934","cleaned"
"1867772020","International Electronics Inc","0000717751","cleaned"
"2644805020","International Game Technology","0000353944","cleaned"
"1863400020","International Securities Exchange Holdings Inc","0001295230","cleaned"
"3308159020","International Speedway Corp","0000051548","cleaned"
"3021839020","International Textile Group Inc","0000918964","cleaned"
"3361240020","International Wire Group Holdings Inc","0001637512","cleaned"
"2221676020","Internet Brands Inc","0001080131","cleaned"
"1860858020","Interpool Inc","0000898777","cleaned"
"3781865020","Intersect ENT Inc","0001271214","cleaned"
"3304966020","Intersections Inc","0001095277","cleaned"
"2996765020","Intersil Corp","0001096324","cleaned"
"2044424020","Interwoven Inc","0001042431","cleaned"
"1828175020","IntraLase Corp","0001163848","cleaned"
"3044877020","IntraLinks Holdings Inc","0001488075","cleaned"
"2020759020","Intraware Inc","0001025134","cleaned"
"3090862020","Intrawest Resorts Holdings Inc","0001587755","cleaned"
"3880588020","IntriCon Corp","0000088790","cleaned"
"3051241020","InvenSense Inc","0001294924","cleaned"
"3168520020","Inventure Foods Inc","0000944508","cleaned"
"1837042020","Investors Financial Services Corp","0000949589","cleaned"
"3195409020","Investors Heritage Capital Corp","0000055362","cleaned"
"3286377020","Invuity Inc","0001393020","cleaned"
"1852273020","Inyx Inc","0001114241","cleaned"
"1977027020","Iomai Corp","0001125001","cleaned"
"1868999020","Iomed Inc","0001041652","cleaned"
"2130845020","Iowa Telecommunications Services Inc","0001120462","cleaned"
"3007129020","Isle of Capri Casinos Inc","0000863015","cleaned"
"1895815020","Isotis Inc","0001380180","cleaned"
"2242078020","J Crew Group Inc","0001051251","cleaned"
"2928450020","JAVELIN Mortgage Investment Corp","0001552890","cleaned"
"2463547020","JDA Software Group Inc","0001006892","cleaned"
"1802016020","JLG Industries Inc","0000216275","cleaned"
"3795893020","JMP Group Inc","0001383803","cleaned"
"3021396020","JP Energy Partners LP","0001523404","cleaned"
"2711738020","JPS Industries Inc","0000846615","cleaned"
"1800920020","Jacuzzi Brands Inc","0001056874","cleaned"
"3465538020","Jagged Peak Energy Inc","0001685715","cleaned"
"3273570020","Jamba Inc","0001316898","cleaned"
"1746409020","James Monroe Bancorp Inc","0001178161","cleaned"
"1762043020","Jameson Inns Inc","0000914373","cleaned"
"3013549020","Janus Capital Group Inc","0001065865","cleaned"
"2835557020","Jarden Corp","0000895655","cleaned"
"2173096020","Javelin Pharmaceuticals Inc","0000050710","cleaned"
"1979195020","Jazz Technologies Inc","0001337675","cleaned"
"2467230020","Jefferies Group Inc","0000717867","cleaned"
"3616534020","Jernigan Capital Inc","0001622353","cleaned"
"3301483020","JetPay Corp","0001507986","cleaned"
"3098304020","Jive Software Inc","0001462633","cleaned"
"2253110020","Jo-Ann Stores Inc","0000034151","cleaned"
"2905320020","Johnson Controls Inc","0000053669","cleaned"
"3430251020","Jones Soda Co","0001083522","cleaned"
"2587440020","Jos A Bank Clothiers Inc","0000814675","cleaned"
"2808813020","Journal Media Group Inc","0001622893","cleaned"
"2985831020","Joy Global Inc","0000801898","cleaned"
"3263097020","Juniper Pharmaceuticals Inc","0000821995","cleaned"
"3203182020","Juno Therapeutics Inc","0001594864","cleaned"
"1845642020","K&F Industries Holdings Inc","0001310663","cleaned"
"2289431020","K-Sea Transportation Partners LP","0001178575","cleaned"
"2487771020","K-Swiss Inc","0000862480","cleaned"
"2145252020","K-Tron International Inc","0000000020","cleaned"
"1862124020","K2 Inc","0000006720","cleaned"
"3282481020","K2M Group Holdings Inc","0001499807","cleaned"
"2466570020","KAYAK Software Corp","0001312928","cleaned"
"3080714020","KCG Holdings Inc","0001569391","cleaned"
"1754145020","KCS Energy Inc","0000832820","cleaned"
"3475448020","KEMET Corp","0000887730","cleaned"
"1903710020","KMG America Corp","0001299210","cleaned"
"3277322020","KMG Chemicals Inc","0001028215","cleaned"
"2448762020","KSW Inc","0001004125","cleaned"
"2764196020","KYTHERA Biopharmaceuticals Inc","0001436304","cleaned"
"3795389020","Kadmon Holdings Inc","0001557142","cleaned"
"1805797020","Kanbay International Inc","0001125011","cleaned"
"3714804020","Kansas City Southern","0000054480","cleaned"
"3207204020","Kapstone Paper & Packaging Corp","0001325281","cleaned"
"3055091020","Kate Spade & Co","0000352363","cleaned"
"2563695020","Kaydon Corp","0000740694","cleaned"
"2225043020","Keithley Instruments Inc","0000054991","cleaned"
"1907257020","Kellwood Co","0000055080","cleaned"
"2306429020","Kendle International Inc","0001039151","cleaned"
"2444904020","Kenexa Corp","0001114714","cleaned"
"2411150020","Kensey Nash Corp","0001002811","cleaned"
"3261636020","Keryx Biopharmaceuticals Inc","0001114220","cleaned"
"2832684020","Keurig Green Mountain Inc","0000909954","cleaned"
"3206386020","Key Technology Inc","0000906193","cleaned"
"1736923020","KeySpan Corp","0001062379","cleaned"
"2532372020","Keynote Systems Inc","0001032761","cleaned"
"1888625020","Keystone Automotive Industries Inc","0001012393","cleaned"
"2667612020","Kinder Morgan Management LLC","0001135017","cleaned"
"3338225020","Kinderhook Bank Corp","0001025991","cleaned"
"3756788020","Kindred Biosciences Inc","0001561743","cleaned"
"2328303020","Kinetic Concepts Inc","0000831967","cleaned"
"2228943020","King Pharmaceuticals Inc","0001047699","cleaned"
"1982187020","Kintera Inc","0001117119","cleaned"
"3142801020","Kite Pharma Inc","0001510580","cleaned"
"3240072020","Klx Inc","0001617898","cleaned"
"1734933020","Knape & Vogt Manufacturing Co","0000056362","cleaned"
"1711994020","Knight Ridder Inc","0000205520","cleaned"
"3729821020","Knoll Inc","0001011570","cleaned"
"1822883020","Knova Software Inc","0001062606","cleaned"
"2655377020","Kodiak Oil & Gas Corp","0001322866","cleaned"
"2736507020","Kofax Ltd","0001556884","cleaned"
"1809143020","Kos Pharmaceuticals Inc","0001018952","cleaned"
"1981943020","Kosan Biosciences Inc","0001110206","cleaned"
"3768076020","Kraton Corp","0001321646","cleaned"
"2965274020","Kreisler Manufacturing Corp","0000056806","cleaned"
"2955934020","Krispy Kreme Doughnuts Inc","0001100270","cleaned"
"1892685020","Kyphon Inc","0001123313","cleaned"
"2212815020","L-1 Identity Solutions Inc","0001018332","cleaned"
"3298725020","L3 Technologies Inc","0001039101","cleaned"
"2610709020","LCA-Vision Inc","0001003130","cleaned"
"2620683020","LIN Media LLC","0001575571","cleaned"
"3071406020","LMI Aerospace Inc","0001059562","cleaned"
"2697621020","LNB Bancorp Inc","0000737210","cleaned"
"2643908020","LSB Financial Corp","0000930405","cleaned"
"2593353020","LSI Corp","0000703360","cleaned"
"3103709020","La Quinta Holdings Inc","0001594617","cleaned"
"2296901020","LaBarge Inc","0000057139","cleaned"
"2281817020","LaBranche & Co Inc","0001089044","cleaned"
"2431509020","LaCrosse Footwear Inc","0000919443","cleaned"
"3229345020","LaSalle Hotel Properties","0001053532","cleaned"
"2240240020","Ladish Co Inc","0000814250","cleaned"
"1733273020","Lafarge North America Inc","0000716783","cleaned"
"3106525020","Lafayette Community Bancorp","0001111230","cleaned"
"1838613020","Laidlaw International Inc","0000737874","cleaned"
"2955143020","Lake Sunapee Bank Group","0000846931","cleaned"
"1898311020","Lamson & Sessions Co","0000057497","cleaned"
"3146627020","Landauer Inc","0000825410","cleaned"
"3703091020","Landmark Bancorp Inc","0001141688","cleaned"
"3741880020","Landmark Infrastructure Partners LP","0001615346","cleaned"
"2252150020","LaserCard Corp","0000030140","cleaned"
"1834664020","Laureate Education Inc","0000912766","cleaned"
"1755967020","Laurel Capital Group Inc","0000892158","cleaned"
"3213676020","Layne Christensen Co","0000888504","cleaned"
"2419794020","LeCroy Corp","0000943580","cleaned"
"3722325020","Leaf Group Ltd","0001365038","cleaned"
"2107585020","Leap Wireless International Inc","0001065049","cleaned"
"2524121020","Lender Processing Services Inc","0001429775","cleaned"
"3026387020","Level 3 Communications Inc","0000794323","cleaned"
"3823621020","Level One Bancorp Inc","0001412707","cleaned"
"1741256020","Lexar Media Inc","0001058289","cleaned"
"2896191020","Lexmark International Inc","0001060259","cleaned"
"2822150020","Liberator Medical Holdings Inc","0000017485","cleaned"
"2159465020","Liberty Acquisition Holdings Corp","0001407539","cleaned"
"3380284020","Liberty Bancorp Inc","0001353268","cleaned"
"3925833020","Liberty Bancshares Inc","0001432581","cleaned"
"3342886020","Liberty Expedia Holdings Inc","0001669600","cleaned"
"3470248020","Liberty Property Trust","0000921112","cleaned"
"2191931020","Life Quotes Inc","0001079996","cleaned"
"2488420020","Life Technologies Corp","0001073431","cleaned"
"1967151020","LifeCell Corp","0000849448","cleaned"
"3269384020","LifePoint Health Inc","0001301611","cleaned"
"1943221020","Lifecore Biomedical Inc","0000028626","cleaned"
"2428757020","Lincare Holdings Inc","0000882235","cleaned"
"2955022020","LinkedIn Corp","0001271024","cleaned"
"2678607020","LipoScience Inc","0001168197","cleaned"
"3617548020","Livongo Health Inc","0001639225","cleaned"
"2838202020","LoJack Corp","0000355777","cleaned"
"2149145020","Lodgian Inc","0001066138","cleaned"
"3477609020","LogMeIn Inc","0001420302","cleaned"
"2071356020","LogicVision Inc","0001041418","cleaned"
"3984432020","Logicbio Therapeutics Inc","0001664106","cleaned"
"1785907020","Lone Star Steakhouse & Saloon Inc","0000883670","cleaned"
"1853964020","Lone Star Technologies Inc","0000791348","cleaned"
"3770367020","Lonestar Resources US Inc","0001661920","cleaned"
"2003900020","Longs Drug Stores Corp","0000764762","cleaned"
"1837087020","Longview Fibre Co","0000060302","cleaned"
"2304137020","LoopNet Inc","0001353209","cleaned"
"2614332020","Lorillard Inc","0001424847","cleaned"
"2765023020","Louisiana Bancorp Inc","0001392562","cleaned"
"1731410020","Lowrance Electronics Inc","0000804073","cleaned"
"3331067020","Loxo Oncology Inc","0001581720","cleaned"
"2289520020","Lubrizol Corp","0000060751","cleaned"
"1745559020","Lucent Technologies Inc","0001006240","cleaned"
"2511432020","Lufkin Industries Inc","0000060849","cleaned"
"3726778020","Luminex Corp","0001033905","cleaned"
"3072151020","Lumos Networks Corp","0001520744","cleaned"
"1888574020","Lyondell Chemical Co","0000842635","cleaned"
"2318489020","M&F Worldwide Corp","0000945235","cleaned"
"3448552020","MAM Software Group Inc","0000832488","cleaned"
"1959698020","MASSBank Corp","0000799166","cleaned"
"3451772020","MB Bancorp Inc","0001617291","cleaned"
"3246521020","MB Financial Inc","0000908143","cleaned"
"3297390020","MBT Financial Corp","0001118237","cleaned"
"2747981020","MCG Capital Corp","0001141299","cleaned"
"2421419020","MEDTOX Scientific Inc","0000739944","cleaned"
"2469825020","MEMSIC Inc","0001386198","cleaned"
"3182555020","MGC Diagnostics Corp","0000815093","cleaned"
"1932426020","MGI PHARMA Inc","0000702131","cleaned"
"3780532020","MGM Growth Properties LLC","0001656936","cleaned"
"2646955020","MICROS Systems Inc","0000320345","cleaned"
"3326051020","MINDBODY Inc","0001458962","cleaned"
"2640918020","MKTG Inc","0000886475","cleaned"
"3744655020","MMA Capital Management LLC","0001003201","cleaned"
"2430484020","MModal Inc","0001441567","cleaned"
"3093225020","MOCON Inc","0000067279","cleaned"
"2463439020","MOD-PAC Corp","0001191857","cleaned"
"2516302020","MPG Office Trust Inc","0001204560","cleaned"
"2119498020","MPS Group Inc","0000924646","cleaned"
"1782145020","MRO Software Inc","0000920354","cleaned"
"3122678020","MRV Communications Inc","0000887969","cleaned"
"2089242020","MSC Software Corp","0000717238","cleaned"
"3718302020","MSG Networks Inc","0001469372","cleaned"
"1937609020","MTC Technologies Inc","0001172243","cleaned"
"3240708020","MTGE Investment Corp","0001516973","cleaned"
"3670772020","MTS Systems Corp","0000068709","cleaned"
"2714448020","MWI Veterinary Supply Inc","0001323974","cleaned"
"2575867020","Mac-Gray Corp","0001038280","cleaned"
"1790037020","MacDermid Inc","0000061138","cleaned"
"3728313020","Mackinac Financial Corp","0000866939","cleaned"
"2657786020","Madison Bancorp Inc","0001492324","cleaned"
"3296599020","Madison Strategic Sector Premium Fund","0001317080","cleaned"
"3353103020","Magellan Health Inc","0000019411","cleaned"
"2367106020","Magma Design Automation Inc","0001065034","cleaned"
"2549430020","Maidenform Brands Inc","0001323531","cleaned"
"1762185020","Main Street Restaurant Group Inc","0000847466","cleaned"
"2667214020","MainStreet BankShares Inc","0001094742","cleaned"
"2163880020","Maine & Maritimes Corp","0001222497","cleaned"
"3919819020","ManTech International Corp","0000892537","cleaned"
"1943253020","Manatron Inc","0000798736","cleaned"
"2715843020","Manhattan Bancorp","0001387632","cleaned"
"3898058020","Manning & Napier Inc","0001524223","cleaned"
"1884232020","Manor Care Inc","0000878736","cleaned"
"1754644020","Manugistics Group Inc","0000908440","cleaned"
"1849102020","MapInfo Corp","0000916238","cleaned"
"2174278020","Mariner Energy Inc","0001022345","cleaned"
"2519719020","Market Leader Inc","0001298978","cleaned"
"2965102020","Marketo Inc","0001490660","cleaned"
"1903147020","Markwest Hydrocarbon Inc","0001019756","cleaned"
"3729952020","Marlin Business Services Corp","0001260968","cleaned"
"1816898020","Marlton Technologies Inc","0000096988","cleaned"
"3890212020","Marrone Bio Innovations Inc","0001441693","cleaned"
"1757344020","Marsh Supermarkets Inc","0000062737","cleaned"
"2252056020","Martek Biosciences Corp","0000892025","cleaned"
"2764911020","Martha Stewart Living Omnimedia Inc","0001091801","cleaned"
"2103738020","Marvel Entertainment Inc","0000933730","cleaned"
"2230996020","Massey Energy Co","0000037748","cleaned"
"2600511020","Material Sciences Corp","0000755003","cleaned"
"1946927020","Matria Healthcare Inc","0001007228","cleaned"
"1739503020","MatrixOne Inc","0000786998","cleaned"
"2249638020","Matrixx Initiatives Inc","0001006195","cleaned"
"3238809020","Mattersight Corp","0001094348","cleaned"
"2991881020","Mattress Firm Holding Corp","0001419852","cleaned"
"2825693020","Mattson Technology Inc","0000928421","cleaned"
"2728727020","Mavenir Systems Inc","0001361470","cleaned"
"1768024020","Maverick Tube Corp","0000869087","cleaned"
"3600947020","Maxim Integrated Products Inc","0000743316","cleaned"
"3142776020","Maxpoint Interactive Inc","0001611231","cleaned"
"3342404020","Maxwell Technologies Inc","0000319815","cleaned"
"2521565020","Mayflower Bancorp Inc","0001381639","cleaned"
"2212613020","McAfee Inc","0000890801","cleaned"
"2360365020","McCormick & Schmicks Seafood Restaurants Inc","0001288741","cleaned"
"1783172020","McDATA Corp","0000731502","cleaned"
"1999404020","Meadow Valley Corp","0000934749","cleaned"
"2711681020","Meadowbrook Insurance Group Inc","0000949156","cleaned"
"2647568020","Measurement Specialties Inc","0000778734","cleaned"
"2816473020","MedAssets Inc","0001254419","cleaned"
"3330497020","MedEquities Realty Trust Inc","0001616314","cleaned"
"3776539020","Medallia Inc","0001540184","cleaned"
"2093103020","Medarex Inc","0000874255","cleaned"
"2330697020","Medco Health Solutions Inc","0001170650","cleaned"
"2596564020","MediStem Inc","0001186519","cleaned"
"2319713020","MediaMind Technologies Inc","0001275791","cleaned"
"2188321020","Mediacom Communications Corp","0001098659","cleaned"
"2650050020","Medical Action Industries Inc","0000748270","cleaned"
"2335721020","Medicis Pharmaceutical Corp","0000859368","cleaned"
"2449695020","Mediware Information Systems Inc","0000874733","cleaned"
"3119385020","Meetinghouse Bancorp Inc","0001543367","cleaned"
"3493563020","Melrose Bancorp Inc","0001600890","cleaned"
"2958721020","Memorial Resource Development Corp","0001599222","cleaned"
"2029968020","Memory Pharmaceuticals Corp","0001062216","cleaned"
"1989846020","Memry Corp","0000720896","cleaned"
"3035206020","Mentor Graphics Corp","0000701811","cleaned"
"2245160020","Mercer Insurance Group Inc","0001050690","cleaned"
"1779371020","Mercury Interactive Corp","0000867058","cleaned"
"3736127020","Meredith Corp","0000065011","cleaned"
"2788952020","Merge Healthcare Inc","0000944765","cleaned"
"1737505020","MeriStar Hospitality Corp","0001012967","cleaned"
"1882948020","Meridian Gold Inc","0001016888","cleaned"
"3877757020","Meritor Inc","0001113256","cleaned"
"2141091020","Merrimac Industries Inc","0000706864","cleaned"
"2756313020","Meru Networks Inc","0001167294","cleaned"
"2456688020","Mesa Energy Holdings Inc","0001425597","cleaned"
"2515137020","Met-Pro Corp","0000065201","cleaned"
"1804521020","MetaSolv  Inc","0000916704","cleaned"
"1908252020","Metal Management Inc","0000795665","cleaned"
"3031361020","Metaldyne Performance Group Inc","0001616817","cleaned"
"2493821020","Metals USA Holdings Corp","0001362491","cleaned"
"2062623020","Metavante Technologies Inc","0001399768","cleaned"
"1791680020","Metrologic Instruments Inc","0000815910","cleaned"
"1889311020","Metromedia International Group Inc","0000039547","cleaned"
"3827700020","Metromile Inc","0001575491","cleaned"
"2465162020","Metropolitan Health Networks Inc","0001009379","cleaned"
"2550469020","Michael Baker Corp","0000009263","cleaned"
"1773838020","Michaels Stores Inc","0000740670","cleaned"
"2750198020","Micrel Inc","0000932111","cleaned"
"2706864020","MicroFinancial Inc","0000827230","cleaned"
"2269527020","Microfluidics International Corp","0000723889","cleaned"
"3216919020","Microsemi Corp","0000310568","cleaned"
"2218465020","Microtune Inc","0001108058","cleaned"
"2201069020","Micrus Endovascular Corp","0001028318","cleaned"
"3653079020","Mid-Con Energy Partners LP","0001527709","cleaned"
"2250762020","MidCarolina Financial Corp","0001174872","cleaned"
"3459751020","MidCoast Community Bancorp Inc","0001628866","cleaned"
"3387427020","MidSouth Bancorp Inc","0000745981","cleaned"
"1992812020","MiddleBrook Pharmaceuticals Inc","0001161924","cleaned"
"3024785020","Middleburg Financial Corp","0000914138","cleaned"
"1915138020","Midland Co","0000066025","cleaned"
"1897213020","Midwest Air Group Inc","0000948845","cleaned"
"1838904020","Mikron Infrared Inc","0000787809","cleaned"
"3428389020","Milacron Holdings Corp","0001637913","cleaned"
"2774411020","Millennial Media Inc","0001372375","cleaned"
"1968203020","Millennium Pharmaceuticals Inc","0001002637","cleaned"
"2158128020","Millipore Corp","0000066479","cleaned"
"1837084020","Mills Corp","0000914713","cleaned"
"2962274020","Mines Management Inc","0000066649","cleaned"
"3778565020","Misonix Inc","0000880432","cleaned"
"2577598020","Mission Community Bancorp","0001129920","cleaned"
"1864495020","Mity Enterprises Inc","0000921030","cleaned"
"3458606020","Mobile Mini Inc","0000911109","cleaned"
"3641895020","MobileIron Inc","0001470099","cleaned"
"1858232020","Mobius Management Systems Inc","0001025148","cleaned"
"1974297020","Moldflow Corp","0001103234","cleaned"
"1834673020","Molecular Devices Corp","0001003113","cleaned"
"2564516020","Molex Inc","0000067472","cleaned"
"3623452020","Momenta Pharmaceuticals Inc","0001235010","cleaned"
"2691774020","Monarch Community Bancorp Inc","0001169769","cleaned"
"2850095020","Monarch Financial Holdings Inc","0001364856","cleaned"
"1852492020","Monmouth Capital Corp","0000067618","cleaned"
"3823934020","Monmouth Real Estate Investment Corp","0000067625","cleaned"
"2084722020","Monogram Biosciences Inc","0001094961","cleaned"
"3011695020","Monogram Residential Trust Inc","0001384710","cleaned"
"3434672020","Monotype Imaging Holdings Inc","0001385292","cleaned"
"2957636020","Monsanto Co","0000067686","cleaned"
"2116393020","Monterey Gourmet Foods Inc","0001370710","cleaned"
"2527262020","Morgans Hotel Group Co","0001342126","cleaned"
"1747954020","Morton Industrial Group Inc","0000064247","cleaned"
"1809136020","Moscow CableCom Corp","0000006383","cleaned"
"1748698020","Mossimo Inc","0001005181","cleaned"
"2336895020","Motorola Mobility Holdings Inc","0001495569","cleaned"
"1853512020","Mountain Bank Holding Co","0000898018","cleaned"
"2608906020","Mountain West Financial Corp","0000946473","cleaned"
"2680689020","Move Inc","0001085770","cleaned"
"1757728020","Mpower Holding Corp","0001117042","cleaned"
"3063451020","Multi Packaging Solutions International Ltd","0001645926","cleaned"
"3351894020","Multi-Color Corp","0000819220","cleaned"
"2918133020","Multi-Fineline Electronix Inc","0000830916","cleaned"
"2523831020","Multiband Corp","0000732412","cleaned"
"3477127020","MutualFirst Financial Inc","0001094810","cleaned"
"3644610020","MyoKardia Inc","0001552451","cleaned"
"1798437020","Myogen Inc","0001101052","cleaned"
"2078405020","NATCO Group Inc","0001057693","cleaned"
"1910534020","NAVTEQ Corp","0000834208","cleaned"
"2661685020","NB&T Financial Group Inc","0000908837","cleaned"
"2202209020","NBTY Inc","0000070793","cleaned"
"3122743020","NCI Inc","0001334478","cleaned"
"1763054020","NES Rentals Holdings Inc","0001280191","cleaned"
"2253964020","NGAS Resources Inc","0000746834","cleaned"
"3696589020","NIC Inc","0001065332","cleaned"
"2641767020","NPS Pharmaceuticals Inc","0000890465","cleaned"
"1791422020","NS Group Inc","0000745026","cleaned"
"2577595020","NTS Inc","0001126216","cleaned"
"2525574020","NV Energy Inc","0000741508","cleaned"
"1763252020","NWH Inc","0000915016","cleaned"
"2103033020","NYFIX Inc","0000099047","cleaned"
"1900306020","NYMEX Holdings Inc","0001105018","cleaned"
"2479748020","NYSE Euronext","0001368007","cleaned"
"2330401020","Nalco Holding Co","0001298341","cleaned"
"1794406020","Napster Inc","0001122787","cleaned"
"2548699020","Nash Finch Co","0000069671","cleaned"
"2071452020","Nashua Corp","0000069680","cleaned"
"1960524020","National Atlantic Holdings Corp","0000946492","cleaned"
"3313284020","National Commerce Corp","0001609951","cleaned"
"2504260020","National Financial Partners Corp","0001183186","cleaned"
"1824750020","National Health Realty Inc","0001047334","cleaned"
"1816161020","National Home Health Care Corp","0000728389","cleaned"
"2296914020","National Semiconductor Corp","0000070530","cleaned"
"3212896020","Nationstar Mortgage Holdings Inc","0001520566","cleaned"
"2284384020","Nationwide Health Properties Inc","0000780053","cleaned"
"1925423020","Natrol Inc","0001025573","cleaned"
"3906004020","Natus Medical Inc","0000878526","cleaned"
"2276667020","NaviSite Inc","0001084750","cleaned"
"3437472020","Navigant Consulting Inc","0001019737","cleaned"
"1755894020","Navigant International Inc","0001055455","cleaned"
"1881495020","Neon Communications Group Inc","0001003111","cleaned"
"3503919020","Neon Therapeutics Inc","0001694187","cleaned"
"3671540020","Neos Therapeutics Inc","0001467652","cleaned"
"2318388020","Ness Technologies Inc","0001089638","cleaned"
"1755689020","NetIQ Corp","0001084827","cleaned"
"2343992020","NetLogic Microsystems Inc","0001135711","cleaned"
"2497553020","NetSpend Holdings Inc","0001496623","cleaned"
"2988799020","NetSuite Inc","0001117106","cleaned"
"2103432020","Netezza Corp","0001132484","cleaned"
"1811969020","Netopia Inc","0001012482","cleaned"
"1813938020","Netsmart Technologies Inc","0001011028","cleaned"
"2426124020","Network Engines Inc","0001110903","cleaned"
"2426091020","Network Equipment Technologies Inc","0000752431","cleaned"
"3228126020","NeuLion Inc","0001387713","cleaned"
"3048654020","NeuStar Inc","0001265888","cleaned"
"2072635020","Neurogen Corp","0000849043","cleaned"
"2010011020","Nevada Chemicals Inc","0000356342","cleaned"
"3289452020","Nevada Gold & Casinos Inc","0000277058","cleaned"
"2085075020","Nevoro Inc","0001432768","cleaned"
"3387139020","New Bancorp Inc","0001644482","cleaned"
"3776184020","New Home Co Inc","0001574596","cleaned"
"2441953020","New Horizons Worldwide Inc","0000850414","cleaned"
"1843600020","New Plan Excel Realty Trust Inc","0000798288","cleaned"
"1841360020","New River Pharmaceuticals Inc","0001288379","cleaned"
"3763912020","New Senior Investment Group Inc","0001610114","cleaned"
"2811233020","NewBridge Bancorp","0000714530","cleaned"
"3164636020","NewStar Financial Inc","0001373561","cleaned"
"1778957020","Newkirk Realty Trust Inc","0001333578","cleaned"
"2923022020","Newport Corp","0000225263","cleaned"
"3288710020","Nexeo Solutions Inc","0001604416","cleaned"
"2439169020","NextWave Wireless Inc","0001374993","cleaned"
"1933600020","Nextest Systems Corp","0001167896","cleaned"
"1778286020","Niagara Corp","0000710976","cleaned"
"2246627020","Nicor Inc","0000072020","cleaned"
"3890790020","Nielsen Holdings Plc","0001492633","cleaned"
"2223942020","NightHawk Radiology Holdings Inc","0001292470","cleaned"
"3077332020","Nimble Storage Inc","0001452751","cleaned"
"2762989020","Niska Gas Storage Partners LLC","0001483830","cleaned"
"2032538020","NitroMed Inc","0000927829","cleaned"
"2310263020","Nobel Learning Communities Inc","0000721237","cleaned"
"3610019020","Noble Energy Inc","0000072207","cleaned"
"2170803020","North American Galvanizing & Coatings Inc","0000055805","cleaned"
"1831564020","North Bay Bancorp/CA","0001102595","cleaned"
"1884251020","North Pittsburgh Systems Inc","0000764765","cleaned"
"1940373020","North Pointe Holdings Corp","0001171218","cleaned"
"2603689020","North Valley Bancorp","0000353191","cleaned"
"3307523020","NorthStar Realty Europe Corp","0001646587","cleaned"
"2814327020","Northern Tier Energy LP","0001533454","cleaned"
"2966667020","Northstar Realty Finance Corp","0001273801","cleaned"
"1838916020","Novelis Inc","0001304280","cleaned"
"2241601020","Novell Inc","0000758004","cleaned"
"2371372020","Novellus Systems Inc","0000836106","cleaned"
"2090646020","Noven Pharmaceuticals Inc","0000815838","cleaned"
"2221781020","Nu Horizons Electronics Corp","0000718074","cleaned"
"1948062020","NuCO2 Inc","0001004883","cleaned"
"2647141020","Nuance Communications Inc","0001002517","cleaned"
"3105596020","Nutraceutical International Corp","0001050007","cleaned"
"3845920020","Nuverra Environmental Solutions Inc","0001403853","cleaned"
"2626759020","OBA Financial Services Inc","0001471088","cleaned"
"2219992020","OI Corp","0000073773","cleaned"
"2757698020","OM Group Inc","0000899723","cleaned"
"1859565020","OMI Corp","0000732780","cleaned"
"2189621020","OMNI Energy Services Corp","0001046212","cleaned"
"3424619020","OMNOVA Solutions Inc","0001090061","cleaned"
"3065880020","ONEOK Partners LP","0000909281","cleaned"
"2463389020","OPNET Technologies Inc","0001108924","cleaned"
"3723627020","ORBCOMM Inc","0001361983","cleaned"
"2159938020","OSI Pharmaceuticals Inc","0000729922","cleaned"
"1809140020","OSI Restaurant Partners Inc","0000874691","cleaned"
"1880321020","Oakley Inc","0000946356","cleaned"
"3363056020","Oaktree Capital Group LLC","0001403528","cleaned"
"2506328020","Obagi Medical Products Inc","0001375247","cleaned"
"2818715020","Ocata Therapeutics Inc","0001140098","cleaned"
"2220918020","Occam Networks Inc","0001108450","cleaned"
"3938311020","Ocean Bio-Chem Inc","0000350737","cleaned"
"3222250020","Oclaro Inc","0001110647","cleaned"
"2186113020","Odyssey HealthCare Inc","0001129623","cleaned"
"2497239020","OfficeMax Inc","0000012978","cleaned"
"2568977020","Official Payments Holdings Inc","0001045150","cleaned"
"1913999020","Oglebay Norton Co","0000073918","cleaned"
"1865247020","Ohio Casualty Corp","0000073952","cleaned"
"3007581020","Ohio Legacy Corp","0001096654","cleaned"
"3433595020","Old Line Bancshares Inc","0001253317","cleaned"
"3160925020","Omega Protein Corp","0001053650","cleaned"
"2632546020","OmniAmerican Bancorp Inc","0001470795","cleaned"
"3434197020","OmniComm Systems Inc","0001034592","cleaned"
"2664497020","OmniVision Technologies Inc","0001106851","cleaned"
"2746063020","Omnicare Inc","0000353230","cleaned"
"2525000020","Omthera Pharmaceuticals Inc","0001477598","cleaned"
"3098773020","OneBeacon Insurance Group Ltd","0001369817","cleaned"
"2390683020","Onvia Inc","0001100917","cleaned"
"2366130020","Onyx Pharmaceuticals Inc","0001012140","cleaned"
"1802031020","Open Solutions Inc","0000873538","cleaned"
"2053787020","OpenTV Corp","0001096958","cleaned"
"2645911020","OpenTable Inc","0001125914","cleaned"
"2316305020","Ophthalmic Imaging Systems Inc","0000885317","cleaned"
"1782654020","Opinion Research Corp","0000911673","cleaned"
"2697155020","Oplink Communications Inc","0001022225","cleaned"
"2400201020","Opnext Inc","0001157780","cleaned"
"2953328020","Opower Inc","0001412043","cleaned"
"1890584020","Opsware Inc","0001100813","cleaned"
"2500423020","Optimer Pharmaceuticals Inc","0001142576","cleaned"
"1978569020","Optium Corp","0001219169","cleaned"
"3509360020","Opus Bank","0001697463","cleaned"
"3151271020","Orbital ATK Inc","0000866121","cleaned"
"2717312020","Orbitz Worldwide Inc","0001394159","cleaned"
"2297787020","Orchid Cellmark Inc","0001107216","cleaned"
"1813800020","Oregon Steel Mills Inc","0000830260","cleaned"
"2309444020","Orthovita Inc","0000913756","cleaned"
"2438946020","Osage Bancshares Inc","0001375336","cleaned"
"2211884020","Osteotech Inc","0000874734","cleaned"
"3613849020","Otelco Inc","0001288359","cleaned"
"2219814020","Otix Global Inc","0001105982","cleaned"
"2501264020","Outdoor Channel Holdings Inc","0000760326","cleaned"
"2987124020","Outerwall Inc","0000941604","cleaned"
"1744392020","Outlook Group Corp","0000867490","cleaned"
"2505913020","Overhill Farms Inc","0001101020","cleaned"
"2637890020","Overland Storage Inc","0000889930","cleaned"
"3307556020","Owens Realty Mortgage Inc","0001556364","cleaned"
"2333741020","PAETEC Holding Corp","0001372041","cleaned"
"3116727020","PAREXEL International Corp","0000799729","cleaned"
"3468797020","PB Bancorp Inc","0001652106","cleaned"
"3955213020","PBF Logistics LP","0001582568","cleaned"
"3419986020","PCM Inc","0000937941","cleaned"
"2157415020","PECO II Inc","0000845072","cleaned"
"3217351020","PHH Corp","0000077776","cleaned"
"2649022020","PLX Technology Inc","0000850579","cleaned"
"2812309020","PMC-Sierra Inc","0000767920","cleaned"
"2748992020","PMFG Inc","0001422862","cleaned"
"3701775020","PRA Health Sciences Inc","0001613859","cleaned"
"1891763020","PRA International","0001293243","cleaned"
"3680236020","PRGX Global Inc","0001007330","cleaned"
"2309418020","PRIMEDIA Inc","0000884382","cleaned"
"3912535020","PS Business Parks Inc","0000870576","cleaned"
"2462619020","PSS World Medical Inc","0000920527","cleaned"
"2497551020","PVF Capital Corp","0000928592","cleaned"
"1830698020","PW Eagle Inc","0000852426","cleaned"
"1850554020","PYR Energy Corp","0001016289","cleaned"
"3058624020","Pacific Continental Corp","0001084717","cleaned"
"1767728020","Pacific Energy Partners LP","0001168397","cleaned"
"1970996020","Packeteer Inc","0001011344","cleaned"
"2185003020","Pactiv Corp","0001089976","cleaned"
"2751561020","Pall Corp","0000075829","cleaned"
"2172756020","Palm Inc","0001100389","cleaned"
"2745517020","Palmetto Bancshares Inc","0000706874","cleaned"
"2505633020","Palomar Medical Technologies Inc","0000881695","cleaned"
"2087050020","Pamrapo Bancorp Inc","0000854071","cleaned"
"1775370020","Pan Pacific Retail Properties Inc","0001040454","cleaned"
"3089153020","Panera Bread Co","0000724606","cleaned"
"2707389020","Pantry Inc","0000915862","cleaned"
"3097460020","Paragon Commercial Corp","0001414374","cleaned"
"2108386020","Parallel Petroleum Corp","0000750561","cleaned"
"2700448020","Paramount Gold & Silver Corp","0001342854","cleaned"
"2319641020","Parkvale Financial Corp","0000820907","cleaned"
"3122139020","Parkway Inc","0001677761","cleaned"
"2952899020","Parkway Properties Inc","0000729237","cleaned"
"2374734020","Parlux Fragrances Inc","0000802356","cleaned"
"3649697020","Parsley Energy Inc","0001594466","cleaned"
"1889692020","Partners Trust Financial Group Inc","0001163345","cleaned"
"2729685020","Patapsco Bancorp Inc","0001003961","cleaned"
"2585287020","Patheon Inc","0001400431","cleaned"
"1843578020","Pathmark Stores Inc","0000095585","cleaned"
"2598403020","Patient Safety Technologies Inc","0000812301","cleaned"
"3472883020","Pattern Energy Group Inc","0001561660","cleaned"
"1851481020","Paxar Corp","0000075681","cleaned"
"3432556020","Peak Resorts Inc","0001517401","cleaned"
"1862540020","Pediatric Services of America Inc","0000893430","cleaned"
"2709399020","Peerless Systems Corp","0000897893","cleaned"
"2215110020","Peerless Systems Corp","0000897893","cleaned"
"1802384020","Pemstar Inc","0000924829","cleaned"
"2685880020","Penford Corp","0000739608","cleaned"
"1827926020","Penn Laurel Financial Corp","0000797096","cleaned"
"2343188020","Penn Millers Holding Corp","0001453820","cleaned"
"3655791020","Penn Virginia Corp","0000077159","cleaned"
"1808408020","PennFed Financial Services Inc","0000920945","cleaned"
"2239042020","Pennichuck Corp","0000788885","cleaned"
"2563341020","Penseco Financial Services Corp","0001054508","cleaned"
"2209643020","Penwest Pharmaceuticals Co","0001047188","cleaned"
"3700450020","People's United Financial Inc","0001378946","cleaned"
"2001494020","PeopleSupport Inc","0001289001","cleaned"
"1775403020","Peoples Energy Corp","0000077385","cleaned"
"2661901020","Peoples Federal Bancshares Inc","0001485964","cleaned"
"3933870020","Peoples Sidney Financial Corp","0001031340","cleaned"
"2632713020","Pepco Holdings Inc","0001135971","cleaned"
"2104829020","Peplin Inc","0001408808","cleaned"
"2066477020","Pepsi Bottling Group Inc","0001076405","cleaned"
"2066470020","PepsiAmericas Inc","0000948086","cleaned"
"1809193020","Per-Se Technologies Inc","0000878556","cleaned"
"2666755020","Peregrine Semiconductor Corp","0000880177","cleaned"
"2797839020","Pericom Semiconductor Corp","0001001426","cleaned"
"2109995020","Perot Systems Corp","0000894253","cleaned"
"3294589020","Pershing Gold Corp","0001432196","cleaned"
"2441693020","Pervasive Software Inc","0001042821","cleaned"
"2665787020","PetSmart Inc","0000863157","cleaned"
"1776756020","Petco Animal Supplies Inc","0000888455","cleaned"
"2640969020","PetroLogistics LP","0001523733","cleaned"
"2328815020","Petrohawk Energy Corp","0001059324","cleaned"
"3134012020","PharMerica Corp","0001388195","cleaned"
"2047836020","PharmaNet Development Group Inc","0001089542","cleaned"
"2337062020","Pharmaceutical Product Development Inc","0001003124","cleaned"
"2727596020","Pharmacyclics Inc","0000949699","cleaned"
"2364013020","Pharmasset Inc","0001301081","cleaned"
"1925147020","Pharmion Corp","0001203866","cleaned"
"2010668020","Pharsight Corp","0001040853","cleaned"
"2174882020","Phase Forward Inc","0001050180","cleaned"
"1813496020","Phelps Dodge Corp","0000078066","cleaned"
"3268326020","Phillips Edison Grocery Center REIT II Inc","0001581405","cleaned"
"2212170020","Phoenix Technologies Ltd","0000832767","cleaned"
"1990722020","Photon Dynamics Inc","0001002663","cleaned"
"1928449020","Photoworks Inc","0001366480","cleaned"
"2454650020","Physicians Formula Holdings Inc","0001269871","cleaned"
"2814297020","Piedmont Natural Gas Co Inc","0000078460","cleaned"
"2661170020","Pike Corp","0001317577","cleaned"
"3270687020","Pilgrim Bancshares Inc","0001601347","cleaned"
"2361383020","Pinnacle Data Systems Inc","0001004608","cleaned"
"3395450020","Pioneer Railcorp","0000796374","cleaned"
"3441785020","Pivotal Software Inc","0001574135","cleaned"
"2474162020","Plains Exploration & Production Co","0000891456","cleaned"
"3307784020","Plantronics Inc","0000079035","cleaned"
"2168469020","Plato Learning Inc","0000893965","cleaned"
"1887633020","Playtex Products Inc","0000842699","cleaned"
"2818341020","Plum Creek Timber Co Inc","0000849213","cleaned"
"3208337020","Ply Gem Holdings Inc","0001284807","cleaned"
"3266292020","Poage Bankshares Inc","0001511071","cleaned"
"1888628020","Pogo Producing Co","0000230463","cleaned"
"1900813020","PolyMedica Corp","0000878748","cleaned"
"2981771020","Polycom Inc","0001010552","cleaned"
"2171620020","Polymer Group Inc","0000927417","cleaned"
"2726670020","Polypore International Inc","0001292556","cleaned"
"2111939020","Pomeroy IT Solutions Inc","0000883979","cleaned"
"3069754020","Popeyes Louisiana Kitchen Inc","0001041379","cleaned"
"1752095020","Portal Software Inc","0001080306","cleaned"
"2156762020","Portec Rail Products Inc","0001263074","cleaned"
"3571445020","Portola Pharmaceuticals Inc","0001269021","cleaned"
"1951418020","Possis Medical Inc","0000079677","cleaned"
"2994591020","Post Properties Inc","0000903127","cleaned"
"2514983020","Power-One Inc","0001042825","cleaned"
"2923722020","PowerSecure International Inc","0000882154","cleaned"
"1824377020","Praecis Pharmaceuticals Inc","0001033025","cleaned"
"2789583020","Precision Castparts Corp","0000079958","cleaned"
"3875287020","Preferred Apartment Communities Inc","0001481832","cleaned"
"2799523020","Premiere Global Services Inc","0000880804","cleaned"
"1793778020","Premium Standard Farms Inc","0001143967","cleaned"
"2433479020","Presidential Life Corp","0000080124","cleaned"
"2992876020","Press Ganey Holdings Inc","0001633142","cleaned"
"2235726020","Pride International Inc","0000833081","cleaned"
"2679868020","Primary Energy Recycling Corp","0001471667","cleaned"
"3501569020","Primo Water Corp","0001365101","cleaned"
"2436438020","Princeton Security Technologies Inc","0001391614","cleaned"
"3622273020","Principia Biopharma Inc","0001510487","cleaned"
"1910975020","Printronix Inc","0000311505","cleaned"
"1954191020","ProCentury Corp","0001273397","cleaned"
"3642521020","ProSight Global Inc","0001634038","cleaned"
"1804209020","Procom Technology Inc","0001025711","cleaned"
"1970754020","Production Enhancement Group Inc","0001394114","cleaned"
"2994851020","Professional Diversity Network Inc","0001546296","cleaned"
"2194713020","Proginet Corp","0000934868","cleaned"
"2268963020","Progress Energy Inc","0001094093","cleaned"
"3732887020","Proofpoint Inc","0001212458","cleaned"
"2211521020","Prospect Medical Holdings Inc","0001063561","cleaned"
"2175862020","Protection One Inc","0000916230","cleaned"
"2642099020","Protective Life Corp","0000355429","cleaned"
"1790231020","Provena Foods Inc","0000814139","cleaned"
"3883327020","Prudential Bancorp Inc","0001578776","cleaned"
"1918715020","Puget Energy Inc","0000801339","cleaned"
"1973440020","Pyramid Breweries Inc","0001001917","cleaned"
"3954778020","Pzena Investment Management Inc","0001399249","cleaned"
"3763846020","QAD Inc","0001036188","cleaned"
"3676521020","QEP Resources Inc","0001108827","cleaned"
"2658257020","QR Energy LP","0001502012","cleaned"
"3751041020","QTS Realty Trust Inc","0001577368","cleaned"
"2966200020","Qlik Technologies Inc","0001305294","cleaned"
"1947440020","Quadra Realty Trust Inc","0001380501","cleaned"
"2135431020","QuadraMed Corp","0001018833","cleaned"
"3238440020","Quality Care Properties Inc","0001677203","cleaned"
"2750038020","Quality Distribution Inc","0000922863","cleaned"
"1925547020","Quanex Corp","0000276889","cleaned"
"3371936020","Quantenna Communications Inc","0001370702","cleaned"
"1837347020","Queenstake Resources Ltd","0000904121","cleaned"
"2418554020","Quest Software Inc","0001088033","cleaned"
"2915467020","Questar Corp","0000751652","cleaned"
"2626266020","Questcor Pharmaceuticals Inc","0000891288","cleaned"
"2142826020","Quixote Corp","0000032870","cleaned"
"1855430020","Quovadx Inc","0001094561","cleaned"
"2154221020","Qwest Communications International Inc","0001037949","cleaned"
"2373963020","RAM Energy Resources Inc","0001282648","cleaned"
"1898450020","RARE Hospitality International Inc","0000883976","cleaned"
"2288819020","RC2 Corp","0001034239","cleaned"
"2161777020","RCN Corp","0000914241","cleaned"
"3240175020","RPX Corp","0001509432","cleaned"
"3814603020","RR Donnelley & Sons Co","0000029669","cleaned"
"3229223020","RSP Permian Inc","0001588216","cleaned"
"3464147020","Ra Pharmaceuticals Inc","0001481512","cleaned"
"2991851020","Rackspace Hosting Inc","0001107694","cleaned"
"3262565020","RadiSys Corp","0000873044","cleaned"
"2327605020","Radiant Systems Inc","0000845818","cleaned"
"1775105020","Radiologix Inc","0001031329","cleaned"
"1976841020","Radyne Corp","0000718573","cleaned"
"1733433020","Raindance Communications Inc","0001046832","cleaned"
"2471497020","Ralcorp Holdings Inc","0000918021","cleaned"
"2756389020","Rally Software Development Corp","0001313911","cleaned"
"3361122020","Rand Capital Corp","0000081955","cleaned"
"3895391020","Randolph Bancorp Inc","0001667161","cleaned"
"3004346020","Raptor Pharmaceutical Corp","0001070698","cleaned"
"3758870020","Raven Industries Inc","0000082166","cleaned"
"2976913020","ReachLocal Inc","0001297336","cleaned"
"1812775020","Readers Digest Association Inc","0000858558","cleaned"
"2818449020","RealD Inc","0001327471","cleaned"
"3676327020","RealPage Inc","0001286225","cleaned"
"3955298020","Realnetworks Inc","0001046327","cleaned"
"1822603020","Realogy Corp","0001355001","cleaned"
"2762357020","Receptos Inc","0001463729","cleaned"
"1782164020","Reckson Associates Realty Corp","0000930548","cleaned"
"3683285020","Red Lion Hotels Corp","0001052595","cleaned"
"1823386020","Redback Networks Inc","0001081290","cleaned"
"3183202020","Regal Entertainment Group","0001168696","cleaned"
"2718307020","Regency Energy Partners LP","0001338613","cleaned"
"2951270020","Regent Bancorp Inc","0001161923","cleaned"
"2278471020","RehabCare Group Inc","0000812191","cleaned"
"2985739020","Relypsa Inc","0001416792","cleaned"
"1759457020","Remedytemp Inc","0001013467","cleaned"
"3587323020","Renaissance Gold Inc","0001514872","cleaned"
"2337312020","Renaissance Learning Inc","0001030484","cleaned"
"1906880020","Renovis Inc","0001118361","cleaned"
"1783292020","Rent-Way Inc","0000893046","cleaned"
"2806212020","Rentrak Corp","0000800458","cleaned"
"1891110020","Republic Property Trust","0001335686","cleaned"
"3310808020","Resolute Energy Corp","0001469510","cleaned"
"3874329020","Resonant Inc","0001579910","cleaned"
"1937132020","Respironics Inc","0000780434","cleaned"
"2595273020","Responsys Inc","0001084817","cleaned"
"1922741020","Restoration Hardware Inc","0000863821","cleaned"
"3773667020","Retail Properties of America Inc","0001222840","cleaned"
"3091154020","RetailMeNot Inc","0001475274","cleaned"
"2191890020","Rewards Network Inc","0000078536","cleaned"
"1783159020","Reynolds & Reynolds Co","0000083588","cleaned"
"3020752020","Reynolds American Inc","0001275283","cleaned"
"3116235020","Rice Energy Inc","0001588238","cleaned"
"3239039020","Rice Midstream Partners LP","0001620928","cleaned"
"2635078020","Richfield Oil & Gas Co","0001537834","cleaned"
"1746421020","Ridgestone Financial Services Inc","0001001791","cleaned"
"3676713020","RigNet Inc","0001162112","cleaned"
"2355904020","RightNow Technologies Inc","0001111247","cleaned"
"3114582020","Rightside Group Ltd","0001589094","cleaned"
"2149366020","RiskMetrics Group Inc","0001295172","cleaned"
"1815975020","Rita Medical Systems Inc","0001056421","cleaned"
"2814879020","River Valley Bancorp","0001015593","cleaned"
"2182035020","Rock of Ages Corp","0000084581","cleaned"
"3128674020","Rocket Fuel Inc","0001477200","cleaned"
"3135305020","Rockwell Collins Inc","0001137411","cleaned"
"2655953020","Rockwood Holdings Inc","0001315695","cleaned"
"2934795020","Rofin-Sinar Technologies Inc","0001019361","cleaned"
"1994852020","Rohm & Haas Co","0000084792","cleaned"
"2751331020","Rosetta Resources Inc","0001340282","cleaned"
"3628544020","Rosetta Stone Inc","0001351285","cleaned"
"2819185020","Roundy's Inc","0001536035","cleaned"
"2899175020","Rouse Properties Inc","0001528558","cleaned"
"3065553020","Royal Bancshares of Pennsylvania Inc","0000922487","cleaned"
"3778577020","Royal Financial Inc","0001303531","cleaned"
"3164202020","Ruby Tuesday Inc","0000068270","cleaned"
"2942217020","Ruckus Wireless Inc","0001294016","cleaned"
"3419875020","Rudolph Technologies Inc","0001094392","cleaned"
"1186486020","Rural Cellular Corp","0000869561","cleaned"
"2294250020","Rural/Metro Corp","0000792487","cleaned"
"1752986020","Russell Corp","0000085812","cleaned"
"1891133020","Ryerson Inc","0000790528","cleaned"
"2762646020","Ryland Group Inc","0000085974","cleaned"
"2304069020","SAVVIS Inc","0001058444","cleaned"
"1744252020","SBS Technologies Inc","0000880208","cleaned"
"3198733020","SCANA Corp","0000754737","cleaned"
"1914775020","SCPIE Holdings Inc","0001013609","cleaned"
"2368262020","SE Financial Corp","0001277138","cleaned"
"3669464020","SEACOR Holdings Inc","0000859598","cleaned"
"1029034020","SEMCO Energy Inc","0000277158","cleaned"
"2330648020","SFN Group Inc","0000914536","cleaned"
"2547011020","SHFL entertainment Inc","0000718789","cleaned"
"2007166020","SI International Inc","0001143363","cleaned"
"1801733020","SITEL Corp","0000943820","cleaned"
"2764987020","SL Industries Inc","0000089270","cleaned"
"2634258020","SP Bancorp Inc","0001493182","cleaned"
"2094434020","SPSS Inc","0000869570","cleaned"
"3830079020","SPX FLOW Inc","0001641991","cleaned"
"3440201020","SRC Energy Inc","0001413507","cleaned"
"2422724020","SRI/Surgical Express Inc","0001014041","cleaned"
"2406523020","SRS Labs Inc","0001016470","cleaned"
"2664914020","STR Holdings Inc","0001473597","cleaned"
"2600718020","SWS Group Inc","0000878520","cleaned"
"2723556020","Saba Software Inc","0001070380","cleaned"
"1819992020","Sabre Holdings Corp","0001020265","cleaned"
"2547043020","Saehan Bancorp","0001065651","cleaned"
"1845403020","SafeNet Inc","0000850313","cleaned"
"1971795020","Safeco Corp","0000086104","cleaned"
"2611425020","Safeway Inc","0000086144","cleaned"
"2898164020","Sagent Pharmaceuticals Inc","0001369786","cleaned"
"3900673020","Sailpoint Technologies Holdings Inc","0001627857","cleaned"
"2523633020","Saks Inc","0000812900","cleaned"
"2717301020","Salix Pharmaceuticals Ltd","0001009356","cleaned"
"3759756020","Sanderson Farms Inc","0000812128","cleaned"
"1760850020","Sands Regent","0000753899","cleaned"
"2582065020","Santarus Inc","0001172480","cleaned"
"2691164020","Sapient Corp","0001008817","cleaned"
"2619000020","Schawk Inc","0000719164","cleaned"
"2055967020","Schering Plough Corp","0000310158","cleaned"
"2468450020","Schiff Nutrition International Inc","0001022368","cleaned"
"2637310020","Schuff International Inc","0001038368","cleaned"
"3043982020","SciClone Pharmaceuticals Inc","0000880771","cleaned"
"2965097020","SciQuest Inc","0001082526","cleaned"
"2008315020","Sciele Pharma Inc","0001106773","cleaned"
"3674972020","Scientific Learning Corp","0001042173","cleaned"
"3129247020","Scripps Networks Interactive Inc","0001430602","cleaned"
"2445345020","SeaBright Holdings Inc","0001267201","cleaned"
"2488748020","SeaCube Container Leasing Ltd","0001487999","cleaned"
"2454643020","Sealy Corp","0000748015","cleaned"
"2013897020","Secure Computing Corp","0001001916","cleaned"
"1734353020","Segue Software Inc","0000894572","cleaned"
"1787726020","Seitel Inc","0000750813","cleaned"
"3750490020","Select Bancorp Inc","0001263762","cleaned"
"3288419020","Select Income REIT","0001537667","cleaned"
"3453292020","SemGroup Corp","0001489136","cleaned"
"2128542020","Semitool Inc","0000934550","cleaned"
"3299127020","SendGrid Inc","0001477425","cleaned"
"2180886020","SenoRx Inc","0001097136","cleaned"
"3288432020","Senomyx Inc","0001123979","cleaned"
"1789114020","Sentigen Holding Corp","0000864890","cleaned"
"2988325020","Sequenom Inc","0001076481","cleaned"
"2333751020","SeraCare Life Sciences Inc","0001156295","cleaned"
"1754947020","Serologicals Corp","0000767673","cleaned"
"2033846020","Service Bancorp Inc","0001063939","cleaned"
"1816031020","ServiceMaster Co","0001052045","cleaned"
"3917607020","ServiceSource International Inc","0001310114","cleaned"
"2323124020","Servidyne Inc","0000001923","cleaned"
"3128101020","Sevcon Inc","0000825411","cleaned"
"3047700020","Seventy Seven Energy Inc","0001532930","cleaned"
"3705196020","Severn Bancorp Inc","0000868271","cleaned"
"3760797020","SharpSpring Inc","0001506439","cleaned"
"3947812020","Sharps Compliance Corp","0000898770","cleaned"
"2459488020","Shona Energy Co Inc","0001386166","cleaned"
"3132031020","ShoreTel Inc","0001388133","cleaned"
"3409719020","Shutterfly Inc","0001125920","cleaned"
"2049462020","SiRF Technology Holdings Inc","0001163943","cleaned"
"3001505020","Siebert Financial Corp","0000065596","cleaned"
"1847445020","Sierra Health Services Inc","0000754009","cleaned"
"3902102020","Sierra Oncology Inc","0001290149","cleaned"
"1949393020","SigmaTel Inc","0001043639","cleaned"
"2994433020","Silicon Graphics International Corp","0001316625","cleaned"
"2714829020","Silicon Image Inc","0001003214","cleaned"
"2152760020","Silicon Storage Technology Inc","0000855906","cleaned"
"3074637020","Silver Bay Realty Trust Corp","0001557255","cleaned"
"2988937020","Silver Run Acquisition Corp","0001658566","cleaned"
"3151793020","Silver Spring Networks Inc","0001180079","cleaned"
"2277585020","Silverleaf Resorts Inc","0001033032","cleaned"
"2351745020","Simon Worldwide Inc","0000864264","cleaned"
"1968885020","Simtek Corp","0000817516","cleaned"
"1865697020","Sipex Corp","0001007800","cleaned"
"1897226020","Sirenza Microdevices Inc","0001103777","cleaned"
"1806871020","Sirna Therapeutics Inc","0000892112","cleaned"
"2801043020","Sirona Dental Systems Inc","0001014507","cleaned"
"1890165020","Sistersville Bancorp Inc","0001035372","cleaned"
"1783232020","Sizeler Property Investors Inc","0000805419","cleaned"
"2990719020","Sizmek Inc","0001591877","cleaned"
"2110896020","SkyTerra Communications Inc","0000756502","cleaned"
"3346529020","Smart & Final Stores Inc","0001563407","cleaned"
"2303675020","Smart Modular Technologies (WWH)Inc","0001326973","cleaned"
"1843235020","Smith & Wollensky Restaurant Group Inc","0001137047","cleaned"
"2157465020","Smith International Inc","0000721083","cleaned"
"2034070020","Smith Investment Co","0000046497","cleaned"
"2525484020","Smithfield Foods Inc","0000091388","cleaned"
"1851804020","Smithway Motor Xpress Corp","0000941914","cleaned"
"3191803020","Snyder's-Lance Inc","0000057528","cleaned"
"2081802020","SoftBrands Inc","0001311926","cleaned"
"2974484020","SolarCity Corp","0001408356","cleaned"
"2813078020","SolarWinds Inc","0001428669","cleaned"
"1873968020","Solectron Corp","0000835541","cleaned"
"2799502020","Solera Holdings Inc","0001324245","cleaned"
"3738569020","Soliton Inc","0001548187","cleaned"
"2593539020","Solta Medical Inc","0001171298","cleaned"
"2383403020","Solutia Inc","0001043382","cleaned"
"2192965020","Somanetics Corp","0000704328","cleaned"
"1771464020","Somera Communications Inc","0001094243","cleaned"
"2491212020","Somerset Hills Bancorp","0001189396","cleaned"
"2359288020","Sonesta International Hotels Corp","0000091741","cleaned"
"3292416020","Sonic Corp","0000868611","cleaned"
"2189166020","SonicWALL Inc","0001093885","cleaned"
"2359399020","SonoSite Inc","0001055355","cleaned"
"1968943020","Sorbent Technologies Corp","0001136456","cleaned"
"2523416020","SoundBite Communications Inc","0001163698","cleaned"
"1741247020","SourceCorp Inc","0000936931","cleaned"
"2549016020","Sourcefire Inc","0001168195","cleaned"
"2597536020","South Street Financial Corp","0001014964","cleaned"
"2160958020","SouthWest Water Co","0000092472","cleaned"
"3732036020","Southcrest Financial Group Inc","0001279756","cleaned"
"2972883020","Southeastern Bank Financial Corp","0000880116","cleaned"
"1785312020","Southern Energy Homes Inc","0000896397","cleaned"
"2319582020","Southern Union Co","0000203248","cleaned"
"1801353020","Sovereign Bancorp Inc","0000811830","cleaned"
"3098366020","Span-America Medical Systems Inc","0000718924","cleaned"
"2700767020","Spansion Inc","0001322705","cleaned"
"3351402020","Spark Therapeutics Inc","0001609351","cleaned"
"2462157020","Spartech Corp","0000077597","cleaned"
"3321607020","Sparton Corp","0000092679","cleaned"
"2141500020","Special Opportunities Fund Inc","0000897802","cleaned"
"1959579020","Specialized Health Products International Inc","0000790228","cleaned"
"2084317020","Specialty Underwriters Alliance Inc","0001297568","cleaned"
"3002337020","Spectra Energy Corp","0001373835","cleaned"
"1838084020","SpectraLink Corp","0000894268","cleaned"
"3120407020","Spectranetics Corp","0000789132","cleaned"
"2294228020","Spectrum Control Inc","0000092769","cleaned"
"3385141020","Speedway Motorsports Inc","0000934648","cleaned"
"1848075020","Spirit Finance Corp","0001277406","cleaned"
"2651932020","Sport Chalet Inc","0000892907","cleaned"
"1758440020","Sports Resorts International Inc","0000771249","cleaned"
"1757982020","Sportsmans Guide Inc","0000791450","cleaned"
"3239609020","Sprint Corp","0000101830","cleaned"
"2728851020","Square 1 Financial Inc","0001329799","cleaned"
"1804423020","St Joseph Capital Corp","0001015856","cleaned"
"2795211020","St Jude Medical Inc","0000203077","cleaned"
"1941733020","St Lawrence Energy Corp","0000917821","cleaned"
"2779222020","StanCorp Financial Group Inc","0001079577","cleaned"
"3641560020","Standard AVB Financial Corp","0001492915","cleaned"
"2410769020","Standard Microsystems Corp","0000093384","cleaned"
"2181665020","Stanley Inc","0001360555","cleaned"
"3088971020","Staples Inc","0000791519","cleaned"
"2808152020","Starz","0001507934","cleaned"
"3770157020","State Auto Financial Corp","0000874977","cleaned"
"3243715020","State Bank Financial Corp","0001497275","cleaned"
"2797372020","State Investors Bancorp Inc","0001513971","cleaned"
"1817680020","Station Casinos Inc","0000898660","cleaned"
"3776783020","Steadfast Apartment REIT Inc","0001585219","cleaned"
"1844040020","Steel Technologies Inc","0000771790","cleaned"
"2558097020","Steinway Musical Instruments Inc","0000911583","cleaned"
"2528753020","StellarOne Corp","0001036070","cleaned"
"1808360020","Stellent Inc","0000867347","cleaned"
"3571132020","Stemline Therapeutics Inc","0001264587","cleaned"
"2165867020","Sterling Banks Inc","0001358697","cleaned"
"3468243020","Steuben Trust Corp","0000860676","cleaned"
"3416836020","Stewardship Financial Corp","0001023860","cleaned"
"1738316020","Stewart & Stevenson Services Inc","0000094328","cleaned"
"2525556020","Stewart Enterprises Inc","0000878522","cleaned"
"3064840020","Stonegate Mortgage Corp","0001454389","cleaned"
"3096585020","Straight Path Communications Inc","0001574460","cleaned"
"1856754020","Stratagene Corp","0001108674","cleaned"
"2779265020","Strategic Hotels & Resorts Inc","0001057436","cleaned"
"1849768020","Stratos Global Corp","0001178832","cleaned"
"1867513020","Stratos International Inc","0001111721","cleaned"
"2003902020","Stream Global Services Inc","0001405287","cleaned"
"1870036020","Stride Rite Corp","0000094887","cleaned"
"3748040020","Strongbridge Biopharma PLC","0001634432","cleaned"
"2221188020","Student Loan Corp","0000893955","cleaned"
"2976857020","Suffolk Bancorp","0000754673","cleaned"
"2063623020","SumTotal Systems Inc","0001269132","cleaned"
"3890680020","Summer Infant Inc","0001314772","cleaned"
"2426543020","Sun Healthcare Group Inc","0000904978","cleaned"
"1906000020","SunCom Wireless Holdings Inc","0001091973","cleaned"
"2995939020","SunEdison Semiconductor Ltd","0001585854","cleaned"
"2304545020","SunPower Corp","0000867773","cleaned"
"3343793020","SunTrust Banks Inc","0000750556","cleaned"
"2112962020","Sunair Services Corp","0000095366","cleaned"
"3759331020","Sunnyside Bancorp Inc","0001571398","cleaned"
"2410088020","Sunoco Inc","0000095304","cleaned"
"2444025020","Sunrise Senior Living Inc","0001011064","cleaned"
"3138204020","Sunshine Bancorp Inc","0001599891","cleaned"
"1847492020","Sunterra Corp","0001016577","cleaned"
"2443677020","SuperMedia Inc","0001367396","cleaned"
"3270917020","SuperValu Inc","0000095521","cleaned"
"1985424020","Superior Essex Inc","0001271193","cleaned"
"2209609020","Superior Well Services Inc","0001323715","cleaned"
"2608983020","Supertex Inc","0000730000","cleaned"
"2385965020","SureWest Communications Inc","0001571508","cleaned"
"3101884020","Surgery Partners Inc","0001638833","cleaned"
"2694774020","Susquehanna Bancshares Inc","0000700863","cleaned"
"2632101020","Susser Holdings Corp","0001361709","cleaned"
"2765845020","Sutron Corp","0000728331","cleaned"
"3090994020","Swift Transportation Co","0001492691","cleaned"
"1809146020","Swift Transportation Co Inc","0000863557","cleaned"
"3918059020","Switch Inc","0001648180","cleaned"
"2182859020","Sybase Inc","0000768262","cleaned"
"1752047020","Sybron Dental Specialties Inc","0001121302","cleaned"
"3758043020","Sykes Enterprises Inc","0001010612","cleaned"
"1861680020","Symbion Inc","0000720327","cleaned"
"1793780020","Symbol Technologies Inc","0000278352","cleaned"
"2789611020","Symetra Financial Corp","0001403385","cleaned"
"2577418020","Symmetricom Inc","0000082628","cleaned"
"2661185020","Symmetry Medical Inc","0001292055","cleaned"
"2953465020","Symmetry Surgical Inc","0001616101","cleaned"
"2313722020","Syms Corp","0000724742","cleaned"
"2170944020","Symyx Technologies Inc","0001095330","cleaned"
"1834872020","Synagro Technologies Inc","0000895565","cleaned"
"2254980020","Synbiotics Corp","0000719483","cleaned"
"2797324020","Synergetics USA Inc","0000836429","cleaned"
"1867382020","Synergy Financial Group Inc","0001174258","cleaned"
"2234052020","Syniverse Technologies Inc","0001172203","cleaned"
"1962538020","Synplicity Inc","0001027362","cleaned"
"3486977020","Synthorx Inc","0001609727","cleaned"
"2594418020","Syntroleum Corp","0001029023","cleaned"
"3044029020","T Bancshares Inc","0001272754","cleaned"
"2227297020","T-3 Energy Services Inc","0000879884","cleaned"
"1840250020","TALX Corp","0000917524","cleaned"
"1841390020","TB Woods Corp","0001000227","cleaned"
"3644618020","TC PipeLines LP","0001075607","cleaned"
"3672639020","TCF Financial Corp","0000814184","cleaned"
"3339293020","TCF Financial Corp","0000814184","cleaned"
"3479721020","TD Ameritrade Holding Corp","0001173431","cleaned"
"2777059020","TECO Energy Inc","0000350563","cleaned"
"2069393020","TEPPCO Partners LP","0000857644","cleaned"
"2819223020","TFC Holding Co","0001157741","cleaned"
"3751952020","TGR Financial Inc","0001551286","cleaned"
"2662338020","TIBCO Software Inc","0001085280","cleaned"
"3369770020","TIER REIT Inc","0001176373","cleaned"
"2560723020","TMS International Corp","0001491501","cleaned"
"2476228020","TNS Inc","0001268671","cleaned"
"2442716020","TPC Group Inc","0001452217","cleaned"
"2654975020","TRW Automotive Holdings Corp","0001267097","cleaned"
"3033521020","Tableau Software Inc","0001303652","cleaned"
"3309065020","Tahoe Resources Inc","0001510400","cleaned"
"2368855020","Talbots Inc","0000912263","cleaned"
"2189669020","Talecris Biotherapeutics Holdings Corp","0001405197","cleaned"
"2966688020","Talen Energy Corp","0001622536","cleaned"
"2387094020","Taleo Corp","0001134203","cleaned"
"1795863020","Talk America Holdings Inc","0000948545","cleaned"
"2907455020","Talmer Bancorp Inc","0001360683","cleaned"
"2673697020","Taminco Corp","0001547063","cleaned"
"3056110020","Tangoe Inc","0001182325","cleaned"
"1810645020","Tanox Inc","0001099414","cleaned"
"2816892020","Targa Resources Partners LP","0001379661","cleaned"
"1906222020","Target Logistics Inc","0001009480","cleaned"
"1973099020","Tarrant Apparel Group","0000944948","cleaned"
"2299073020","Tasty Baking Co","0000096412","cleaned"
"3512270020","Taubman Centers Inc","0000890319","cleaned"
"2546672020","Taylor Capital Group Inc","0001025536","cleaned"
"3190220020","Tcp International Holdings Ltd","0001545391","cleaned"
"3016773020","Team Health Holdings Inc","0001082754","cleaned"
"2468096020","Teavana Holdings Inc","0001314592","cleaned"
"3466097020","Tech Data Corp","0000790703","cleaned"
"2235871020","TechTeam Global Inc","0000805054","cleaned"
"2276710020","Technology Research Corp","0000741556","cleaned"
"2166589020","Techwell Inc","0001171529","cleaned"
"2489478020","Tecumseh Products Co","0000096831","cleaned"
"2359907020","Tekelec","0000790705","cleaned"
"1914352020","Tektronix Inc","0000096879","cleaned"
"2489284020","Telanetix Inc","0001277270","cleaned"
"2822756020","TeleCommunication Systems Inc","0001276770","cleaned"
"2577290020","Tellabs Inc","0000317771","cleaned"
"2316318020","Temple-Inland Inc","0000731939","cleaned"
"3878328020","Tenneco Inc","0001024725","cleaned"
"1984192020","Tercica Inc","0001262175","cleaned"
"2043155020","Terra Industries Inc","0000722079","cleaned"
"3011453020","TerraForm Global Inc","0001620702","cleaned"
"3110526020","Tesaro Inc","0001491576","cleaned"
"3138150020","Tesco Corp","0001022705","cleaned"
"2593089020","Texas Industries Inc","0000097472","cleaned"
"2952406020","Textura Corp","0001565337","cleaned"
"3416644020","TheStreet Inc","0001080056","cleaned"
"2521135020","Theragenics Corp","0000795551","cleaned"
"2383719020","Thomas & Betts Corp","0000097854","cleaned"
"1737043020","Thomas Nelson Inc","0000071023","cleaned"
"2563841020","Thomas Properties Group Inc","0001283709","cleaned"
"2177521020","Thomas Weisel Partners Group Inc","0001340354","cleaned"
"2980443020","Thompson Creek Metals Co Inc","0001415020","cleaned"
"2778342020","Thoratec Corp","0000350907","cleaned"
"3492135020","TiVo Corp","0001675820","cleaned"
"2938318020","TiVo Inc","0001088825","cleaned"
"2047930020","Ticketmaster Entertainment Inc","0001006637","cleaned"
"3470246020","Tiffany & Co","0000098246","cleaned"
"3177639020","Time Inc","0001591517","cleaned"
"2746685020","Time Warner Cable Inc","0001377013","cleaned"
"2467110020","Titanium Metals Corp","0001011657","cleaned"
"2253168020","Todd Shipyards Corp","0000098537","cleaned"
"1845736020","Topps Co Inc","0000812076","cleaned"
"3397174020","Total System Services Inc","0000721683","cleaned"
"2320679020","Tower Bancorp Inc","0000740942","cleaned"
"3429185020","Tower International Inc","0001485469","cleaned"
"2770144020","Towers Watson & Co","0001470215","cleaned"
"2751401020","Trade Street Residential Inc","0001299901","cleaned"
"2302698020","TradeStation Group Inc","0001111559","cleaned"
"1809158020","Traffic.com Inc","0001097503","cleaned"
"1909651020","Traffix Inc","0001000297","cleaned"
"1807113020","Trammell Crow Co","0001022438","cleaned"
"1935010020","Trane Inc","0000836102","cleaned"
"3023781020","Trans Energy Inc","0000919721","cleaned"
"1903182020","TransCommunity Financial Corp","0001140249","cleaned"
"2364032020","Transatlantic Holdings Inc","0000862510","cleaned"
"2394814020","Transcend Services Inc","0000858452","cleaned"
"2014777020","Transmeta Corp","0001001193","cleaned"
"3918598020","Trecora Resources","0000007039","cleaned"
"2768726020","Tri State 1st Bank Inc","0001010398","cleaned"
"2612237020","TriQuint Semiconductor Inc","0000913885","cleaned"
"2814450020","TriVascular Technologies Inc","0001432732","cleaned"
"1849778020","Triad Hospitals Inc","0001074771","cleaned"
"1795949020","Tribune Co","0000726513","cleaned"
"3309230020","Tribune Media Co","0000726513","cleaned"
"3684741020","Tribune Publishing Co","0001593195","cleaned"
"3305854020","Trinity Capital Corp","0000099771","cleaned"
"1784591020","Tripath Imaging Inc","0001041426","cleaned"
"2551030020","Trius Therapeutics Inc","0001356857","cleaned"
"1765696020","Trizec Properties Inc","0001161935","cleaned"
"2210871020","Trubion Pharmaceuticals Inc","0001298521","cleaned"
"2458271020","True Religion Apparel Inc","0001160858","cleaned"
"1806862020","Trustreet Properties Inc","0001032462","cleaned"
"3034315020","TubeMogul Inc","0001449278","cleaned"
"2597079020","Tufco Technologies Inc","0000895329","cleaned"
"1984679020","Tumbleweed Communications Corp","0001022509","cleaned"
"2928830020","Tumi Holdings Inc","0001535031","cleaned"
"2003836020","Turbochef Technologies Inc","0000916545","cleaned"
"1824340020","Tut Systems Inc","0000878436","cleaned"
"1923683020","Tutogen Medical Inc","0000816949","cleaned"
"2085474020","Tween Brands Inc","0001085482","cleaned"
"3441961020","Two River Bancorp","0001343034","cleaned"
"3945651020","Tyme Technologies Inc","0001537917","cleaned"
"3294228020","TyraTech Inc","0001403284","cleaned"
"1929906020","UAP Holding Corp","0001279529","cleaned"
"3091428020","UCP Inc","0001572684","cleaned"
"2727718020","UIL Holdings Corp","0001082510","cleaned"
"2592173020","UNS Energy Corp","0000941138","cleaned"
"3336550020","UQM Technologies Inc","0000315449","cleaned"
"2655375020","URS Corp","0001092043","cleaned"
"2282119020","US 1 Industries Inc","0000351498","cleaned"
"1928520020","US BioEnergy Corp","0001332341","cleaned"
"3751027020","US Concrete Inc","0001073429","cleaned"
"3872375020","US Ecology Inc","0000742126","cleaned"
"3205792020","US Geothermal Inc","0001172136","cleaned"
"2440105020","US Home Systems Inc","0000844789","cleaned"
"1881257020","US Xpress Enterprises Inc","0000923571","cleaned"
"3939722020","USA Truck Inc","0000883945","cleaned"
"3228181020","USG Corp","0000757011","cleaned"
"1830671020","USI Holdings Corp","0001102643","cleaned"
"3002849020","USMD Holdings Inc","0001507881","cleaned"
"2009837020","UST Inc","0000811669","cleaned"
"2809995020","UTi Worldwide Inc","0001124827","cleaned"
"1753819020","Ubiquitel Inc","0001108487","cleaned"
"3342283020","Ultimate Software Group Inc","0001016125","cleaned"
"3066310020","Ultratech Inc","0000909791","cleaned"
"2211131020","Unica Corp","0001138804","cleaned"
"2775727020","Unilens Vision Inc","0000852564","cleaned"
"1804162020","Unioil","0000352710","cleaned"
"2453655020","Union Drilling Inc","0001133260","cleaned"
"2175786020","Union National Financial Corp","0000801960","cleaned"
"2600109020","United Bancorp Inc","0001196969","cleaned"
"2549472020","United Commerce Bancorp","0001317815","cleaned"
"3451661020","United Community Financial Corp","0000707886","cleaned"
"2142841020","United Fuel & Energy Corp","0001137031","cleaned"
"2281383020","United PanAm Financial Corp","0001049231","cleaned"
"1985452020","United Rentals Inc","0001047166","cleaned"
"1828187020","United Surgical Partners International Inc","0001101723","cleaned"
"2235507020","United Western Bancorp Inc","0000944725","cleaned"
"3246748020","Universal Power Group Inc","0001372000","cleaned"
"1756972020","Univision Communications Inc","0001017008","cleaned"
"2709408020","Uroplasty Inc","0000890846","cleaned"
"3058480020","VCA Inc","0000817366","cleaned"
"2124540020","VCG Holding Corp","0001172852","cleaned"
"3734977020","VEREIT Inc","0001507385","cleaned"
"1867312020","VIASYS Healthcare Inc","0001123361","cleaned"
"2383031020","VIST Financial Corp","0000775662","cleaned"
"2071769020","VNUS Medical Technologies Inc","0001040666","cleaned"
"3496072020","VSB Bancorp Inc","0001225874","cleaned"
"2594213020","Valassis Communications Inc","0000883293","cleaned"
"2194149020","Valeant Pharmaceuticals International Inc","0000885590","cleaned"
"1820557020","Valera Pharmaceuticals Inc","0001305409","cleaned"
"1811949020","Valley National Gases Inc","0001030715","cleaned"
"2363490020","Valpey-Fisher Corp","0000085608","cleaned"
"2936217020","Valspar Corp","0000102741","cleaned"
"2532370020","Vanguard Health Systems Inc","0001045829","cleaned"
"1841461020","Vantagemed Corp","0001099531","cleaned"
"2693718020","Vaporin Inc","0001504937","cleaned"
"2094044020","Varian Inc","0001079028","cleaned"
"3615976020","Varian Medical Systems Inc","0000203527","cleaned"
"2306109020","Varian Semiconductor Equipment Associates Inc","0001079023","cleaned"
"3043629020","Vascular Solutions Inc","0001030206","cleaned"
"3237507020","Vectren Corp","0001096385","cleaned"
"1881567020","Ventana Medical Systems Inc","0000893160","cleaned"
"2111199020","Ventura Gold Corp","0001428913","cleaned"
"1768800020","Venture Catalyst Inc","0000318291","cleaned"
"2530765020","Veramark Technologies Inc","0000747605","cleaned"
"3232848020","Verifone Systems Inc","0001312073","cleaned"
"1789537020","Veritas DGC Inc","0000028866","cleaned"
"2470514020","Versant Corp","0000865917","cleaned"
"3848920020","Verso Corp","0001421182","cleaned"
"2954629020","Versus Technology Inc","0000842638","cleaned"
"1918592020","VerticalNet Inc","0001043946","cleaned"
"2354105020","Vertro Inc","0001094808","cleaned"
"1833317020","Vertrue Inc","0001020996","cleaned"
"2677056020","Viasystems Group Inc","0001101169","cleaned"
"2442207020","Viking Systems Inc","0001065754","cleaned"
"2191343020","Virage Logic Corp","0001050776","cleaned"
"2939874020","Virgin America Inc","0001614436","cleaned"
"2493405020","Virgin Media Inc","0001270400","cleaned"
"2094454020","Virgin Mobile USA Inc","0001396546","cleaned"
"2486598020","Virginia Commerce Bancorp Inc","0001099305","cleaned"
"2582616020","ViroPharma Inc","0000946840","cleaned"
"2184068020","Virtual Radiologic Corp","0001361579","cleaned"
"2939006020","VirtualScopics Inc","0001307752","cleaned"
"3088399020","Virtus Total Return Fund","0001310445","cleaned"
"3632732020","Virtusa Corp","0001207074","cleaned"
"1935772020","Visicu Inc","0001166463","cleaned"
"1793540020","Vision Bancshares Inc","0001095861","cleaned"
"1918401020","Visual Sciences Inc","0001091158","cleaned"
"2304134020","Vital Images Inc","0000912888","cleaned"
"1998532020","Vital Signs Inc","0000865846","cleaned"
"1801447020","VitalStream Holdings Inc","0000789851","cleaned"
"3439641020","Vitamin Shoppe Inc","0001360530","cleaned"
"2734436020","Vitesse Semiconductor Corp","0000880446","cleaned"
"1795381020","Vitria Technology Inc","0001050808","cleaned"
"3598399020","Vivint Solar Inc","0001607716","cleaned"
"2680134020","Volcano Corp","0001354217","cleaned"
"2305255020","Volcom Inc","0001324570","cleaned"
"2558355020","Volterra Semiconductor Corp","0001050550","cleaned"
"3833953020","Vonage Holdings Corp","0001272830","cleaned"
"3367907020","WABCO Holdings Inc","0001390844","cleaned"
"2433505020","WGI Heavy Minerals Inc","0001227767","cleaned"
"3064138020","WGL Holdings Inc","0001103601","cleaned"
"1959292020","WJ Communications Inc","0000105006","cleaned"
"3641417020","WPX Energy Inc","0001518832","cleaned"
"2449196020","WSB Holdings Inc","0001415022","cleaned"
"3667537020","Waddell & Reed Financial Inc","0001052100","cleaned"
"2272856020","Warner Music Group Corp","0001319161","cleaned"
"1766626020","Warrantech Corp","0000735571","cleaned"
"1796080020","Warrior Energy Services Corp","0000839871","cleaned"
"2578161020","Washington Banking Co","0001058690","cleaned"
"1871504020","Washington Group International Inc","0000906469","cleaned"
"3103245020","WashingtonFirst Bankshares Inc","0001476264","cleaned"
"1779409020","WatchGuard Technologies Inc","0001062019","cleaned"
"1726521020","Water Pik Technologies Inc","0001094286","cleaned"
"2810837020","Wausau Paper Corp","0000105076","cleaned"
"3258292020","Web.Com Group Inc","0001095291","cleaned"
"1881670020","Web.com Inc","0000854460","cleaned"
"1848850020","WebEx Communications Inc","0001109935","cleaned"
"3072244020","WebMD Health Corp","0001326583","cleaned"
"2290884020","Websense Inc","0001098277","cleaned"
"3747093020","Welbilt Inc","0001650962","cleaned"
"3371414020","WellCare Health Plans Inc","0001279363","cleaned"
"1838101020","Wellco Enterprises Inc","0000105532","cleaned"
"3485947020","Wellesley Bancorp Inc","0001526952","cleaned"
"3081741020","Wells Financial Corp","0000934739","cleaned"
"3422324020","Wesco Aircraft Holdings Inc","0001378718","cleaned"
"3098110020","West Corp","0001024657","cleaned"
"1764290020","West Corp","0001024657","cleaned"
"3121483020","West Marine Inc","0000912833","cleaned"
"3776701020","West Suburban Bancorp Inc","0000805080","cleaned"
"2039036020","Westaff Inc","0000931911","cleaned"
"1813402020","Westborough Financial Services Inc","0001087843","cleaned"
"1976645020","Western Asset Zenix Income Fund Inc","0000830142","cleaned"
"3307458020","Western Gas Partners LP","0001414475","cleaned"
"1770916020","Western Gas Resources Inc","0000856716","cleaned"
"3037475020","Western Refining Inc","0001339048","cleaned"
"3138151020","Western Refining Logistics LP","0001581908","cleaned"
"2422513020","Western Reserve Bancorp Inc","0001051473","cleaned"
"2480332020","Westway Group Inc","0001361872","cleaned"
"2169670020","White Electronic Designs Corp","0000013606","cleaned"
"2468609020","White River Capital Inc","0001318545","cleaned"
"2730759020","Whiting Petroleum Corp","0001255474","cleaned"
"1831863020","Whittier Energy Corp","0001108520","cleaned"
"3097373020","Whole Foods Market Inc","0000865436","cleaned"
"1841941020","Wild Oats Markets Inc","0000909990","cleaned"
"3304347020","Wildhorse Resource Development Corp","0001681714","cleaned"
"3229257020","Willbros Group Inc","0000895450","cleaned"
"3473708020","William Lyon Homes","0001095996","cleaned"
"1746190020","William Lyon Homes Inc","0001180186","cleaned"
"1889645020","Williams Scotsman International Inc","0000923144","cleaned"
"2051818020","Wilshire Enterprises Inc","0000107454","cleaned"
"1879009020","Wilsons The Leather Experts Inc","0001016607","cleaned"
"2079367020","Wind River Systems Inc","0000833829","cleaned"
"1792187020","Windrose Medical Properties Trust","0001173942","cleaned"
"2372537020","Winn-Dixie Stores Inc","0000107681","cleaned"
"1847046020","Winston Hotels Inc","0000920605","cleaned"
"1839154020","Witness Systems Inc","0001097338","cleaned"
"3114508020","Wolverine Bancorp Inc","0001500836","cleaned"
"1773766020","Woodhead Industries Inc","0000108215","cleaned"
"1856710020","World Air Holdings Inc","0000949240","cleaned"
"2689415020","Wright Medical Group Inc","0001137861","cleaned"
"2044727020","Wyeth","0000005187","cleaned"
"2404495020","X-Rite Inc","0000790818","cleaned"
"2279246020","XETA Technologies Inc","0000742550","cleaned"
"3292321020","XO Group Inc","0001062292","cleaned"
"2670080020","XRS Corp","0000854398","cleaned"
"2137370020","XTO Energy Inc","0000868809","cleaned"
"3108886020","Xactly Corp","0001322554","cleaned"
"3241927020","Xcerra Corp","0000357020","cleaned"
"2903359020","XenoPort Inc","0001130591","cleaned"
"1735275020","Xenogen Corp","0001116449","cleaned"
"3259528020","Xerium Technologies Inc","0001287151","cleaned"
"3646001020","Xilinx Inc","0000743988","cleaned"
"3264180020","Xplore Technologies Corp","0001177845","cleaned"
"2961672020","Xura Inc","0001549872","cleaned"
"2968535020","Yadkin Financial Corp","0001366367","cleaned"
"1805450020","Yankee Candle Co Inc","0001084242","cleaned"
"2789942020","Yodlee Inc","0001161315","cleaned"
"2126812020","Youbet.com Inc","0000814055","cleaned"
"2473757020","Young Innovations Inc","0000949874","cleaned"
"2953934020","Your Community Bankshares Inc","0000933590","cleaned"
"3069564020","ZELTIQ Aesthetics Inc","0001415336","cleaned"
"1830244020","ZEVEX International Inc","0000827056","cleaned"
"2395778020","ZOLL Medical Corp","0000887568","cleaned"
"2817886020","ZS Pharma Inc","0001459266","cleaned"
"2611012020","Zale Corp","0000109156","cleaned"
"2090433020","Zapata Corp","0000109177","cleaned"
"2145439020","Zareba Systems Inc","0000104987","cleaned"
"3381637020","Zayo Group Holdings Inc","0001608249","cleaned"
"3938992020","Zendesk Inc","0001463172","cleaned"
"2157140020","Zenith National Insurance Corp","0000109261","cleaned"
"2741377020","Zep Inc","0001408287","cleaned"
"2656033020","ZipRealty Inc","0001142512","cleaned"
"2483341020","Zipcar Inc","0001131457","cleaned"
"3827434020","Zix Corp","0000855612","cleaned"
"3278207020","Zoe's Kitchen Inc","0001594879","cleaned"
"2791658020","Zulily Inc","0001478484","cleaned"
"2627950020","Zygo Corp","0000730716","cleaned"
"3953858020","Zymergen Inc","0001645842","cleaned"
"2218207020","ZymoGenetics Inc","0001129425","cleaned"
"3859429020","Zynga Inc","0001439404","cleaned"
"1868950020","aQuantive Inc","0001071806","cleaned"
"3241705020","athenahealth Inc","0001131096","cleaned"
"2293198020","drugstore.com Inc","0001086467","cleaned"
"1867310020","eCollege.com","0001085653","cleaned"
"1881590020","eFunds Corp","0001109190","cleaned"
"2404497020","eResearchTechnology Inc","0001108888","cleaned"
"2188311020","ev3 Inc","0001318310","cleaned"
"2124946020","i2 Technologies Inc","0001009304","cleaned"
"3265226020","iCTC Group Inc","0001128735","cleaned"
"2745658020","iGATE Corp","0001024732","cleaned"
"3863811020","iGo Inc","0001075656","cleaned"
"2501322020","iParty Corp","0001078383","cleaned"
"3309341020","iPass Inc","0001053374","cleaned"
"1740229020","iVillage Inc","0001074767","cleaned"
"2959756020","inContact Inc","0001087934","cleaned"
"2169154020","inVentiv Health Inc","0001089473","cleaned"
"2162144020","infoGroup Inc","0000879437","cleaned"
"2291770020","optionsXpress Holdings Inc","0001299688","cleaned"
"2524195020","rue21 inc","0001471458","cleaned"
"2532345020","sTec Inc","0001102741","cleaned"
"2646335020","tw telecom inc","0001057758","cleaned"
"1856567020","webMethods Inc","0001035096","cleaned"
